Price,abs_returns,sq_returns,rv_5,rv_10,rv_20,rv_60,target_20d
Ticker,,,,,,,
Date,,,,,,,
2005-03-31,0.0018630875261986591,3.4710951302770395e-06,0.12189057704195808,0.10280991561106513,0.10814841918822836,0.10417152490823972,0.14787874878144433
2005-04-01,0.004502861370663656,2.027576052341498e-05,0.12964923440099446,0.1033985092779535,0.10861511081364876,0.10151729105205594,0.15674256674769463
2005-04-04,0.001701323571451214,2.8945018947755144e-06,0.12977796348967166,0.1038636990819069,0.09660700632327338,0.10058728566897102,0.15814609304454313
2005-04-05,0.004749410155440781,2.2556896824604023e-05,0.11415898407112347,0.10581485530481766,0.09916942120614738,0.1005203150727832,0.15716781718876802
2005-04-06,0.0034628047237283757,1.1991016554675553e-05,0.0607975997368293,0.08961118514340945,0.10049949664789341,0.10072135935649464,0.15934498998109323
2005-04-07,0.005381935967835078,2.8965234761876895e-05,0.0631933589122057,0.09163693959276847,0.09611873802885312,0.10086095304442189,0.1578472625246286
2005-04-08,0.010453646196456154,0.00010927871880068222,0.10379236797574133,0.11078935005972836,0.10168192399516121,0.10216430955835762,0.15397617893348886
2005-04-11,0.0007623507053823698,5.811785979969968e-07,0.10358848942763996,0.11071816119859737,0.09944694348349067,0.10195127622300948,0.15572289620529534
2005-04-12,0.005152370234635472,2.6546919034757594e-05,0.10459573930890377,0.10452514028054856,0.09852884185031767,0.10108850361461388,0.15851413573042877
2005-04-13,0.011864825593752529,0.00014077408637016504,0.13325371884129003,0.1006427946445989,0.1028460232182636,0.10350396756218004,0.15449275209992788
2005-04-14,0.013129334473843958,0.0001723794237260674,0.1316531091506558,0.11845442075038773,0.10845824436428282,0.10459004159388144,0.15232772177898174
2005-04-15,0.014091767577342368,0.0001985779134538376,0.14171804758334214,0.1332671550004131,0.11681456641684863,0.1063005688285764,0.14317866810927504
2005-04-18,0.0030615706890404592,9.373215083991673e-06,0.14997748372756123,0.1347299282244327,0.11812875772400717,0.10590134171795754,0.14622539088069836
2005-04-19,0.007916414887526597,6.266962467145275e-05,0.16377749496200233,0.140447605245557,0.1226684138508707,0.10654211229061143,0.14550062243472384
2005-04-20,0.014048958272968114,0.0001973732285555992,0.16965152861162391,0.14738860970843584,0.12710229644060186,0.11024387457996593,0.13766491817474852
2005-04-21,0.019233996145602273,0.0003699466077290431,0.22964364103311175,0.1842237765150077,0.14657123612271714,0.11716283902042672,0.122412504040257
2005-04-22,0.0038000348321602095,1.4440264725630872e-05,0.1981508448762511,0.17939397844570876,0.14691095592766454,0.11723437450704383,0.1213620476696556
2005-04-25,0.006554602044224065,4.296280795814629e-05,0.20034450620214464,0.1842549663805574,0.14899269073733706,0.11798498005336869,0.12084867186551906
2005-04-26,0.009761050589620126,9.52781086131234e-05,0.21288086232602485,0.18438426394734117,0.15110106695409356,0.11963691639093793,0.11440796094465536
2005-04-27,0.003898279958523458,1.5196586635025652e-05,0.17494689668376956,0.18007671682540324,0.14208478531744456,0.11919951460329457,0.11448538191085492
2005-04-28,0.012617286020711313,0.0001591959065284371,0.1322489117637538,0.17916018733693662,0.14787874878144433,0.12101471307710746,0.10197152765199992
2005-04-29,0.013482082104060778,0.00018176653786063592,0.17639916602710196,0.17778403999914288,0.15674256674769463,0.12421133444027169,0.09335174092827274
2005-05-02,0.0055998818929463125,3.135867721494798e-05,0.17438913835669048,0.17890460131963487,0.15814609304454313,0.12473606984919687,0.09673809400840995
2005-05-03,0.0017167507032236887,2.9472329770190294e-06,0.15086652163679,0.17549472171922914,0.15716781718876802,0.12272641793571278,0.10006048144496399
2005-05-04,0.00768873112009906,5.9116586237179746e-05,0.15554031767848314,0.15606212263984715,0.15934498998109323,0.12383554143216326,0.09752326417733062
2005-05-05,0.00034031385029531454,1.1581351670282175e-07,0.0858004448197268,0.1281973730411465,0.1578472625246286,0.12379815321856925,0.10003012699170204
2005-05-06,0.0031549645842125656,9.953801527635567e-06,0.06964717529514412,0.12752610909930087,0.15397617893348886,0.1230360160589108,0.09906847185019002
2005-05-09,0.006215534868029593,3.8632873695691646e-05,0.07159367950364265,0.12714621189551717,0.15572289620529534,0.12350155208175824,0.09731491980746056
2005-05-10,0.010408987553620698,0.0001083470218914306,0.11669817523305302,0.12875206738607248,0.15851413573042877,0.12386824199797306,0.08836343487760968
2005-05-11,0.005472941317878675,2.9953086668943567e-05,0.10825572087370447,0.12991079235863776,0.15449275209992788,0.12447404663315305,0.08795364265329297
2005-05-12,0.011063578488232048,0.00012240276896527093,0.13181714906505101,0.12538358534321578,0.15232772177898174,0.12605255938411739,0.0762737014233709
2005-05-13,0.00198583140060312,3.9435263516213495e-06,0.13176153954261918,0.10672117808591598,0.14317866810927504,0.12605054268683286,0.07506309024699914
2005-05-16,0.009289796204820965,8.630031352710601e-05,0.14545411812090706,0.1135562481122235,0.14622539088069836,0.12672599197938525,0.07006655624031367
2005-05-17,0.006655875021904585,4.4300672307213366e-05,0.13111893228551627,0.11785473712424523,0.14550062243472384,0.12750725291254217,0.06760316758784446
2005-05-18,0.010237954640368445,0.00010481571521824176,0.14358785687269954,0.12260360083742863,0.13766491817474852,0.1255896561285066,0.05939055583736184
2005-05-19,0.004200967000475351,1.764812373908287e-05,0.07765150672085755,0.12323609127682236,0.122412504040257,0.12502801401352423,0.05906702682102354
2005-05-20,0.0014260873834068834,2.033725225112291e-06,0.07419508843996803,0.12168535809542795,0.1213620476696556,0.12431209688597208,0.058411392185339035
2005-05-23,0.0055249837452505295,3.0525445385282566e-05,0.06752697711716275,0.12101839905609985,0.12084867186551906,0.12314593306110135,0.05608982539397188
2005-05-24,0.002340222549671785,5.47664158199231e-06,0.08249676103848848,0.10410246556670247,0.11440796094465536,0.1225004023405514,0.054773183815880054
2005-05-25,0.0007534461677240978,5.676811276581293e-07,0.05658918310902418,0.1037428133553592,0.11448538191085492,0.12205257215625938,0.07688823501492391
2005-05-26,0.005345150335069058,2.8570632104488868e-05,0.06102332271896729,0.0754725235137877,0.10197152765199992,0.1225752966300268,0.07922954122799597
2005-05-27,0.001664692342792631,2.771200596152419e-06,0.05617227135283186,0.07011125908209097,0.09335174092827274,0.12262405110827267,0.07915825830513626
2005-05-31,0.00642364413313641,4.126320394917782e-05,0.0698261291755779,0.07963783004426696,0.09673809400840995,0.12050770532643174,0.08124947734970259
2005-06-01,0.008500783255558144,7.226331595797771e-05,0.09103530986370371,0.08295315110494124,0.10006048144496399,0.12186594777269193,0.07613898785141297
2005-06-02,0.002155069687877363,4.644325359607835e-06,0.08846956436537665,0.0707380719156968,0.09752326417733062,0.12174164143285678,0.07793633601583883
2005-06-03,0.005063974842294959,2.564384120339626e-05,0.09605295118091646,0.07642513160124377,0.10003012699170204,0.12000788989866505,0.0768282975965276
2005-06-06,0.0009158359953411305,8.387555703624793e-07,0.09526114122082464,0.07606633264642772,0.09906847185019002,0.11992601107153704,0.08185939641281494
2005-06-07,0.0007493997365373902,5.615999651223099e-07,0.07860076027515066,0.07133717658685607,0.09731491980746056,0.11906130208423935,0.08758977785443273
2005-06-08,0.0018328168166167908,3.359217483273307e-06,0.04364027241913151,0.07085684627401277,0.08836343487760968,0.11841711796431278,0.08843337118505404
2005-06-09,0.004741925736018729,2.2485859685916763e-05,0.0571325639551756,0.07378638967712639,0.08795364265329297,0.11757865309943102,0.09573697256804149
2005-06-10,0.0023267031652612334,5.413547619236642e-06,0.04533580896577434,0.07081305679653606,0.0762737014233709,0.11631273194440067,0.09640441445373525
2005-06-13,0.003156564654731416,9.963900419499663e-06,0.048770554715097364,0.07210560875773996,0.07506309024699914,0.11641177724338382,0.09625811677615302
2005-06-14,0.0023192859063302512,5.379087115302135e-06,0.04973379595050745,0.06201810788137406,0.07006655624031367,0.11629402952688997,0.09613195555905005
2005-06-15,0.0019013636930560172,3.6151838932716164e-06,0.041758718145816325,0.04718634989185612,0.06760316758784446,0.11602987034072587,0.0966881201585656
2005-06-16,0.002556437650454252,6.535373460660056e-06,0.03490042115875694,0.047624276298538236,0.05939055583736184,0.11396622067538498,0.09663486299553929
2005-06-17,0.00369854659657597,1.3679246927043692e-05,0.011240184656523723,0.0381930196835808,0.05906702682102354,0.11413911358699494,0.09742150658229903
2005-06-20,0.00032989886396520923,1.0883326044553563e-07,0.019386760565368522,0.03655026804907112,0.058411392185339035,0.11413609547273083,0.09905709708745043
2005-06-21,0.000576485586896672,3.323356318996003e-07,0.02223047498831155,0.03666371987999972,0.05608982539397188,0.11412438030728735,0.09953310985370226
2005-06-22,0.000822369981710024,6.762923868177452e-07,0.023255023013963934,0.03200830716576364,0.054773183815880054,0.11310041729888858,0.10229637612063804
2005-06-23,0.014165420160519814,0.0002006591283240612,0.11230159462085063,0.08303360333620485,0.07688823501492391,0.11372802962403857,0.08856503038903706
2005-06-24,0.007369433505181659,5.430855018729404e-05,0.10578570822522386,0.0903354545252353,0.07922954122799597,0.11473127978314412,0.08387363520192025
2005-06-27,0.001428039339775493,2.039296355946426e-06,0.10883536970540944,0.08871571352584778,0.07915825830513626,0.11433372247364099,0.08388736677567254
2005-06-28,0.008357606668219442,6.984958922066608e-05,0.1383119051628674,0.09920069325518086,0.08124947734970259,0.11548777840824452,0.0805480925042143
2005-06-29,0.002666875746461733,7.112226247065826e-06,0.1357256725387144,0.09915933769351921,0.07613898785141297,0.11530038483303097,0.08068244418207843
2005-06-30,0.0054390128459864415,2.958286073880553e-05,0.09926901085824053,0.10005449760011402,0.07793633601583883,0.11569894457993896,0.0822994560461029
2005-07-01,0.0029327562962811584,8.601059493376777e-06,0.0843480198758248,0.09902120326939029,0.0768282975965276,0.11533405947526247,0.08270153638402886
2005-07-05,0.00799914281101495,6.398628571101216e-05,0.09853625654215367,0.10991637491821513,0.08185939641281494,0.11431224226127215,0.08094245008664745
2005-07-06,0.008417354351912527,7.085185428566076e-05,0.10466396066263257,0.11597714906490922,0.08758977785443273,0.1157323869063038,0.07180723075870328
2005-07-07,0.003925345166373418,1.5408334675171154e-05,0.10889670686917739,0.11884135415064881,0.08843337118505404,0.11553809445587701,0.0799878669724248
2005-07-08,0.01135672082835498,0.00012897510797319183,0.11892082488745771,0.11049708860248203,0.09573697256804149,0.11494485141183935,0.07635316812677241
2005-07-11,0.00509782820684051,2.5987852426458735e-05,0.11919516705375599,0.10067844815537391,0.09640441445373525,0.11164902376526606,0.07495042306599889
2005-07-12,0.0026204225948998263,6.866614575861539e-06,0.11379852339939227,0.10051489162181344,0.09625811677615302,0.10720847499458581,0.07728210049296609
2005-07-13,0.0013900284176107055,1.932179001765322e-06,0.06158015057925293,0.09524177463608044,0.09613195555905005,0.10713995049219986,0.07726961913143097
2005-07-14,0.00391269095859108,1.530915053744038e-05,0.06159254879907259,0.09212293728282676,0.0966881201585656,0.10637673581240809,0.07730188943642642
2005-07-15,0.0005698208196139659,3.2469576646553183e-07,0.03497283087021522,0.08312046792506428,0.09663486299553929,0.10165081847068543,0.080672298072459
2005-07-18,0.003996948749084035,1.5975599302804437e-05,0.049028329552899055,0.09030418673447221,0.09742150658229903,0.09512486662108162,0.08189289281526427
2005-07-19,0.005461092045776643,2.982352633244492e-05,0.05922940637777404,0.08666991171353934,0.09905709708745043,0.095041413079532,0.09299741775832533
2005-07-20,0.003407899821636506,1.1613781194310129e-05,0.06125060791218723,0.06391700482692508,0.09953310985370226,0.09448840892331677,0.0919560932281911
2005-07-21,0.005849634859755804,3.4218227992470304e-05,0.0759147338010611,0.07829002531615208,0.10229637612063804,0.09290259909877299,0.08976268227931422
2005-07-22,0.006659701547233204,4.435162469822033e-05,0.09033330263267086,0.06556377662270896,0.08856503038903706,0.09342607820935114,0.08660711547845415
2005-07-25,0.0028368828789155135,8.047904468683973e-06,0.086473090835628,0.06652626125248186,0.08387363520192025,0.08932264371447528,0.0861478122471466
2005-07-26,0.0012167277446757105,1.4804264046636411e-06,0.07871989023200673,0.0659513517551092,0.08388736677567254,0.08565716307577736,0.08612913895654974
2005-07-27,0.003641868104409558,1.3263203289915668e-05,0.07927627812799896,0.06739247384869733,0.0805480925042143,0.08531362969452067,0.0897298907469645
2005-07-28,0.006281375564872541,3.945567898697783e-05,0.06240812998055958,0.07110279969825717,0.08068244418207843,0.08596654280144864,0.08730337579835512
2005-07-29,0.006685463639874233,4.4695424080080424e-05,0.08188049581989454,0.08156414625460805,0.0822994560461029,0.08635679798251551,0.08744196457527065
2005-08-01,0.0007275893056013235,5.293861976254161e-07,0.0780301639522984,0.07782442443844137,0.08270153638402886,0.08638476403877655,0.0929757170437101
2005-08-02,0.005966691421730664,3.560140652215429e-05,0.08664834881506947,0.07866245003166342,0.08094245008664745,0.08656802677364252,0.09065945523018264
2005-08-03,0.002649528572211684,7.020001654966083e-06,0.08552302598940481,0.07813179727693736,0.07180723075870328,0.08597001581761564,0.10252379394152185
2005-08-04,0.008050130784045774,6.480460564024142e-05,0.0950068546042624,0.08411042711820907,0.0799878669724248,0.08475850218615295,0.09895052355636375
2005-08-05,0.006812491899693173,4.6410045883385095e-05,0.09545785656908415,0.08506640027513002,0.07635316812677241,0.08575702677607458,0.09627203435360958
2005-08-08,0.0018731257307692064,3.5086000032696736e-06,0.09529971991050715,0.08447188727876646,0.07495042306599889,0.08230240364742927,0.10480041053200546
2005-08-09,0.0060146453000749925,3.61759580857142e-05,0.09554065277888403,0.09033571122060195,0.07728210049296609,0.08269355578473593,0.10284915456263549
2005-08-10,0.00048631626552628286,2.3650351011543006e-07,0.08910056782836609,0.08807636245799666,0.07726961913143097,0.08098615395982761,0.10359049851659975
2005-08-11,0.003965341616843884,1.5723934138274066e-05,0.08013264288716172,0.08384302356611749,0.07730188943642642,0.08036520922352261,0.10742626608271848
2005-08-12,0.006156969049347456,3.790826787462251e-05,0.07659546803163604,0.08280520965422138,0.080672298072459,0.07927018149048279,0.10509585995704353
2005-08-15,0.006156969049347467,3.7908267874622654e-05,0.08321898476155155,0.08934788976807856,0.08189289281526427,0.07974376350910728,0.10499534466856031
2005-08-16,0.013088149103203531,0.0001712996469476874,0.12413864351941002,0.10446331139253082,0.09299741775832533,0.08450398847752187,0.09426223254536392
2005-08-17,8.166616560648802e-05,6.669362604866327e-09,0.12446624484903296,0.10210241390370792,0.0919560932281911,0.0838569755908311,0.0943011281636212
2005-08-18,8.176440073192622e-05,6.685417227051018e-09,0.11557052339560737,0.09666236299334637,0.08976268227931422,0.08366922506954634,0.09721538673166964
2005-08-19,0.002288432966410073,5.236925441752407e-06,0.11497745238917353,0.09269863256634872,0.08660711547845415,0.08371641720836737,0.09807232487503431
2005-08-22,0.0,0.0,0.09802165083628611,0.0923040293521729,0.0861478122471466,0.08310652829074218,0.10310182158361948
2005-08-23,0.0018794032171591914,3.532156452668319e-06,0.023506030962265008,0.08582867782948506,0.08612913895654974,0.08319347233316673,0.10826749403499034
2005-08-24,0.008957088900009975,8.022944156268189e-05,0.06832977090556079,0.09466404715172749,0.0897298907469645,0.08422886767311971,0.10407784689446355
2005-08-25,0.003625595503873935,1.3144942757710892e-05,0.07829260630647979,0.094100030404116,0.08730337579835512,0.08278124520857598,0.1033598044474971
2005-08-26,0.006849876556536964,4.692080883979469e-05,0.0810557568265707,0.09505420620321259,0.08744196457527065,0.08392998185515525,0.10002050097524677
2005-08-29,0.007671803130156566,5.885656326788008e-05,0.11070125514451572,0.09887102126570434,0.0929757170437101,0.08465960954582118,0.09642811146697768
2005-08-30,0.005273298696699244,2.7807679144609948e-05,0.11442276116758301,0.07966232462864245,0.09065945523018264,0.08539020502016778,0.0942908962345614
2005-08-31,0.012560442097084502,0.00015776470567421252,0.13209131753921538,0.10483799558439232,0.10252379394152185,0.08906255244505427,0.08781534717910204
2005-09-01,0.0007344769492231926,5.394563889402083e-07,0.13305553050561242,0.10495750949353927,0.09895052355636375,0.08897315150995054,0.08829895310424615
2005-09-02,0.0017977437605104724,3.2318826284543345e-06,0.11700804161798584,0.104734414200901,0.09627203435360958,0.088625676984593,0.08912142613230839
2005-09-06,0.011627343506502,0.00013519511701819422,0.13063068566505517,0.1203437260264495,0.10480041053200546,0.09142028727580032,0.08781368818557017
2005-09-07,0.0016966216779878275,2.8785251182182316e-06,0.10956422813729362,0.11928277872558855,0.10284915456263549,0.09129105862581964,0.09757920216645934
2005-09-08,0.003314498273451034,1.0985898804709884e-05,0.0944663399411368,0.10849720313890013,0.10359049851659975,0.0915468590146504,0.09765333182729181
2005-09-09,0.008867225472645682,7.862768758273645e-05,0.10427177891489002,0.11386088497608722,0.10742626608271848,0.09312540343972667,0.0916809122715718
2005-09-12,0.00200819723043843,4.03285611634058e-06,0.10494324232779582,0.10504657294489923,0.10509585995704353,0.09317379638152008,0.0946764262917897
2005-09-13,0.0055643728687915055,3.096224542294301e-05,0.0896123767967133,0.10924572905952484,0.10499534466856031,0.0937338942390291,0.09383505145657352
2005-09-14,0.0036454308519266376,1.328916609617857e-05,0.09101188761484078,0.10665034395421144,0.09426223254536392,0.09408421579972079,0.09603183168807695
2005-09-15,0.00048720842711662076,2.3737205145345156e-07,0.08893213870483328,0.08819967170785875,0.0943011281636212,0.09409354247823366,0.09600742548050197
2005-09-16,0.00708568858946619,5.0206982786891365e-05,0.07714285167557822,0.09378417768495878,0.09721538673166964,0.09513205849912858,0.10101279758611642
2005-09-19,0.003325521013757589,1.1059090012943302e-05,0.07885717973379881,0.09547091490029565,0.09807232487503431,0.09055971671255168,0.10284747530778177
2005-09-20,0.00848513974061083,7.199759641769324e-05,0.09088025819619439,0.08627724059013668,0.10310182158361948,0.09100233802854335,0.1052936267951899
2005-09-21,0.009384113622182694,8.80615884740348e-05,0.10617906071107945,0.09442142957715159,0.10826749403499034,0.09320018990063593,0.11956427901893615
2005-09-22,0.0035502012947238753,1.260392923305908e-05,0.11546758961085611,0.0980186990598998,0.10407784689446355,0.09194056130301165,0.13323175545936713
2005-09-23,0.0008232488874539561,6.777387306941764e-07,0.08973259642010213,0.08148872495948588,0.1033598044474971,0.09174807218093256,0.1343976214231991
2005-09-26,0.0011522357391706684,1.3276471986221765e-06,0.09531176959285562,0.08316350330767577,0.10002050097524677,0.0909803419351998,0.146855734646455
2005-09-27,0.0002463441776025507,6.068545383867703e-08,0.07911883969885562,0.0807226413891518,0.09642811146697768,0.09083596292567377,0.14692076112536429
2005-09-28,0.0009863863101452091,9.729579528418806e-07,0.02215487766789751,0.08029595968412331,0.0942908962345614,0.08943993744180856,0.14696117675237247
2005-09-29,0.008104158210453549,6.567738030006167e-05,0.053423847327429635,0.09205371397401639,0.08781534717910204,0.08902278052037702,0.14674339837368325
2005-09-30,0.003093435788328877,9.5693449765139e-06,0.052252858354110865,0.08542386307678576,0.08829895310424615,0.08890264878387918,0.1568289246293521
2005-10-03,0.0035826628769917066,1.2835473290174493e-05,0.06880950341711697,0.08568206756796,0.08912142613230839,0.08634160723874401,0.15723560168149966
2005-10-04,0.01132017106344747,0.00012814627290571342,0.11657850905684755,0.09395611367098723,0.08781368818557017,0.08891841531311113,0.152946603902348
2005-10-05,0.013203342666702582,0.00017432825757436886,0.14492319290083172,0.10514958043024088,0.09757920216645934,0.09273697810456334,0.14945053501105884
2005-10-06,0.003600853331479322,1.2966144714825732e-05,0.10472903219065076,0.1024557871265962,0.09765333182729181,0.09291430588740318,0.14893019212885925
2005-10-07,0.0034340467197948657,1.1792676873733876e-05,0.10654754848632547,0.1051164892780158,0.0916809122715718,0.09282510359243384,0.1489685098566881
2005-10-10,0.008480647665023626,7.192138481827068e-05,0.10622054005993486,0.10930344066189807,0.0946764262917897,0.09429729146747512,0.1446772524202239
2005-10-11,0.0014341317675825617,2.0567339267894827e-06,0.10184075738251964,0.10878471775119158,0.09383505145657352,0.09403897321181046,0.1443797744667056
2005-10-12,0.007883455111248263,6.214886449106637e-05,0.0779053761757212,0.10970467616291442,0.09603183168807695,0.09441886331016595,0.14001027587784703
2005-10-13,0.0005961937295895546,3.5544696320190297e-07,0.08075449053207684,0.09107711573582558,0.09600742548050197,0.09403161372336265,0.1410485971234284
2005-10-14,0.0105041886226646,0.00011033797862051642,0.12151239297142252,0.11300937230918313,0.10101279758611642,0.09619953349092786,0.13789043342674934
2005-10-17,0.003700810444482373,1.3695997945989818e-05,0.10793267799352538,0.11883468110055034,0.10284747530778177,0.09544864304867065,0.1380649966716314
2005-10-18,0.010889284075530338,0.00011857650767759861,0.1374272092699566,0.1179953136114406,0.1052936267951899,0.09767763571515592,0.13140813369740784
2005-10-19,0.01649852022408864,0.0002722011695846618,0.1667391077582341,0.13756847505786618,0.11956427901893615,0.10377053639472911,0.120152859931209
2005-10-20,0.01777247264304668,0.00031586078384784265,0.22864784443363384,0.1641439528192799,0.13323175545936713,0.10932422969790877,0.09903522318383876
2005-10-21,0.003901599052285412,1.5222475164794426e-05,0.21465784974078259,0.16453718192317937,0.1343976214231991,0.10877564042461406,0.09903824983359501
2005-10-24,0.015372813149958925,0.00023632338414355004,0.24439403645554716,0.178173456852053,0.146855734646455,0.11300153204993658,0.08790896828053124
2005-10-25,0.0020028396361068575,4.01136660796065e-06,0.2234353771994705,0.1784262278272842,0.14692076112536429,0.11304530577341204,0.08659271462405611
2005-10-26,0.0029278927312705663,8.572555845827016e-06,0.19076496591328942,0.17310798252124612,0.14696117675237247,0.11235052846218947,0.08460658705716403
2005-10-27,0.010696091965249593,0.00011440638332907691,0.15388351664550456,0.1837585603280153,0.14674339837368325,0.11401065915833015,0.06792932694496816
2005-10-28,0.014291826724194769,0.00020425631111440777,0.18241148736943605,0.19035776032019674,0.1568289246293521,0.11712597076244469,0.06604537383325586
2005-10-31,0.002751128922833187,7.568710350049291e-06,0.1460140309184223,0.19003259781548318,0.15723560168149966,0.11655101795309418,0.0673486419000885
2005-11-01,0.0029922463170395483,8.95353802183674e-06,0.14539193825423777,0.17843909381157808,0.152946603902348,0.11669810182299983,0.07278447944911307
2005-11-02,0.010403047895900894,0.00010822340552440801,0.1517360889383998,0.1670629136742871,0.14945053501105884,0.11803919562757845,0.07240932357809035
2005-11-03,0.004261793765033531,1.816288609567868e-05,0.08185238831110131,0.12728752530409485,0.14893019212885925,0.11838237701557354,0.07194172720597317
2005-11-04,0.0013097596733634815,1.7154704019692137e-06,0.06719709214032485,0.12987300379878222,0.1489685098566881,0.11810707391851442,0.07247526444821178
2005-11-07,0.0009824121847961734,9.651337008359907e-07,0.07008035757255836,0.11120908110698512,0.1446772524202239,0.11746352479143013,0.07241147573797987
2005-11-08,0.0,0.0,0.07443864129163476,0.10969802992208821,0.1443797744667056,0.11675126954406514,0.07720846030111607
2005-11-09,0.001308201338027677,1.7113907408174043e-06,0.03278173330763696,0.10629721069755929,0.14001027587784703,0.11362018581318883,0.07759632468251022
2005-11-10,0.007731999620377223,5.9783818129513524e-05,0.055556837031216416,0.07899642788480063,0.1410485971234284,0.11469157382273036,0.07415463671518756
2005-11-11,0.00339945345896439,1.1556283819664957e-05,0.04891966758904902,0.056220114848224624,0.13789043342674934,0.11487348446094799,0.07369834534077638
2005-11-14,0.0005656685795884354,3.1998094193359803e-07,0.05334706588835259,0.05942198278958114,0.1380649966716314,0.11480962551351108,0.07610035786199101
2005-11-15,0.0036447986254425895,1.328455702002819e-05,0.06786798915290904,0.06792884243149679,0.13140813369740784,0.11508428787644973,0.07410461939419936
2005-11-16,0.002026618189027173,4.107181284095778e-06,0.06783445689709786,0.050608009052544915,0.120152859931209,0.11506483161696011,0.07596237901352997
2005-11-17,0.009269225566985532,8.591854261165826e-05,0.07662645403137831,0.06316805442185619,0.09903522318383876,0.11490493370275487,0.07201895146531585
2005-11-18,0.003923441113645769,1.539339017224595e-05,0.07727512433886882,0.061105622481253015,0.09903824983359501,0.11494066546058655,0.07422533815784839
2005-11-21,0.005022644561511686,2.5226958391282915e-05,0.07481158863984896,0.061763794693295807,0.08790896828053124,0.11424961700658469,0.0723145359072174
2005-11-22,0.004284531241523918,1.835720795959449e-05,0.04251718505453118,0.05995206250457401,0.08659271462405611,0.11358165235818382,0.07096095125581674
2005-11-23,0.005763061898323168,3.321288244390424e-05,0.03400131779398772,0.06002966807456398,0.08460658705716403,0.11335831802653061,0.07041901369752994
2005-11-25,0.0007871768868652474,6.196474512148624e-07,0.030280010987316915,0.057088289956693246,0.06792932694496816,0.11071129400586102,0.07039487727400466
2005-11-28,0.007104351524600414,5.047181058509223e-05,0.08421171478251631,0.07628925903651228,0.06604537383325586,0.1118225286085786,0.07534570305272138
2005-11-29,0.0011103844506568867,1.232953628260596e-06,0.08036703268169305,0.07684442265325304,0.0673486419000885,0.11176917046587709,0.0756468956682254
2005-11-30,0.0054075535046356335,2.924163490549712e-05,0.08124590681949048,0.0808261335622113,0.07278447944911307,0.1100184376417003,0.07479956332027332
2005-12-01,0.010155174732842718,0.00010312757385456717,0.10744861117472725,0.09124640246681866,0.07240932357809035,0.11182798017449634,0.06732230086870082
2005-12-02,0.0012620884239775102,1.5928671899380355e-06,0.1078691241858151,0.08326107472821549,0.07194172720597317,0.11156460943993925,0.09289046619717208
2005-12-05,0.002130682624255694,4.539808445305131e-06,0.0933097582560591,0.08439048816945627,0.07247526444821178,0.11031847971097013,0.0937869830956875
2005-12-06,0.001894134891918193,3.5877469887819446e-06,0.09236718224257308,0.08179430095394696,0.07241147573797987,0.11025453444683356,0.0936535377532581
2005-12-07,0.005852509670773259,3.425186944649452e-05,0.0943905735161187,0.08558090600007986,0.07720846030111607,0.11032265480599425,0.09440992015539523
2005-12-08,0.0006344782469166638,4.02562645810443e-07,0.04919136645806769,0.07891975215878662,0.07759632468251022,0.11002396509035546,0.09427224855943765
2005-12-09,0.002615668320996404,6.841720765464148e-06,0.0539784585744735,0.08047700294624642,0.07415463671518756,0.11009553915194378,0.09415897087277729
2005-12-12,0.000949698660635841,9.019275460135103e-07,0.05370107036492121,0.07205338353365284,0.07369834534077638,0.10924165373987015,0.09438946372368898
2005-12-13,0.006777573643580367,4.593550449415525e-05,0.0733326282797002,0.07869075218904116,0.07610035786199101,0.10973368467823025,0.09393856130081456
2005-12-14,0.0039198571825138475,1.53652803313054e-05,0.04511040843600997,0.07111351870227885,0.07410461939419936,0.10830099411610634,0.09341023479843936
2005-12-15,0.0028991330725641716,8.404972572435374e-06,0.057028399235859645,0.05756333912873765,0.07596237901352997,0.10650496220811671,0.09332489832128298
2005-12-16,0.0032234197908287943,1.0390435147906747e-05,0.0686900111752698,0.06043005388144232,0.07201895146531585,0.10668323170193746,0.09377644316359272
2005-12-19,0.005157336306716233,2.659811778057344e-05,0.08196015436331272,0.06532829767809721,0.07422533815784839,0.1073708320640644,0.09189678005332548
2005-12-20,0.0009540179861661076,9.101503179284354e-07,0.058035143177125235,0.0646673277170082,0.0723145359072174,0.10736775133123383,0.11490371696168368
2005-12-21,0.0015884498682046761,2.523172983799453e-06,0.04598016508052872,0.05696217313787091,0.07096095125581674,0.10736738547079641,0.11546659151349264
2005-12-22,0.005223092146090521,2.7280691566552485e-05,0.06527245281586098,0.06116185444861227,0.07041901369752994,0.10776744278922423,0.11397469986974869
2005-12-23,0.0005521635523808987,3.048845885778934e-07,0.05919478597718901,0.06058072112859074,0.07039487727400466,0.10667567502262167,0.11400262707433899
2005-12-27,0.01022840599994231,0.00010462028929965586,0.09219148538909831,0.08226745329417233,0.07534570305272138,0.10883673417393928,0.10892233948992998
2005-12-28,0.0022289658384397316,4.968288708931335e-06,0.0937861355079088,0.07415803737366991,0.0756468956682254,0.10857657037652939,0.1129387261469218
2005-12-29,0.00446308811234347,1.9919155498541598e-05,0.09660958216479165,0.07141137954444349,0.07479956332027332,0.10627011882095196,0.11127780269026573
2005-12-30,0.005446571290450636,2.9665138821961103e-05,0.07906441687965053,0.07386918167194399,0.06732230086870082,0.10310065168633101,0.11299172277792346
2006-01-03,0.01743566025240103,0.0003040022484371571,0.17081337296599397,0.12067296604600163,0.09289046619717208,0.1081930098459689,0.09815230148151463
2006-01-04,0.004724510857454682,2.2321002842207178e-05,0.1461284406252656,0.11840646830809996,0.0937869830956875,0.10834387400104532,0.10608901019182737
2006-01-05,0.0006282574634898778,3.947074404307351e-07,0.14702779322342285,0.11844108635737895,0.0936535377532581,0.1064862493808934,0.10739636133217377
2006-01-06,0.008287297047252064,6.867929234939278e-05,0.13602417363098868,0.1236759229241587,0.09440992015539523,0.10728926055351974,0.10308349137440681
2006-01-09,0.0025657809062695643,6.583231658977467e-06,0.10518891718365136,0.12238589153528004,0.09427224855943765,0.10553343206649002,0.10620788183558388
2006-01-10,0.0010089105220922536,1.0179004415884637e-06,0.050027727896027156,0.12229486646145554,0.09415897087277729,0.10544103977947163,0.11218040620100599
2006-01-11,0.003176029129319355,1.008716103028506e-05,0.0487193909553152,0.10270989066578458,0.09438946372368898,0.10386793885202153,0.11116305855937555
2006-01-12,0.0039520833511791685,1.5618962814667568e-05,0.06983293292043223,0.10855425744200026,0.09393856130081456,0.1043643145641947,0.11110970630895822
2006-01-13,0.0009320090762829641,8.686409182738241e-07,0.04592580228101308,0.10364275893875356,0.09341023479843936,0.10131004960028397,0.11116326978734688
2006-01-17,0.0027234398178725954,7.417124441573915e-06,0.04536538970312482,0.09838097326457385,0.09332489832128298,0.09675869897380908,0.11802556429026913
2006-01-18,0.003982410480621259,1.585959323616205e-05,0.047419824171264426,0.06285586469039098,0.09377644316359272,0.08900336268955726,0.11786183769819278
2006-01-19,0.003826178596433324,1.4639642651804482e-05,0.051652412473714014,0.06146377871509314,0.09189678005332548,0.08899468513903204,0.12005205328336825
2006-01-20,0.01840502029156291,0.0003387447719328425,0.13253393885857565,0.11436587727793784,0.11490371696168368,0.09326978089137318,0.09857314885641569
2006-01-23,0.0035658510495728663,1.2715293707739911e-05,0.14343936889386627,0.10562123657808409,0.11546659151349264,0.09322698688197115,0.09891783944704044
2006-01-24,0.001027655174557426,1.0560751577946536e-06,0.14721322919979063,0.10420133304366294,0.11397469986974869,0.09286769638644796,0.10065556106405871
2006-01-25,0.0008688581531330446,7.549144902657652e-07,0.14876554026652086,0.10410024089768799,0.11400262707433899,0.08958003473563343,0.10105726781511282
2006-01-26,0.005511527348595701,3.0376933714318362e-05,0.15321236974542982,0.1077913602594287,0.10892233948992998,0.0858516516715166,0.09982284546582931
2006-01-27,0.00922248666539613,8.505426029340944e-05,0.055207431133457996,0.11915625978019254,0.1129387261469218,0.08739123465310933,0.09473041875566737
2006-01-30,0.0007783145278507734,6.057735042635723e-07,0.06525437837636798,0.11913239142244487,0.11127780269026573,0.0874055136319681,0.10102733733690666
2006-01-31,0.007345693768648219,5.395921694275728e-05,0.10026244727271749,0.12404662697480762,0.11299172277792346,0.08695024595375178,0.1019364562661485
2006-02-01,0.0069561365885689235,4.83878362388273e-05,0.1069546005024303,0.12790939554986785,0.09815230148151463,0.08757394015854512,0.09925905754231978
2006-02-02,0.011672869613582472,0.00013625588501569701,0.14235031076379898,0.13956954565058324,0.10608901019182737,0.09119242602170881,0.09071397782829586
2006-02-03,0.004977254083905351,2.4773058215752495e-05,0.11238590394448647,0.1049497982280415,0.10739636133217377,0.09193667541422489,0.09040312449641569
2006-02-06,0.002610693487113106,6.815720483654788e-06,0.11999505253491288,0.10420863340382427,0.10308349137440681,0.09201590370326425,0.09047522430153503
2006-02-07,0.008886378366852504,7.896772047886417e-05,0.12403318327007044,0.11333478830256136,0.10620788183558388,0.09406468428895336,0.08342799057670303
2006-02-08,0.009043932496869201,8.179271500792679e-05,0.13518143199969498,0.12375546950009014,0.11218040620100599,0.0945325426317524,0.08225623569056648
2006-02-09,0.0016598534802805976,2.7551135759996123e-06,0.1100135213288134,0.11993883905963636,0.11116305855937555,0.09444417126592809,0.08800526505908945
2006-02-10,0.0018173827909036522,3.3028802086727482e-06,0.10407253857104767,0.10785298730913954,0.11110970630895822,0.09446192732896265,0.08801229022807203
2006-02-13,0.0018173827909036928,3.3028802086728956e-06,0.10338861405005996,0.10778732869103476,0.11116326978734688,0.09419488634789348,0.0936260160721544
2006-02-14,0.010544481270857128,0.00011118608527145675,0.09325953156126547,0.117984629381656,0.11802556429026913,0.09637247899430995,0.08812684556962083
2006-02-15,0.0035159949659341926,1.2362220600474583e-05,0.08022286287381772,0.11364970876308685,0.11786183769819278,0.09488538448036994,0.08776268898456532
2006-02-16,0.007461046618467836,5.5667216642950325e-05,0.07662064933822584,0.09896156262783085,0.12005205328336825,0.0956949088159297,0.08447477651591079
2006-02-17,0.002713992189082061,7.365753602398437e-06,0.09124429448330977,0.09522557009618032,0.09857314885641569,0.09548668035053882,0.0839613133343341
2006-02-21,0.002487010939847328,6.1852234149202895e-06,0.0937451944496137,0.09770381578028152,0.09891783944704044,0.09534491238752527,0.08699573208477779
2006-02-22,0.0060519681060659325,3.662631795683927e-05,0.07539404628707924,0.08059795421685417,0.10065556106405871,0.09541646196937265,0.08701701894425606
2006-02-23,0.0014706471669597705,2.1628030896867992e-06,0.07883354019219542,0.07555759690251995,0.10105726781511282,0.09548742310136354,0.08723539484365
2006-02-24,0.0025533323316669155,6.519505995935607e-06,0.06050655848410902,0.07287426461288612,0.09982284546582931,0.09431479100401949,0.08693371781726192
2006-02-27,0.00038623039066995206,1.4917391467706378e-07,0.05416851590884391,0.07351598538032832,0.09473041875566737,0.09425530986980729,0.08721427322280784
2006-02-28,0.009546517042683585,9.113598764624814e-05,0.09248626103651233,0.09300497565218319,0.10102733733690666,0.09573852326628933,0.08281362318213431
2006-03-01,0.008850835114917783,7.833728223146169e-05,0.10595124357106164,0.08864370293835636,0.1019364562661485,0.09521014209067705,0.0798293711608563
2006-03-02,7.701375444621986e-05,5.9311183739026485e-09,0.10506262682907355,0.08791547316275992,0.09925905754231978,0.09520012785669535,0.08020385690100765
2006-03-03,0.0046491848076767655,2.1614919375932444e-05,0.10829967504035945,0.0835220834464856,0.09071397782829586,0.09562669785918464,0.0779950153169263
2006-03-06,0.004592906476902612,2.1094789905573962e-05,0.11001896326002834,0.08554430168853909,0.09040312449641569,0.09610878836906764,0.07575982228442968
2006-03-07,0.0015614749775697007,2.4382041055762973e-06,0.08790921847801676,0.0850666125402873,0.09047522430153503,0.09534153092465338,0.077689620963334
2006-03-08,0.0021076965602809974,4.442384790220348e-06,0.04642006619435089,0.07875305192939497,0.08342799057670303,0.09538791213734919,0.07803944208469922
2006-03-09,0.006728848310226733,4.527739958204116e-05,0.054578830093319014,0.08423941172600408,0.08225623569056648,0.09637054396874023,0.0727554679284903
2006-03-10,0.00945428324480144,8.938347167293325e-05,0.10111423201116061,0.09897211093132553,0.08800526505908945,0.09820198673799732,0.07774164766790369
2006-03-13,0.001864711165122263,3.477147729331628e-06,0.09382833078041236,0.09967533987509408,0.08801229022807203,0.09734475194677092,0.07767868496622629
2006-03-14,0.01042422154835965,0.00010866439488928566,0.11015689843634063,0.09927148243815402,0.0936260160721544,0.09927537324884597,0.07478575275729323
2006-03-15,0.004445792694287794,1.9765072680582725e-05,0.10964560575775976,0.09237301532118321,0.08812684556962083,0.09937574345603309,0.07311120104614414
2006-03-16,0.0020623482419102127,4.253280270910145e-06,0.06444128055782104,0.09225424845508866,0.08776268898456532,0.09911611124923571,0.07250649533726028
2006-03-17,0.0008348541195911622,6.969814009983345e-07,0.061365989286921635,0.08629612375762638,0.08447477651591079,0.09838626959485083,0.07229389374232639
2006-03-20,0.0016085298921025798,2.587368413787537e-06,0.072636267686666,0.08122719740544357,0.0839613133343341,0.09849863355499024,0.09285911128844036
2006-03-21,0.006308233835530738,3.979381412373485e-05,0.06498409429939067,0.09025955792629581,0.08699573208477779,0.09950572146981311,0.0898578386659442
2006-03-22,0.006077639854383308,3.693770619958836e-05,0.07276572267673992,0.09297650824688558,0.08701701894425606,0.09969308741724478,0.08752153198321838
2006-03-23,0.002072736679361224,4.296237341969393e-06,0.07205807634835576,0.08307502099313167,0.08723539484365,0.09983727495983244,0.08708116621985137
2006-03-24,0.0007679991693397113,5.898227241064866e-07,0.07197482256453089,0.07367858161543757,0.08693371781726192,0.09730101893653184,0.08742313258902366
2006-03-27,0.00146034829811759,2.1326171518149416e-06,0.07185533256382046,0.07527910043307938,0.08721427322280784,0.09734459193908067,0.0886305632378091
2006-03-28,0.006171482359023956,3.80871945077439e-05,0.07117415031778826,0.06436558949298556,0.08281362318213431,0.09778777080703106,0.08544542122258988
2006-03-29,0.006248735548069792,3.904669594971108e-05,0.07218437342510277,0.06861757085824756,0.0798293711608563,0.09763921869041559,0.08430327637783709
2006-03-30,0.0017703411552429538,3.134107805946956e-06,0.07181016428812793,0.06783011180377742,0.08020385690100765,0.09138688463158241,0.08452854692133255
2006-03-31,0.00023119907946469233,5.345301434532112e-08,0.07132327100595892,0.0675530853282816,0.0779950153169263,0.09095614075166251,0.09014339119832146
2006-04-03,0.0007705879397144272,5.938057728333257e-07,0.07095677127061753,0.0673357155460166,0.07575982228442968,0.09098593509408037,0.0936394029000461
2006-04-04,0.006377455040897386,4.067193279866748e-05,0.06260582869100675,0.06692905681909994,0.077689620963334,0.09035820903516084,0.09228119561353203
2006-04-05,0.0034407494423111668,1.1838756724764606e-05,0.05325454868887384,0.06218827397702684,0.07803944208469922,0.09046803313078818,0.09235111908405194
2006-04-06,0.0010693503529708135,1.1435101773988036e-06,0.05071302448586008,0.06123070352243183,0.0727554679284903,0.09050398452759151,0.09715630109638852
2006-04-07,0.010214438747499307,0.0001043347589264152,0.09963788568675765,0.08169776976300623,0.07774164766790369,0.09282908266889482,0.08872106524020418
2006-04-10,0.0015425850579039353,2.3795686608684873e-06,0.10051438958127434,0.08211538797219511,0.07767868496622629,0.09248808822586181,0.08876280174788971
2006-04-11,0.008514460831571272,7.249604325236135e-05,0.09665747004322352,0.08753703591747544,0.07478575275729323,0.09417017737642189,0.08152388445300635
2006-04-12,0.0018637191587558065,3.473449102713451e-06,0.09052929721869526,0.0806373228888095,0.07311120104614414,0.09406004010364194,0.09477579152958479
2006-04-13,0.0013197612153119948,1.7417696654417935e-06,0.090161049995519,0.0805309823013483,0.07250649533726028,0.09371958650659792,0.10680768105757459
2006-04-17,0.0003889156516373495,1.5125538408850417e-07,0.06685610866824472,0.08035929592577121,0.07229389374232639,0.09341712661390808,0.10696982503871366
2006-04-18,0.015731592088065356,0.0002474829896252805,0.14075500084640646,0.11595093971234072,0.09285911128844036,0.09067238381184294,0.09022749073630974
2006-04-19,0.0019105764505509175,3.6503023733997424e-06,0.11031116117325801,0.11197537170571004,0.0898578386659442,0.09051071758313824,0.11131257966390679
2006-04-20,0.0013740586466932186,1.8880371645523992e-06,0.11083888289007474,0.110826079206572,0.08752153198321838,0.09051962720559095,0.11138198246046818
2006-04-21,0.00015285595729460096,2.3364943680448873e-08,0.10727251144386744,0.11063727416817647,0.08708116621985137,0.09052441953468299,0.1156625709302246
2006-04-24,0.0018321896297737676,3.3569188394505354e-06,0.11120317607655439,0.09547849451984917,0.08742313258902366,0.09008882230910875,0.11767199300871448
2006-04-25,0.004133281243622873,1.708401383888464e-05,0.039466993150284464,0.09885364252888432,0.0886305632378091,0.08872884055756075,0.1192190259259448
2006-04-26,0.00022968044592095227,5.2753107238447484e-08,0.034471961469008286,0.08539517514545249,0.08544542122258988,0.08870047620779786,0.12421703880474537
2006-04-27,0.004819988863696951,2.323229264616262e-05,0.05242970864949314,0.08715593201995361,0.08430327637783709,0.08770913913877666,0.13196279513915046
2006-04-28,0.003352363401449412,1.1238340375377472e-05,0.05820608199861393,0.08583745466178597,0.08452854692133255,0.0868869648436133,0.13290322553671446
2006-05-01,0.008172352265146421,6.678734154564384e-05,0.0852459304927327,0.09994512762508172,0.09014339119832146,0.08507624010083747,0.14375685518427553
2006-05-02,0.007487587703363094,5.606396961555421e-05,0.09572981489797373,0.07112780727074892,0.0936394029000461,0.0854706366221997,0.14736105828328636
2006-05-03,0.003736954537030629,1.3964829211833802e-05,0.1030233924144817,0.07363955563650995,0.09228119561353203,0.0858623075161488,0.15212469183155997
2006-05-04,0.003584618230940152,1.2849487861588504e-05,0.10028576941774175,0.0756418866414322,0.09235111908405194,0.08374154773125952,0.1516423143494337
2006-05-05,0.008791704136632933,7.729406162608863e-05,0.11619460605108319,0.08712943571690104,0.09715630109638852,0.08363740036159227,0.15459342230622863
2006-05-08,0.0012078446686150533,1.458888743501808e-06,0.08589680777044788,0.08660814803628385,0.08872106524020418,0.08358515134069353,0.15456312914680512
2006-05-09,0.00196238196125145,3.8509429618450875e-06,0.0760358766758735,0.08154988113618966,0.08876280174788971,0.08359297495720415,0.15488800536021347
2006-05-10,0.0005279997325315305,2.7878371755336773e-07,0.06348103813007729,0.08202260304752469,0.08152388445300635,0.08345988292379634,0.15483097909463203
2006-05-11,0.012144617270522668,0.00014749172864747748,0.11996012809929832,0.10466493584274932,0.09477579152958479,0.08514696121313688,0.15074345865132707
2006-05-12,0.013143897055451775,0.00017276202980431385,0.11231195748228208,0.12107437196317077,0.10680768105757459,0.08935009457912156,0.14878470691951018
2006-05-15,0.002009452377245741,4.037898856418559e-06,0.12115260123967751,0.11656404067378953,0.10696982503871366,0.08814849496388154,0.15170954195787612
2006-05-16,0.0014681898031474435,2.155581298066129e-06,0.11195702904525731,0.10726523417266356,0.09022749073630974,0.08801490164474474,0.1561868806456352
2006-05-17,0.01920745891334117,0.00036892647790768917,0.1395175082583774,0.13927934791207972,0.11131257966390679,0.09640916659998149,0.1634800505501461
2006-05-18,0.005057838802131329,2.5581733348345274e-05,0.13784677975279486,0.13427115297849881,0.11138198246046818,0.0960454367644676,0.16454554477670255
2006-05-19,0.007026780349432088,4.9375642079164936e-05,0.1576134931033935,0.12978065429549007,0.1156625709302246,0.09718755670695658,0.16413463811509196
2006-05-22,0.007660976804044451,5.869056559210713e-05,0.1517820149490186,0.12969128390864704,0.11767199300871448,0.0982044685355717,0.16300168877066057
2006-05-23,0.007640397078222139,5.83756675129054e-05,0.14831862480094202,0.12448163319791994,0.1192190259259448,0.09931477598250246,0.16311447855706124
2006-05-24,0.007957326862553064,6.33190507975086e-05,0.1253895983581314,0.14073539851490535,0.12421703880474537,0.0989792602332285,0.16116564054437493
2006-05-25,0.012288352764337387,0.00015100361366079831,0.1489379032646094,0.15805949214008896,0.13196279513915046,0.10056047011066187,0.1540021572529218
2006-05-26,0.0050763921607468185,2.5769757369691752e-05,0.14572499439267406,0.14992596080275264,0.13290322553671446,0.10112867284517559,0.1536662597934703
2006-05-30,0.017919831893844065,0.000321120375103631,0.19756861745369653,0.17175237645045457,0.14375685518427553,0.1071767039587042,0.1434238216227908
2006-05-31,0.011119971252145353,0.00012365376064853907,0.1970377681443155,0.1852907958785436,0.14736105828328636,0.10929382523977146,0.13945328740806154
2006-06-01,0.009522362672016593,9.067539085741499e-05,0.19946421777905085,0.1627445350711341,0.15212469183155997,0.11097367257132958,0.1540111622129442
2006-06-02,0.00209536116486614,4.390538411229186e-06,0.18547216925617838,0.15861847716484703,0.1516423143494337,0.11097275303857118,0.15375265049350986
2006-06-05,0.014681119343801313,0.0002155352651869371,0.2153203883698373,0.17649612510704704,0.15459342230622863,0.11423150544730866,0.14488796100355303
2006-06-06,0.0024417879515071872,5.962328400125666e-06,0.1653374224184119,0.17202795733188642,0.15456312914680512,0.11263088746348418,0.14623251768754245
2006-06-07,0.007519458816329989,5.65422608904828e-05,0.14617860279656011,0.1718679738036046,0.15488800536021347,0.11354636862587997,0.14347384740490612
2006-06-08,0.0008741661573169608,7.641664705983015e-07,0.1045443036012195,0.1668549269735323,0.15483097909463203,0.11131799050353665,0.14576167262749112
2006-06-09,0.0031863801016965595,1.0153018152487777e-05,0.08845164223188548,0.15145074612361303,0.15074345865132707,0.11096479377021791,0.14514343896189527
2006-06-12,0.010909132451831569,0.00011900917085160466,0.06551035300161637,0.1521472887991357,0.14878470691951018,0.11278584484775961,0.13877609928006057
2006-06-13,0.01168127208299434,0.00013645211747694293,0.07504687455967894,0.13814730754231394,0.15170954195787612,0.11488252012982675,0.13760859422814567
2006-06-14,0.0077216823427052545,5.9624378201646104e-05,0.12658350149627845,0.1292907383662355,0.1561868806456352,0.11627607678404421,0.1495568271950052
2006-06-15,0.02099289227621298,0.00044070152612068255,0.21942080027849586,0.16793147602061473,0.1634800505501461,0.12406060590590193,0.12880299376395604
2006-06-16,0.007313684104391226,5.348997517882489e-05,0.22575790857432798,0.16807319167119353,0.16454554477670255,0.12408553150217264,0.126545505643209
2006-06-19,0.007892967388501681,6.229893419595104e-05,0.21764575535293385,0.15800404910681126,0.16413463811509196,0.12493582659823009,0.12490786521861041
2006-06-20,0.0033902430364176265,1.1493747845978208e-05,0.18958226269769998,0.16055994260205908,0.16300168877066057,0.12518925377447787,0.1336508914835119
2006-06-21,0.007386744901104369,5.456400023399139e-05,0.18911331177352242,0.1629225403963151,0.16311447855706124,0.12627669763445765,0.13368424195223674
2006-06-22,0.0044096373901948436,1.944490191300439e-05,0.10815215855899099,0.1642710310315718,0.16116564054437493,0.12599487642242846,0.13515751758329983
2006-06-23,0.00016036417537546293,2.5716668743852232e-08,0.0963187627151753,0.16363304495873357,0.1540021572529218,0.12519942410307117,0.14992074260225258
2006-06-26,0.004409727564382455,1.9445697192074422e-05,0.07206359605399894,0.15355000270645514,0.1536662597934703,0.12560505197126873,0.14967224109475324
2006-06-27,0.008677999691072242,7.530767863824991e-05,0.10299075818355964,0.14707490430482004,0.1434238216227908,0.12668899057165905,0.1455468049235317
2006-06-28,0.0067559648321731496,4.5643060813560374e-05,0.10008491769910213,0.14601532445052334,0.13945328740806154,0.12760786189980544,0.1441838615785664
2006-06-29,0.019999228419728506,0.00039996913738447637,0.16662492155726763,0.14232983802824575,0.1540111622129442,0.13368823502356625,0.1301689095515239
2006-06-30,7.866140229353953e-05,6.187616210786066e-09,0.1662150158591478,0.1343461649030039,0.15375265049350986,0.13345821379534234,0.130249210289294
2006-07-03,0.004076730307416221,1.6619729999405954e-05,0.16624487411057615,0.12234844481679343,0.14488796100355303,0.1337656254886962,0.13064281081268778
2006-07-05,0.005728190841505367,3.2812170316705967e-05,0.15230837323862478,0.13042484712588195,0.14623251768754245,0.13265997350246014,0.13117349640789883
2006-07-06,0.002907908667218557,8.455932816884806e-06,0.15202117900153236,0.127509420146453,0.14347384740490612,0.1327681216573247,0.13111145313831654
2006-07-07,0.006534501603196147,4.269971120217302e-05,0.07743888410688295,0.13086721995536135,0.14576167262749112,0.13230127820922644,0.12883519625612666
2006-07-10,0.001893738604347603,3.5862459015964074e-06,0.08011637527575836,0.13044959398618616,0.14514343896189527,0.13230328439722236,0.12915862875804698
2006-07-11,0.004404797836422902,1.9402243979755874e-05,0.0813667930031071,0.13044695987406543,0.13877609928006057,0.13261448886356822,0.12909351040314276
2006-07-12,0.01073175050030145,0.00011517046880072041,0.10539600472138465,0.1354300724201656,0.13760859422814567,0.13439420075996725,0.12350428253031098
2006-07-13,0.016396736615533536,0.00026885297163917817,0.13746558291082078,0.15909204885819928,0.1495568271950052,0.134186518697651,0.10663578470259767
2006-07-14,0.003878461763944545,1.5042465654379831e-05,0.1374665625388113,0.11013452058638012,0.12880299376395604,0.1342108678930366,0.10601864270290196
2006-07-17,0.00145858853176421,2.1274805049940736e-06,0.12874867143836513,0.1092013174198808,0.126545505643209,0.13413139096115637,0.10551597737499747
2006-07-18,0.005095424605698242,2.5963351912355083e-05,0.132181404823724,0.11118915279889419,0.12490786521861041,0.13468585415832715,0.1111829159588178
2006-07-19,0.013778518994427244,0.00018984758567979233,0.17751755187075421,0.1379068101678742,0.1336508914835119,0.1379666627548419,0.10489379109457561
2006-07-20,0.006865396680555299,4.713367158137972e-05,0.13071497718021882,0.13869454911270052,0.13368424195223674,0.1383781185888969,0.10006357985096868
2006-07-21,0.00707438631904514,5.004694179109305e-05,0.14035774295492504,0.13920676039596364,0.13515751758329983,0.13898802254620626,0.09452113313435898
2006-07-24,0.018068676111851686,0.0003264770564349998,0.18335615071846134,0.17207605294046316,0.14992074260225258,0.14383239056486677,0.07802267151488507
2006-07-25,0.0035591119017264437,1.2667277529010822e-05,0.1834193085587835,0.1714515470704518,0.14967224109475324,0.14385697821393867,0.0778354616717927
2006-07-26,0.0013411018717620407,1.7985542304436492e-06,0.16301708033876264,0.16190194105774233,0.1455468049235317,0.14302209045853276,0.07919616321713939
2006-07-27,0.0009464836129574823,8.958312295970492e-07,0.14789662291592176,0.1323150644169298,0.1441838615785664,0.14207950124626573,0.0791626401604388
2006-07-28,0.009973025842383678,9.946124445285268e-05,0.12207858536201638,0.13287886921514894,0.1301689095515239,0.14352843888242062,0.07199274603426116
2006-07-31,0.0010166229845128077,1.0335222926397283e-06,0.07210335455379739,0.13243045395256292,0.130249210289294,0.1433059601696956,0.07307097025149992
2006-08-01,0.004939458243327039,2.4398247737571437e-05,0.08827676036419901,0.13867294998310176,0.13064281081268778,0.14231276231823212,0.06962295680625825
2006-08-02,0.0067370266131152315,4.5387527585822887e-05,0.09783740424840938,0.1267553078872208,0.13117349640789883,0.14309869095072067,0.06661255798817964
2006-08-03,0.002651243600758807,7.0290926305645245e-06,0.09437314077721164,0.11698945124394124,0.13111145313831654,0.14315574483231325,0.0664325306618282
2006-08-04,0.0017147934500067667,2.9405165761861097e-06,0.07108120772928056,0.10693986667561037,0.12883519625612666,0.14317871116303518,0.06805158672580114
2006-08-07,0.0023426428067238867,5.4879753198951696e-06,0.07326937741096569,0.0716616336097578,0.12915862875804698,0.1411637041683145,0.0667426810561785
2006-08-08,0.0038388080330513737,1.4736447114619757e-05,0.06880108175162457,0.07477395433461748,0.12909351040314276,0.13882164413456183,0.07398728711343895
2006-08-09,0.0033801647752357343,1.1425513907744442e-05,0.041044774705021526,0.07716457508378456,0.12350428253031098,0.13890059716236003,0.07511525487213079
2006-08-10,0.003066407021510318,9.40285202156778e-06,0.04384388359207516,0.07823624255701198,0.10663578470259767,0.13904210146921955,0.07504376948757654
2006-08-11,0.0028305947928915463,8.012266881544735e-06,0.044668431912903574,0.058939162717665076,0.10601864270290196,0.13340556301036374,0.07358045816907967
2006-08-14,0.0007869939095659697,6.193594136939296e-07,0.04796488728936289,0.05941352289478039,0.10551597737499747,0.1329784737256387,0.07939201607123642
2006-08-15,0.01188728940885264,0.00014130764948982016,0.09805118415150427,0.08097915623185774,0.1111829159588178,0.13441087230211451,0.07050755190316221
2006-08-16,0.008283877413833225,6.862262500741623e-05,0.09328480505940756,0.08429727500270814,0.10489379109457561,0.13436305371800517,0.06569825033842225
2006-08-17,0.0025412651703603274,6.458028666086504e-06,0.09377381433491037,0.08424813221904066,0.10006357985096868,0.1333320980486946,0.06563948805665762
2006-08-18,0.0050630697488022085,2.563467528123606e-05,0.0707614562902922,0.0844491923280728,0.09452113313435898,0.1327908463494013,0.06385879941364055
2006-08-21,0.0042940937592763195,1.8439241213455833e-05,0.09727165916041809,0.08771464908255815,0.07802267151488507,0.13092416956817002,0.06226947810635344
2006-08-22,7.72763947728731e-05,5.97164118909293e-09,0.07639292962329151,0.08293179434976765,0.0778354616717927,0.13056071630635893,0.06409080147409663
2006-08-23,0.002770181866199169,7.67390757181871e-06,0.06053632313415876,0.08185170708679387,0.07919616321713939,0.12510965376848449,0.06615118078468733
2006-08-24,0.0008484718357831704,7.199044561172632e-07,0.056549961538121765,0.08299670999880843,0.0791626401604388,0.12318045231235658,0.06741813021822486
2006-08-25,0.001233579748235654,1.5217189952571397e-06,0.03480722192783408,0.0790991492598137,0.07199274603426116,0.12170696891500966,0.07154314794949254
2006-08-28,0.0047651469231662835,2.27066251993611e-05,0.04459546913540488,0.07965562853680466,0.07307097025149992,0.12200597678000212,0.07483964600887617
2006-08-29,0.0011494548387174063,1.3212464262508586e-06,0.04451369484062993,0.06044013025649675,0.06962295680625825,0.11797408003622509,0.07483762305838328
2006-08-30,0.0006121663281120872,3.7474761327423567e-07,0.03281210924466526,0.04715601992154617,0.06661255798817964,0.11781239309417947,0.0750593575643905
2006-08-31,0.0001531746973031202,2.3462487893902498e-08,0.03009254055771928,0.04620031995813877,0.0664325306618282,0.11661261730631675,0.0752765754518525
2006-09-01,0.005953067011074372,3.5439006838341956e-05,0.043092620772694275,0.048820557571252185,0.06805158672580114,0.11705882487073421,0.07525636932689497
2006-09-05,0.0019001951986403944,3.610741792936008e-06,0.03795337129622996,0.04083620072675476,0.0667426810561785,0.11678121018235146,0.07529717104516509
2006-09-06,0.008849091122567447,7.8306413695502e-05,0.08610978002057368,0.06498046130731278,0.07398728711343895,0.11596542409462124,0.07537429530903518
2006-09-07,0.004607654914432778,2.123048381049653e-05,0.09118598557091917,0.0679954789677434,0.07511525487213079,0.11356157253735594,0.07137637074832918
2006-09-08,0.002844091042836222,8.088853859941229e-06,0.09562749065114562,0.06904816935923844,0.07504376948757654,0.11277403639146366,0.07236972562689788
2006-09-11,0.000997585793782849,9.951774159573568e-07,0.07950253019460458,0.06898664544119086,0.07358045816907967,0.10476715050158111,0.0724586920573768
2006-09-12,0.009767546487131613,9.540496437827712e-05,0.11337256426323564,0.0812123854588702,0.07939201607123642,0.10508254371126428,0.06636867063639182
2006-09-13,0.004016449283318663,1.6131864845471e-05,0.08247016433233274,0.08266061001607479,0.07050755190316221,0.10364313394322966,0.06638317649267877
2006-09-14,7.488549525071447e-05,5.60783739894478e-09,0.06042983175014159,0.08282019856893502,0.06569825033842225,0.10355483263284532,0.07105851506893152
2006-09-15,0.0023449579437895916,5.498827758141909e-06,0.06089412271981345,0.08263130131858162,0.06563948805665762,0.1027513199524574,0.07108817512754621
2006-09-18,0.0013628729491476574,1.857422675518433e-06,0.060019923140244236,0.07873935244688494,0.06385879941364055,0.10213848224171043,0.07107871409726617
2006-09-19,0.0025004637142494912,6.252318786278362e-06,0.03899025500347178,0.08038912356371773,0.06226947810635344,0.1023713141944171,0.07162579658428993
2006-09-20,0.005296536384518136,2.805329767252445e-05,0.04560391477700017,0.06374346551270181,0.06409080147409663,0.10251232147858308,0.07036856769599847
2006-09-21,0.004841660069045375,2.3441672224188462e-05,0.06377074949443653,0.06442569028611518,0.06615118078468733,0.10125162379436126,0.0662428264268164
2006-09-22,0.0030375895902369455,9.226950518715855e-06,0.06451358271858153,0.06872723748518589,0.06741813021822486,0.10090814949092712,0.06403496629448978
2006-09-25,0.00765289458648606,5.8566795551867636e-05,0.08846401380215373,0.07555779227618363,0.07154314794949254,0.09387944366400554,0.06131714984078052
2006-09-26,0.008268876603179157,6.837432027860368e-05,0.09788180326890417,0.071518033583269,0.07483964600887617,0.09512458876769224,0.056669727689744646
2006-09-27,0.0011968958762070383,1.4325597384814138e-06,0.09523677170652477,0.070535592497758,0.07483762305838328,0.09489381970605973,0.057009785563101975
2006-09-28,0.0003736254517906863,1.3959597822579445e-07,0.07943655678418929,0.07083917136885463,0.0750593575643905,0.0939428855886116,0.056671789079785144
2006-09-29,0.0008232704244164282,6.777741917188058e-07,0.07031998740804994,0.07160854398429056,0.0752765754518525,0.09391678346041304,0.06307379336872967
2006-10-02,0.0037502482794226836,1.4064362157312798e-05,0.07126089919021221,0.07580069329910165,0.07525636932689497,0.09315101400930197,0.060536310364330694
2006-10-03,0.0021017533593780096,4.417367183656749e-06,0.035663056310334805,0.07384021625838795,0.07529717104516509,0.09316143104257665,0.060885998241093475
2006-10-04,0.011630002344431673,0.0001352569545314862,0.09361996028631284,0.08903443227529746,0.07537429530903518,0.0954681999068977,0.05562727310200649
2006-10-05,0.0019252513935731532,3.7065929284553687e-06,0.09172742994282562,0.08101430497547253,0.07137637074832918,0.09227988643341759,0.05561579707968516
2006-10-06,0.0012582085380100944,1.5830887251214993e-06,0.09268253652941202,0.07806019448490814,0.07236972562689788,0.08483823741445831,0.055862863887512916
2006-10-09,0.0005920047131422319,3.504695803826163e-07,0.07951909892017997,0.07331000074225612,0.0724586920573768,0.08412143228625943,0.06745934144263795
2006-10-10,0.001331802343534342,1.7736974822435656e-06,0.08025041653716139,0.06428599596116441,0.06636867063639182,0.08388703926711355,0.06815602285246593
2006-10-11,0.0011833497669959453,1.4003166710493579e-06,0.02302891889549425,0.06544848775847191,0.06638317649267877,0.08376021338912935,0.06762403404300768
2006-10-12,0.008621976554403476,7.433847970468324e-05,0.06463398944729444,0.07497375199841129,0.07105851506893152,0.08115980984293922,0.06586598387130996
2006-10-13,0.002565188210968721,6.580190557692908e-06,0.05939141172223608,0.07341722268091494,0.07108817512754621,0.07932760161591038,0.0654956214449831
2006-10-16,0.0015352727171903792,2.3570623161491303e-06,0.05795705674544648,0.0656949851679086,0.07107871409726617,0.07725155677024748,0.06575404722702266
2006-10-17,0.0031466173786180267,9.901200927420981e-06,0.07121027963614554,0.07218816309802063,0.07162579658428993,0.06996920346099712,0.06841576667863603
2006-10-18,0.0013182819517998333,1.737867304441178e-06,0.06696451343870231,0.049806512493268514,0.07036856769599847,0.06982009090676546,0.06868094253305057
2006-10-19,0.0016090636082939068,2.589085695535807e-06,0.0356317120593201,0.049708152315355386,0.0662428264268164,0.06982241461680833,0.0688333923340674
2006-10-20,0.00021927181852445876,4.808013039902318e-08,0.03190922572509585,0.04819379535317937,0.06403496629448978,0.06970044499506112,0.06882026684266754
2006-10-23,0.004593556869944586,2.1100764717415105e-05,0.04430441611621705,0.05056806834250211,0.06131714984078052,0.06770277736015724,0.06773307068074895
2006-10-24,0.002978135180483801,8.869289153235282e-06,0.026762385967120474,0.05086456636839015,0.056669727689744646,0.06762262265347999,0.06736469450485376
2006-10-25,0.0034029376026784883,1.1579984327723218e-05,0.02680397967793859,0.048192461661972205,0.057009785563101975,0.06646953227789798,0.0668783570193261
2006-10-26,0.0031031157422580224,9.629327309849558e-06,0.025530958460928812,0.034025692497323415,0.056671789079785144,0.06565203913428957,0.06858281017546553
2006-10-27,0.006288800397301362,3.9549010437097764e-05,0.07036671880833438,0.05256131585239648,0.06307379336872967,0.06746190888390424,0.08244238556167748
2006-10-30,0.0007246247725229146,5.250810609538857e-07,0.06589917110670114,0.0530575010068967,0.060536310364330694,0.06730567076995271,0.08364347907970553
2006-10-31,0.00014586147084790643,2.127556867791466e-08,0.062103286267829336,0.04893400983523657,0.060885998241093475,0.06695057914727678,0.09071112192596636
2006-11-01,0.006771824564757815,4.5857607935857374e-05,0.06741210518317563,0.06247099137571753,0.05562727310200649,0.06817350355769419,0.08604893544707994
2006-11-02,0.0005847459528694652,3.419278293972188e-07,0.052741174659928225,0.06205233003358871,0.05561579707968516,0.06759813602014474,0.08671654647438208
2006-11-03,0.0017566127679988224,3.0856884166964846e-06,0.043399326142240055,0.06262740378657408,0.055862863887512916,0.06778593650583115,0.08876278468427377
2006-11-06,0.011215595717539878,0.00012578958729929886,0.10479894813016269,0.08253534217365424,0.06745934144263795,0.07025762458131321,0.08208707466169164
2006-11-07,0.0038317973048255533,1.4682670585268374e-05,0.10728939519204843,0.08337656809623283,0.06815602285246593,0.07040889441146285,0.08190137087364983
2006-11-08,0.002161588445079406,4.672464605900804e-06,0.08108560379690366,0.08240532689895251,0.06762403404300768,0.06703051900697525,0.08407435176910506
2006-11-09,0.005269068272968464,2.776308046520287e-05,0.0988988114236103,0.08539037477248451,0.06586598387130996,0.06680060755077831,0.08099477816658607
2006-11-10,0.0004339905378698215,1.8834778696053696e-07,0.09474084376714674,0.07890487607738056,0.0654956214449831,0.06674986020929297,0.08117364976842954
2006-11-13,0.0024569390140027534,6.036549318528822e-06,0.05653259205447707,0.07943155407505359,0.06575404722702266,0.06630006632742903,0.08136388672846968
2006-11-14,0.007476109717840661,5.5892216513191564e-05,0.07275151088472499,0.08644809086840657,0.06841576667863603,0.0666349677625066,0.07782687118671983
2006-11-15,0.0028612347439945156,8.186664260241361e-06,0.07334858710148974,0.07380323869349562,0.06868094253305057,0.06665778940816124,0.08258756476067189
2006-11-16,0.002567763979839507,6.593411856161224e-06,0.04123877141733307,0.07204960931004777,0.0688333923340674,0.06616308877539853,0.08246957933250496
2006-11-17,0.0002849178491860918,8.117818078482856e-08,0.0418681797448969,0.06927004619546465,0.06882026684266754,0.06604038681346104,0.08349787711684734
2006-11-20,0.0005694365271888199,3.242579584968637e-07,0.045743080544700235,0.05136650703060855,0.06773307068074895,0.06606169249824317,0.0835785643660991
2006-11-21,0.000996162234972111,9.923391983846314e-07,0.01874869897661235,0.05008569792853157,0.06736469450485376,0.06569025326598131,0.08373435926816206
2006-11-22,0.0019884983019291375,3.954125496775063e-06,0.01534160423859021,0.05002471937324516,0.0668783570193261,0.06570294867678789,0.08507170017967058
2006-11-24,0.0040529904640533515,1.64267317017074e-05,0.03703345719777732,0.04564078381970906,0.06858281017546553,0.06661395645961067,0.08688747527027652
2006-11-27,0.013846280678691212,0.00019171948863309755,0.10417479908548956,0.09011686811122407,0.08244238556167748,0.073422522401902,0.07062090555785323
2006-11-28,0.004324901697084551,1.8704774689444825e-05,0.11484882056073761,0.0919367865769991,0.08364347907970553,0.07303170377103742,0.07226060103428018
2006-11-29,0.010376149788676877,0.0001076644844370592,0.14596282385533205,0.09913107516036006,0.09071112192596636,0.07549708844655956,0.06520503056965701
2006-11-30,0.00042683906389746293,1.8219158646886244e-07,0.14487642437979403,0.09833106531729957,0.08604893544707994,0.07258627551802871,0.06762580955621744
2006-12-01,0.0022078840984356943,4.874752192125199e-06,0.14264420061539826,0.09825599523348502,0.08671654647438208,0.07191471704115675,0.06739518926411231
2006-12-04,0.007601434370982612,5.778180449635581e-05,0.08132571761262536,0.10567255581480288,0.08876278468427377,0.07299084585166818,0.06257143870834705
2006-12-05,0.004308180494469451,1.856041917292704e-05,0.08132294653176203,0.10727930974895912,0.08208707466169164,0.07322295011682425,0.06747990206682182
2006-12-06,0.0008458445606042506,7.154530207037978e-07,0.06393349540831965,0.10767484763742438,0.08190137087364983,0.07129774539560672,0.06954231760348144
2006-12-07,0.004382754935116164,1.9208540821285094e-05,0.0782289518583044,0.11043266394502434,0.08407435176910506,0.07200706433556983,0.06764748047082679
2006-12-08,0.0018397595017441678,3.3847150242579485e-06,0.07323389470844535,0.10805929595354194,0.08099477816658607,0.07198392886896235,0.06831421959886548
2006-12-11,0.0028953054673738258,8.382793749404768e-06,0.054612469931714154,0.07103936711859012,0.08117364976842954,0.07203036735126976,0.06924671973367175
2006-12-12,0.000775925392039551,6.020602140117309e-07,0.044879719243298526,0.07184716701354715,0.08136388672846968,0.07214326279250564,0.07357643139211008
2006-12-13,0.001057468130852691,1.1182388477690843e-06,0.0453299864517967,0.054215858189920696,0.07782687118671983,0.07173817933927991,0.07421769672606708
2006-12-14,0.008772915266732838,7.69640422772741e-05,0.05746794466791478,0.0665637306838361,0.08258756476067189,0.07292469016137808,0.0677488550026582
2006-12-15,9.104839480742404e-05,8.289810197008562e-09,0.060489579872462014,0.06359683349273496,0.08246957933250496,0.07184772962268163,0.06894971738761242
2006-12-18,0.0027433429291477407,7.525930426904906e-06,0.07010937452071708,0.05940455022885433,0.08349787711684734,0.07177319319230041,0.0684242528652228
2006-12-19,0.0019001976100869674,3.6107509573802226e-06,0.06769700363717979,0.05684931892402774,0.0835785643660991,0.07058098179381772,0.0691676607934278
2006-12-20,0.0005625686307402579,3.164834642929687e-07,0.06978484899003225,0.056639754000704264,0.08373435926816206,0.0691492785140689,0.06986871788623636
2006-12-21,0.0036652374339864895,1.3433965447495866e-05,0.03543922404725363,0.05488549201850727,0.08507170017967058,0.06984298471227401,0.07344650974337312
2006-12-22,0.006162293908231238,3.797386621142382e-05,0.048685744346882665,0.06477957811536408,0.08688747527027652,0.07133733967844402,0.08271410714525136
2006-12-26,0.005879972700437316,3.45740789578881e-05,0.07468901059462744,0.06993789302574645,0.07062090555785323,0.07194567116424301,0.08037221893791417
2006-12-27,0.006547295468920027,4.286707795734071e-05,0.08991737348666556,0.07595424248178285,0.07226060103428018,0.07209876839749944,0.07680092473796075
2006-12-28,0.0021073285073826826,4.440833438027725e-06,0.09161988711930773,0.0776597233691679,0.06520503056965701,0.07239770435989294,0.0786986363751415
2006-12-29,0.004157645753743228,1.7286018213619096e-05,0.09295126739874429,0.06684015142251658,0.06762580955621744,0.06983352317485203,0.08014302407549946
2007-01-03,0.001767009634093274,3.122323046978446e-06,0.07874565061739397,0.06703219821047267,0.06739518926411231,0.07001180539898419,0.08161303443497396
2007-01-04,0.0021196838876159562,4.493059783418694e-06,0.06740998532345917,0.06729335618843629,0.06257143870834705,0.06992185137791901,0.08153673151656445
2007-01-05,0.008007721969634594,6.412361114296854e-05,0.05871016883902056,0.07640883911853198,0.06747990206682182,0.07226302657705932,0.07424555077661182
2007-01-08,0.004613944417017773,2.1288483083329476e-05,0.07935233553062968,0.08182275274659757,0.06954231760348144,0.07268735289972254,0.07343271577476718
2007-01-09,0.0008500156964791832,7.22526684260991e-07,0.07560076763502516,0.08014099037841724,0.06764748047082679,0.0726515790194205,0.07304978610061062
2007-01-10,0.003325781847527185,1.1060824897341336e-05,0.07992609862260382,0.07499129850731862,0.06831421959886548,0.07101213478536364,0.07332009323189856
2007-01-11,0.004371342088195315,1.910863165202778e-05,0.0847165607794745,0.07232962440966545,0.06924671973367175,0.07130803111421033,0.07843565671206343
2007-01-12,0.007568598706196949,5.728368637544613e-05,0.04830562564872884,0.07489283462398554,0.07357643139211008,0.07264978771896492,0.07515241929518106
2007-01-16,0.001956521247488955,3.827975391875736e-06,0.06197027635111805,0.07474889822093116,0.07421769672606708,0.07241038971401759,0.08026058730285941
2007-01-17,0.000419212828862024,1.7573939588250064e-07,0.05819852349162087,0.07010584472058207,0.0677488550026582,0.07241028535871356,0.08298644696200465
2007-01-18,0.0033621451346122805,1.130401990619703e-05,0.07178120031025023,0.07228185582319145,0.06894971738761242,0.07290544381687036,0.08144854584022335
2007-01-19,0.001962510543852433,3.851447634731972e-06,0.06742108404452271,0.07220724949128528,0.0684242528652228,0.07293606870822095,0.08157917154753311
2007-01-22,0.0030853601836828095,9.51944746305522e-06,0.03673928641711948,0.05826030219314865,0.0691676607934278,0.07293040184001286,0.08019598740233305
2007-01-23,0.0029453955967044107,8.675355221085732e-06,0.04578561193135429,0.05616795253089859,0.06986871788623636,0.07292602134268275,0.08015042426114702
2007-01-24,0.00802095905392897,6.433578414480512e-05,0.074999468662511,0.06443899149336953,0.07344650974337312,0.0742651398923692,0.0760499534267769
2007-01-25,0.011809721603872158,0.00013946952436096475,0.11907953858261146,0.09391139494215807,0.08271410714525136,0.07842254083742219,0.06290490457311604
2007-01-26,0.0009141255288678621,8.356254825279485e-07,0.11723114267927094,0.0915405705624388,0.08037221893791417,0.07719768912822873,0.06289714192853933
2007-01-29,0.0005630781477690131,3.170570004949826e-07,0.11571970102715658,0.0811778627822496,0.07680092473796075,0.07718660377643981,0.15837808834244094
2007-01-30,0.005195709876981156,2.699540112575954e-05,0.12088424839567846,0.08619427988268663,0.0786986363751415,0.07774111910449012,0.1618907381043882
2007-01-31,0.006700629303617165,4.4898433064493055e-05,0.1156033978346709,0.09280675586356682,0.08014302407549946,0.07712092187830313,0.1596890984970641
2007-02-01,0.005965081076243101,3.558219224615355e-05,0.05883224026663618,0.0937197261555576,0.08161303443497396,0.07774391827855535,0.16282314418121535
2007-02-02,0.0013822464058451227,1.9106051264717594e-06,0.05014360477638467,0.09367471213191977,0.08153673151656445,0.07753087562910525,0.16434978188722896
2007-02-05,0.0002759497284140365,7.614825261178051e-08,0.0457751109804635,0.09065556485092087,0.07424555077661182,0.07460439541419703,0.1783616135563337
2007-02-06,0.00027632419004270964,7.635505800275951e-08,0.05014333798981889,0.09063544058954003,0.07343271577476718,0.0743610922530531,0.17822092811943674
2007-02-07,0.002205601057120684,4.8646760231718775e-06,0.037302520852520775,0.08323511151913159,0.07304978610061062,0.07436451035052559,0.18144330134418735
2007-02-08,0.0013087309219340913,1.7127766260264565e-06,0.021055736084651402,0.0474306737167949,0.07332009323189856,0.07341359784316952,0.18156108715797548
2007-02-09,0.007475429308923957,5.5882043352719314e-05,0.05905059627613053,0.06615490432131342,0.07843565671206343,0.07538994989532814,0.18042240430268106
2007-02-12,0.0034101745959806747,1.1629290775071959e-05,0.05902401712504883,0.06980167727910058,0.07515241929518106,0.07578571259495666,0.19205897765342397
2007-02-13,0.00840019866433787,7.056333760034374e-05,0.09529579447242716,0.07672960448814287,0.08026058730285941,0.07616299302141431,0.19139775430035552
2007-02-14,0.006545621806504631,4.284516483378895e-05,0.10681977414271887,0.07642753506426875,0.08298644696200465,0.07698280031972833,0.18923830745323
2007-02-15,0.0013042523418958518,1.7010741713408138e-06,0.10555813819995327,0.07188351202323376,0.08144854584022335,0.0768985267015303,0.1888038982111624
2007-02-16,0.0004805047624313973,2.3088482671925355e-07,0.07793834965160766,0.07208318747158736,0.08157917154753311,0.07693318499951268,0.19551307009220137
2007-02-20,0.002124879191817556,4.515111579819229e-06,0.059297887393076,0.07242328315430648,0.08019598740233305,0.07698696233611728,0.19674959200976197
2007-02-21,0.00041098925467144464,1.6891216745538958e-07,0.0455684291846307,0.0726491095589,0.08015042426114702,0.07702074613541782,0.20676687608934935
2007-02-22,0.0007537825283933974,5.681881001111431e-07,0.020310288443639662,0.072507074633544,0.0760499534267769,0.07703192181895144,0.20676690140329557
2007-02-23,0.003915165365455921,1.5328519838865594e-05,0.03409417679360489,0.07540353348124434,0.06290490457311604,0.076996353728865,0.20655052066788587
2007-02-26,0.0008953659103411513,8.016801134010385e-07,0.034062990437330846,0.06285804176530846,0.06289714192853933,0.07090061447362049,0.2065680969201898
2007-02-27,0.03984069412685137,0.0015872809085093296,0.2731530827459375,0.21468392959242752,0.15837808834244094,0.1091881221424111,0.1457546790540906
2007-02-28,0.010198316214692863,0.00010400565361486737,0.30329063862380873,0.21748028950033324,0.1618907381043882,0.10911757037436963,0.14496312432612354
2007-03-01,0.0029842274365566674,8.905613393097578e-06,0.3007805109239761,0.21142125040022977,0.1596890984970641,0.10930398524090336,0.14437873690117206
2007-03-02,0.013182231509086241,0.00017377122755914611,0.3010415918652139,0.21456224868076193,0.16282314418121535,0.11255503342383893,0.13478925446360368
2007-03-05,0.009564227714195808,9.147445176899118e-05,0.29187114233180117,0.21403314470887996,0.16434978188722896,0.11303972229776653,0.12846530500654643
2007-03-06,0.01696443439594905,0.00028779203437445916,0.20476558698804737,0.24092925812775334,0.1783616135563337,0.11814171277624783,0.12041116193816051
2007-03-07,0.0010022995593348511,1.0046044066428368e-06,0.18510367274891423,0.24067064133160587,0.17822092811943674,0.11814598290432521,0.12003698136652208
2007-03-08,0.008419507274116778,7.088810273890533e-05,0.19833538852832847,0.24892989896957224,0.18144330134418735,0.11910574234854807,0.11748884789980701
2007-03-09,0.00028477898282393705,8.109906905823623e-08,0.15985736684065066,0.2496634272828053,0.18156108715797548,0.11904816558488168,0.11741196454565886
2007-03-12,0.0014900561626364052,2.220267367810729e-06,0.1190995062557658,0.2505549157973052,0.18042240430268106,0.11893783328593054,0.11741692507219696
2007-03-13,0.01962534468914836,0.0003851541541678837,0.1660342754716642,0.17686565365711118,0.19205897765342397,0.12554831301387492,0.09019974266779054
2007-03-14,0.007423071801933333,5.510199497665778e-05,0.17971163976261462,0.1724839119936195,0.19139775430035552,0.12652074947334752,0.08853143284505936
2007-03-15,0.0013628635245485259,1.8573969865448305e-06,0.16420365866650716,0.17258945778976453,0.18923830745323,0.12517676072076314,0.08890555590993486
2007-03-16,0.0028039420410325695,7.862090969469891e-06,0.16317870390397157,0.15897127007889103,0.1888038982111624,0.12527494558567154,0.0902929566428166
2007-03-19,0.011982855023715582,0.00014358881451938577,0.19328688295997826,0.15835171943084733,0.19551307009220137,0.1277032057285464,0.0836247436268554
2007-03-20,0.0054776328617392855,3.0004461768006115e-05,0.08997666806131922,0.138070616508886,0.19674959200976197,0.12815706097018423,0.08290779918068039
2007-03-21,0.01632276191231404,0.0002664325564460898,0.12310220574494159,0.15618220458234613,0.20676687608934935,0.13248499131612068,0.06419175343948046
2007-03-22,0.0007677048032405453,5.893706649186044e-07,0.12943544158045722,0.15410655627181286,0.20676690140329557,0.1322567827381926,0.0696397799730397
2007-03-23,0.0014655125968960766,2.1477271716610823e-06,0.11363704780951715,0.15382771616541713,0.20655052066788587,0.13159976608212123,0.07246503155417972
2007-03-26,0.0013257140511409656,1.7575177453925907e-06,0.11537086775850923,0.15485438465752757,0.2065680969201898,0.13114023729012644,0.07179476093266247
2007-03-27,0.002377188966555889,5.651027382715054e-06,0.12324645010314857,0.10313165917361956,0.1457546790540906,0.13058568507597562,0.07472298009696368
2007-03-28,0.007306495727167609,5.338487981111853e-05,0.05160115013028393,0.11407345660549022,0.14496312432612354,0.13139441320265607,0.0658642733459761
2007-03-29,0.0010572561424935618,1.1177905508403665e-06,0.05593053717050328,0.11414677471558474,0.14437873690117206,0.13112054911037763,0.06679835395599147
2007-03-30,0.00021143927786990886,4.470656822614853e-08,0.052035744386407574,0.11143737932886727,0.13478925446360368,0.1310624443759343,0.07694362901503357
2007-04-02,0.0011261339333514422,1.2681776358455905e-06,0.05659495798619863,0.09801752539391752,0.12846530500654643,0.13101415564372235,0.07685459237696082
2007-04-03,0.010704925053955882,0.00011459542041081235,0.10155300173892885,0.10720569001312746,0.12041116193816051,0.13166476324669762,0.07149662144589337
2007-04-04,0.0011126704217618486,1.23803546746369e-06,0.07003947589598478,0.07104677390004724,0.12003698136652208,0.13138539025728524,0.0724096784392557
2007-04-05,0.0027075222749993787,7.330676869617811e-06,0.06834893938163131,0.07160076325382081,0.11748884789980701,0.13144575241040982,0.07260829801121275
2007-04-09,0.0013854960357117321,1.9195992649729254e-06,0.0655973366055298,0.07157910972557605,0.11741196454565886,0.13132366984327307,0.07291990768273782
2007-04-10,0.001176523967107111,1.3842086451774544e-06,0.06548782158685738,0.07066363198899021,0.11741692507219696,0.13107441137160758,0.07392196930413716
2007-04-11,0.004088421517115186,1.6715190501610436e-05,0.041650103895654184,0.07340873346515396,0.09019974266779054,0.1305085473170986,0.07024687011392322
2007-04-12,0.0044343137024637,1.9663138011857325e-05,0.05064079506115958,0.05938814038496184,0.08853143284505936,0.1307236235685661,0.08336137322822955
2007-04-13,0.004551899555665355,2.0719789564866453e-05,0.05571486845969757,0.06044485777502193,0.08890555590993486,0.13101875056410325,0.08631775784516312
2007-04-16,0.009451034951692383,8.932206165811105e-05,0.07921247630805488,0.06861168735994501,0.0902929566428166,0.13210272687399485,0.08256766553587483
2007-04-17,0.0026552135608101583,7.050159053510161e-06,0.07762409608802424,0.06770589527064905,0.0836247436268554,0.1321420868973551,0.0824787528459938
2007-04-18,0.001222826309366977,1.4953041828800615e-06,0.049349065556617173,0.05455061484669532,0.08290779918068039,0.13192967676175732,0.08488264122536869
2007-04-19,0.0002716672395551287,7.380308904750367e-08,0.05973730335616025,0.055933727935246376,0.06419175343948046,0.1318531135170216,0.0855561273632708
2007-04-20,0.009396822958612867,8.830028171551388e-05,0.07335118471646242,0.06633580637160429,0.0696397799730397,0.13221462003921572,0.08470409315890048
2007-04-23,0.0037748867170793185,1.4249769726781876e-05,0.07701058234362619,0.07440148871866065,0.07246503155417972,0.13000085616795246,0.08287288425653026
2007-04-24,0.0004050795345067128,1.6408942927617512e-07,0.07717699520181853,0.07487783276200019,0.07179476093266247,0.12995761407783082,0.08318727970378094
2007-04-25,0.009139803890420002,8.35360151553366e-05,0.09456692495245872,0.07218833875932572,0.07472298009696368,0.13105429637798752,0.078105820711463
2007-04-26,0.001136080986687077,1.2906800083118823e-06,0.09201188560136335,0.07316794896667368,0.0658642733459761,0.13075175416460236,0.08588920402156232
2007-04-27,0.0008018183091492392,6.42912600886945e-07,0.07630961561089275,0.07568261077758051,0.06679835395599147,0.13022035402577276,0.08671832334347003
2007-04-30,0.0083271949724052,6.934217610845043e-05,0.09865663818991278,0.08441958382956455,0.07694362901503357,0.13105443750373263,0.08032571601141783
2007-05-01,0.0025594238074018918,6.550650225895596e-06,0.09996375275815544,0.08437083009069714,0.07685459237696082,0.13111106130150016,0.08380980433353373
2007-05-02,0.005834813226166494,3.404504538424745e-05,0.08393969906686169,0.08771729231645901,0.07149662144589337,0.13156384602334736,0.08274095476962848
2007-05-03,0.005401982520248385,2.918141514906909e-05,0.09236100424547036,0.08906850126508714,0.0724096784392557,0.1319293217347999,0.08245203281563164
2007-05-04,0.003783711779539512,1.431647483062606e-05,0.0926699926994162,0.0802034532295232,0.07260829801121275,0.13204672856289196,0.08196692201081633
2007-05-07,0.0001994760206711208,3.979068282278541e-08,0.03629669956533352,0.07515780072450946,0.07291990768273782,0.13198446546481798,0.08384775553668086
2007-05-08,0.0013261349347538929,1.7586338651747117e-06,0.050657811894190684,0.0766313515354105,0.07392196930413716,0.13094839886239268,0.09330965778815878
2007-05-09,0.0027161200565520884,7.37730816160452e-06,0.043075841801237046,0.06524956170262122,0.07024687011392322,0.13070148482656788,0.11365086724265219
2007-05-10,0.010507756695655235,0.00011041295077508742,0.09002132634661977,0.0875332758504306,0.08336137322822955,0.13183027827612398,0.11717900812594927
2007-05-11,0.008520732769392875,7.260288692740558e-05,0.11002762120602753,0.0972522792620423,0.08631775784516312,0.132270659783005,0.11342028793426802
2007-05-14,0.0021895330639582376,4.794055038166348e-06,0.11094930737660023,0.08509300549755672,0.08256766553587483,0.13239130200190508,0.11990998430548944
2007-05-15,0.00026564033189776923,7.056478593075699e-08,0.11082983464739664,0.08507191625518422,0.0824787528459938,0.13237416816680647,0.131444581047654
2007-05-16,0.006817299070013652,4.6475566610009e-05,0.12107021343293378,0.0866759111436843,0.08488264122536869,0.1329515017063582,0.13116315191154138
2007-05-17,0.0019805352185460114,3.922519751901098e-06,0.08005228549380483,0.08496165963335038,0.0855561273632708,0.13304583015860813,0.13212042696177564
2007-05-18,0.008686201522499326,7.545009688946961e-05,0.08086854560480881,0.09322014671179214,0.08470409315890048,0.13401960668218799,0.12890822558790788
2007-05-21,0.0005241412477119876,2.747240475530792e-07,0.07571835261408096,0.09349063663877288,0.08287288425653026,0.1336876532006062,0.12909393145929435
2007-05-22,0.000786691786414824,6.188839668125469e-07,0.07813844782526258,0.09314568627567978,0.08318727970378094,0.1336816869189483,0.13891702863818933
2007-05-23,0.0001308264987242353,1.7115572768442337e-08,0.06836033714322794,0.09279452604168342,0.078105820711463,0.10333289390143982,0.14041150698580004
2007-05-24,0.009094112297716929,8.270287848348628e-05,0.09994619737153612,0.0881055903692267,0.08588920402156232,0.10399388355305643,0.14072831377395
2007-05-25,0.004161720403645496,1.7319916718119232e-05,0.07673368139367864,0.08001129263573123,0.08671832334347003,0.1037900930148869,0.14084477827062933
2007-05-29,0.003619298238394037,1.309931973844218e-05,0.08436772807641671,0.07975836494229986,0.08032571601141783,0.09936509311415016,0.1442271936163469
2007-05-30,0.008112083691148204,6.580590181219267e-05,0.10328824539019808,0.08679443577667761,0.08380980433353373,0.09745063451022427,0.1507576568090008
2007-05-31,0.0010431738155238827,1.0882116093946556e-06,0.10451598772568096,0.08325879628713458,0.08274095476962848,0.09243269783982905,0.15077265535553405
2007-06-01,0.004944937495803529,2.445240683740368e-05,0.05228862204047497,0.08327691403940997,0.08245203281563164,0.09251655517886528,0.1493428914785486
2007-06-04,0.00013026114917048044,1.696796698321416e-08,0.05873879462821175,0.07409655630401696,0.08196692201081633,0.09150518584829492,0.1534818576550643
2007-06-05,0.003966637513379965,1.573421316255319e-05,0.07684126614877028,0.0779489262438992,0.08384775553668086,0.09217406399092185,0.15359693401911892
2007-06-06,0.010808128534528002,0.00011681564241887841,0.0922314864117745,0.09693691028680565,0.09330965778815878,0.09556686247957748,0.1484447328596064
2007-06-07,0.01820999762286439,0.00033160401342472676,0.14480529074918355,0.1317106570463959,0.11365086724265219,0.0942784326537271,0.13203843879717794
2007-06-08,0.012927471241949559,0.00016711951271143288,0.18646179548988887,0.1452085468206411,0.11717900812594927,0.09644895894248648,0.12494400192225984
2007-06-11,0.0017200825768048944,2.9586840710277654e-06,0.18899690210081624,0.14375294073678052,0.11342028793426802,0.09645088174720096,0.13604665567071353
2007-06-12,0.010966226387416102,0.00012025812118006121,0.19609440045998344,0.15119346489751334,0.11990998430548944,0.0993846389123263,0.13159564607408905
2007-06-13,0.014857881088546783,0.00022075663044139612,0.23040951154312012,0.1664898999595851,0.131444581047654,0.10086977457315005,0.13275306057932182
2007-06-14,0.006365466036186241,4.051915785784057e-05,0.16412343899857382,0.17059105361995497,0.13116315191154138,0.10104178493144518,0.1314856380466977
2007-06-15,0.005673569905917112,3.218939547732831e-05,0.14941699330531372,0.17125629244448604,0.13212042696177564,0.09655901452224909,0.1302769498226627
2007-06-18,0.0011762129560569429,1.3834769179962117e-06,0.15299926519154108,0.17130542028560802,0.12890822558790788,0.09659768807104262,0.13018058828887505
2007-06-19,0.0024827161011548174,6.163879238933378e-06,0.09455863448002434,0.1705594011856545,0.12909393145929435,0.09663367891904785,0.13025114519935702
2007-06-20,0.013994715788732641,0.00019585207000740267,0.13186922569559953,0.17699223626606658,0.13891702863818933,0.10140809453322314,0.11903946425195858
2007-06-21,0.005542497535814623,3.071927893451117e-05,0.12942219079993858,0.14616542745138797,0.14041150698580004,0.10158991672928462,0.12452989775409343
2007-06-22,0.009454030843491697,8.937869918969233e-05,0.13003225270298044,0.14395113743752916,0.14072831377395,0.10244098415173447,0.11906841554057321
2007-06-25,0.004793695849247704,2.2979519895094665e-05,0.12880531536637957,0.1456092366415949,0.14084477827062933,0.10314280336607262,0.13491746001567825
2007-06-26,0.010331625557836848,0.00010674248666734756,0.11970661158282316,0.1443672322583166,0.1442271936163469,0.10570521039545101,0.12876586572432508
2007-06-27,0.014129042239166271,0.00019962983459614466,0.1673674017283268,0.14222923048903482,0.1507576568090008,0.10918147814523982,0.1473292277848857
2007-06-28,0.00013353896392244468,1.7832654885479982e-08,0.15801810805767816,0.13702047172790324,0.15077265535553405,0.10731464830856668,0.16204741121782143
2007-06-29,0.0003324868366846952,1.1054749656859518e-07,0.1440459775692651,0.13204518274418556,0.1493428914785486,0.1073177859693579,0.1732609987628143
2007-07-02,0.009000095637515132,8.100172148441891e-05,0.14927964404435246,0.1427119257973621,0.1534818576550643,0.10855886836451094,0.17268630522092396
2007-07-03,0.003616795492666362,1.3081209635771713e-05,0.09676805626219309,0.14353618294517395,0.15359693401911892,0.10869578152035325,0.17328205920522546
2007-07-05,0.0010503717984519227,1.1032809149831265e-06,0.06527364670488327,0.12297043027361333,0.1484447328596064,0.10877254543107777,0.17683600060103516
2007-07-06,0.0052426243713145065,2.7485110298700825e-05,0.06350535827829698,0.12264760169694017,0.13203843879717794,0.10861754467097587,0.1949583793673449
2007-07-09,0.0007839755745886989,6.146177015516806e-07,0.062185925768436574,0.10903016433357614,0.12494400192225984,0.10839310277694031,0.2068765826770659
2007-07-10,0.014341171466907042,0.0002056691990432287,0.12330752671718873,0.1328369566191372,0.13604665567071353,0.1125953093567429,0.2065795118649116
2007-07-11,0.007065092580693757,4.9915533173773976e-05,0.13369735353488363,0.12041989767546767,0.13159564607408905,0.1119075110046995,0.2114575559318608
2007-07-12,0.015667218181862744,0.00024546172555809054,0.1752627528110165,0.12476110348784969,0.13275306057932182,0.1159997568298111,0.22628371901719346
2007-07-13,0.002974880095466484,8.849911582402678e-06,0.17407512810887216,0.12381357713758284,0.1314856380466977,0.11607748574340718,0.2252311209710075
2007-07-16,0.0001292830004934992,1.6714094216602117e-08,0.17473864705348513,0.12410609590045561,0.1302769498226627,0.11607167100049198,0.22632770118454432
2007-07-17,0.0005166715937793747,2.669495358185192e-07,0.10616287695725157,0.12010250607357137,0.13018058828887505,0.11474641241534873,0.2301239342320309
2007-07-18,0.0018108399435769515,3.279141301253777e-06,0.11377760206019594,0.12105653586491812,0.13025114519935702,0.11448625373568802,0.2326092187627347
2007-07-19,0.0038764136867589717,1.5026583070892283e-05,0.038540231140428885,0.12080344656877134,0.11903946425195858,0.11465885505538033,0.23468757871678483
2007-07-20,0.010176043326388589,0.00010355185778053773,0.08202922609152398,0.13297374483718327,0.12452989775409343,0.11551412084380855,0.24668163990548875
2007-07-23,0.0030573577147712163,9.347436196071075e-06,0.08883608855778723,0.13367445994667868,0.11906841554057321,0.11562536798565123,0.24585707112268101
2007-07-24,0.017493469133628578,0.0003060214623292158,0.14539628439265903,0.1440518623079386,0.13491746001567825,0.12137369161430407,0.24042546420756492
2007-07-25,0.0020469284278314508,4.189915988664535e-06,0.15232144775758852,0.13953773098803648,0.12876586572432508,0.12009122193208056,0.24512918261948882
2007-07-26,0.023963882579176584,0.0005742676682685629,0.18856395459927053,0.1540259166458977,0.1473292277848857,0.12998653732855758,0.23053647432355098
2007-07-27,0.019855517254120155,0.0003942415654286632,0.20332187971295174,0.1663387935947155,0.16204741121782143,0.1356012088465448,0.22286070748247047
2007-07-30,0.015522629514292622,0.0002409520270379884,0.26763699817429476,0.19855241471252802,0.1732609987628143,0.1390037485160021,0.21896031402867125
2007-07-31,0.011327370873683431,0.00012830933090997174,0.2583635438666304,0.19923754178702127,0.17268630522092396,0.1405667135008775,0.2295045252025909
2007-08-01,0.004860400309239096,2.3623491166051503e-05,0.2655946242800153,0.20588051421357617,0.17328205920522546,0.14099148194535255,0.2397775512292629
2007-08-02,0.007958197091404006,6.333290094563118e-05,0.23125135976099567,0.21193048420195507,0.17683600060103516,0.1420209770644387,0.2380824341224038
2007-08-03,0.02608217544450555,0.0006802798759179683,0.2656373407202324,0.23655196422115435,0.1949583793673449,0.15138052506113064,0.2203438826297967
2007-08-06,0.016620459004801646,0.0002762396575302921,0.27022584890891777,0.2605239583875189,0.2068765826770659,0.15410428277222557,0.2154626764373232
2007-08-07,0.010613094232255267,0.00011263776918273001,0.26528502438296003,0.2615064683758339,0.2065795118649116,0.15467489069513526,0.2149014126150876
2007-08-08,0.01384426994515793,0.00019166381031440315,0.27709750552901596,0.2735046992323598,0.2114575559318608,0.15729463049046757,0.2088641816160609
2007-08-09,0.03008189714064277,0.0009049205355802117,0.3654778076052149,0.28905653262131037,0.22628371901719346,0.1689356859167994,0.18518991589227118
2007-08-10,0.004688143529640259,2.197868975450783e-05,0.3073555251074404,0.27204582131419297,0.2252311209710075,0.16844853955486636,0.18447327769351085
2007-08-13,0.0035874593434752087,1.2869864541087576e-05,0.2789382951381778,0.2589194223434051,0.22632770118454432,0.1686546267519718,0.18847002814790093
2007-08-14,0.015404206921021577,0.00023728959086564904,0.26966906269727964,0.2640239946537565,0.2301239342320309,0.1702017331241152,0.17854699069694133
2007-08-15,0.01387128117507635,0.00019241244143802753,0.20055282571472727,0.26736326710172004,0.2326092187627347,0.172224243440483,0.16959961583781158
2007-08-16,0.007487367936502142,5.606067861656035e-05,0.1618561179487141,0.26679578033498735,0.23468757871678483,0.17314845827557088,0.16889883199262595
2007-08-17,0.018200660816120467,0.00033126405414346294,0.22865582797099573,0.25560522654762785,0.24668163990548875,0.17759860829501214,0.160036047192235
2007-08-20,0.00048357438714216453,2.3384418789992002e-07,0.2264477745658795,0.2395640008617895,0.24585707112268101,0.17675483232442943,0.1878595481472392
2007-08-21,0.002002667438265353,4.010676868288311e-06,0.1858763144420877,0.23156248320771536,0.24042546420756492,0.17655895602293975,0.18819222785429363
2007-08-22,0.01179829137462693,0.00013919967936059624,0.11945092025272432,0.22785547055562894,0.24512918261948882,0.1781992675097581,0.18817861626142765
2007-08-23,0.0008872589193654938,7.872283899936239e-07,0.13466375731652766,0.1665027379680316,0.23053647432355098,0.1772825037053211,0.1879084349359084
2007-08-24,0.012277803556313392,0.00015074446016742176,0.10436192240192979,0.17258934380842625,0.22286070748247047,0.17926383743254268,0.18437938347804117
2007-08-27,0.009346927415490031,8.736505211043915e-05,0.14460120910341642,0.18219267311474324,0.21896031402867125,0.17980856461433184,0.18052132409671676
2007-08-28,0.02222524746307961,0.0004939616247951266,0.2324954282450381,0.20174349148317167,0.2295045252025909,0.1851166148045731,0.1569886441298017
2007-08-29,0.019431575391503877,0.00037758612219569905,0.2644823513692203,0.20458800783303197,0.2397775512292629,0.18971743293802132,0.14522397830256234
2007-08-30,0.002665405227083927,7.104385024566322e-06,0.2650951657361644,0.20584432161853025,0.2380824341224038,0.18859512105053686,0.145555282755173
2007-08-31,0.009804617456976314,9.613052347764468e-05,0.2580700113542189,0.19212518547125154,0.2203438826297967,0.1861227666340902,0.1465859626700794
2007-09-04,0.010045279736608738,0.00010090764498672213,0.25526277273605286,0.19559812232979584,0.2154626764373232,0.18535338513554225,0.14433179866228324
2007-09-05,0.008690956614519922,7.553272687546759e-05,0.17771280076244908,0.20433227388775163,0.2149014126150876,0.18613208467771317,0.13971183474521062
2007-09-06,0.0022979660536715757,5.280647983826915e-06,0.1283934248835468,0.1969489421936456,0.2088641816160609,0.18487223617103107,0.1397311812165284
2007-09-07,0.01400449397178934,0.00019612585140588396,0.1727911969230445,0.21098389455828392,0.18518991589227118,0.18436096105897481,0.12974898497994172
2007-09-10,0.0019185503707292806,3.68083552502546e-06,0.14879195367753778,0.19896631944049228,0.18447327769351085,0.18380894134312184,0.13218159349428868
2007-09-11,0.011593600253441874,0.0001344115668366075,0.15715712832300358,0.20421198366924476,0.18847002814790093,0.18508411672121486,0.13056043225995984
2007-09-12,0.0025724751893303325,6.61762859972013e-06,0.14765383053046086,0.16070372766304133,0.17854699069694133,0.1851953153731967,0.13168873592048544
2007-09-13,0.007009429545770998,4.913210255712742e-05,0.15562894952570913,0.13482256918019586,0.16959961583781158,0.1857441458208285,0.1335678061241125
2007-09-14,6.797890105661136e-05,4.621130988864557e-09,0.08702191678411825,0.13313929687660514,0.16889883199262595,0.18359684246655342,0.1336743893244548
2007-09-17,0.005387174765044188,2.9021651949128908e-05,0.10341656521951552,0.12956353106344964,0.160036047192235,0.18349062771156216,0.13656647005938588
2007-09-18,0.029014921670482398,0.0008418656795442291,0.21104255052330295,0.19015654205201185,0.1878595481472392,0.19214348580247587,0.09943906161411002
2007-09-19,0.005885958206299264,3.4644504006301655e-05,0.20832424636937405,0.18052584186929335,0.18819222785429363,0.19220211741805932,0.09796428000257229
2007-09-20,0.007067304463511203,4.994679237996538e-05,0.2321323831631465,0.18850711046818655,0.18817861626142765,0.19153978111993145,0.09515424105006448
2007-09-21,0.002694870711016531,7.2623281490947434e-06,0.22953959965061574,0.16395724333708306,0.1879084349359084,0.18947233732939298,0.13509239768502704
2007-09-24,0.0018437784051020599,3.399518807120696e-06,0.22061522567276776,0.16387654812645872,0.18437938347804117,0.18951961140124673,0.1369896298796151
2007-09-25,0.0019803410501452686,3.921750674890465e-06,0.07861773859893073,0.16143515473957476,0.18052132409671676,0.18957319259199162,0.1400452742112084
2007-09-26,0.005271137196631736,2.778488734571467e-05,0.07555151177916948,0.16176422895855178,0.1569886441298017,0.18898570405419057,0.13884826589082186
2007-09-27,0.00589611168622376,3.476413301642439e-05,0.05991461177466063,0.16115500592302484,0.14522397830256234,0.18922327616310922,0.1373405451296799
2007-09-28,0.003337022483046751,1.1135719052359502e-05,0.07000830315437041,0.1638478561481602,0.145555282755173,0.18934377794367668,0.14328390863893967
2007-10-01,0.011209064134292634,0.00012564311876668547,0.09559303119726376,0.1614663316214281,0.1465859626700794,0.19042461278571146,0.13798313850204694
2007-10-02,0.0013619036098141946,1.854781442424934e-06,0.09347262802314549,0.08802740322619702,0.14433179866228324,0.1904483475142336,0.14010526531571876
2007-10-03,0.002013302988092313,4.053388921861437e-06,0.0990881112306066,0.08600767684967467,0.13971183474521062,0.18809305147851507,0.14491751603757605
2007-10-04,0.001559503753868713,2.432051958330607e-06,0.09316835497154485,0.07414694396054361,0.1397311812165284,0.18759651567962457,0.16785718316106082
2007-10-05,0.01181155081402767,0.00013951273263235772,0.10753922120719618,0.0902573596177146,0.12974898497994172,0.18641016018691944,0.16121051290769214
2007-10-08,0.005339901467163289,2.8514547679012647e-05,0.10410577269869684,0.09648303654070335,0.13218159349428868,0.18666698262426068,0.16213592655534756
2007-10-09,0.009373593643444048,8.786425779241465e-05,0.11638235803029554,0.09958783131399374,0.13056043225995984,0.18763117877550894,0.16630304309262314
2007-10-10,0.0016623592211680023,2.7634381802022872e-06,0.11543793111978484,0.10181607335156943,0.13168873592048544,0.1876660060410265,0.19074682330443446
2007-10-11,0.004812825050534805,2.316328496705535e-05,0.129028274629634,0.10624461645301046,0.1335678061241125,0.18790657485065893,0.1907883770044192
2007-10-12,0.005516053290128082,3.0426843899532838e-05,0.1037450364800353,0.10413364772456082,0.1336743893244548,0.18807406989055356,0.1920247278312612
2007-10-15,0.00847966170344582,7.190466260488567e-05,0.1166861737629976,0.10455003504484271,0.13656647005938588,0.18770557360439782,0.19258808144175554
2007-10-16,0.007965954059156724,6.345642407259548e-05,0.09089095416126056,0.11270854549167834,0.09943906161411002,0.1883577234657977,0.22597767602465313
2007-10-17,0.003051407128939349,9.311085466541882e-06,0.10227979552824167,0.1132947932597773,0.09796428000257229,0.18485412479451035,0.2252334987969769
2007-10-18,0.003637005860626541,1.3227811630231806e-05,0.10096456571599757,0.11467858731606925,0.09515424105006448,0.18500488272444146,0.22944690589092023
2007-10-19,0.026504385595084338,0.0007024824557729141,0.1741341520342394,0.15602354587116157,0.13509239768502704,0.18649562160333003,0.21184669509636084
2007-10-22,0.0057954808614729195,3.358759841569889e-05,0.20249029983765435,0.16328281166729477,0.1369896298796151,0.18203183357752278,0.21468701858908815
2007-10-23,0.008071457798968633,6.514843100053158e-05,0.22292065512569803,0.16064446563156212,0.1400452742112084,0.18006870617414353,0.21353577019555608
2007-10-24,0.0018466871412227662,3.410253397557513e-06,0.21768653767500865,0.16060213232840076,0.13884826589082186,0.17843473746117472,0.22313131458549398
2007-10-25,0.0023738782680658133,5.635298031595145e-06,0.2218078893564212,0.1624736756493462,0.1373405451296799,0.17826127932703204,0.23404505179352442
2007-10-26,0.01165471606239804,0.00013583240649511888,0.08245027191698664,0.1733657911645332,0.14328390863893967,0.1790647527542494,0.23762278827997782
2007-10-29,0.0033143995513660496,1.0985244386095471e-05,0.08321775578947276,0.1706324041123267,0.13798313850204694,0.170167175483213,0.24276233690419807
2007-10-30,0.006966909167336591,4.853782334591863e-05,0.10936455900799555,0.16948967665200598,0.14010526531571876,0.16790939989400402,0.2728227274490395
2007-10-31,0.01033488134698835,0.00010680977245632773,0.11826554217324053,0.1774813187349423,0.14491751603757605,0.16784120360480637,0.2691228263558393
2007-11-01,0.02368597608805075,0.000561025463243712,0.23242315093371624,0.21448364065229383,0.16785718316106082,0.17296375788823293,0.26033274514664156
2007-11-02,0.0011248352864658042,1.2652544216786078e-06,0.20670360247008404,0.16411290617345684,0.16121051290769214,0.1610310104651655,0.2610258097058466
2007-11-05,0.00763480877558363,5.8290305039728813e-05,0.19953639840469953,0.16698672367841083,0.16213592655534756,0.1615669705986263,0.26150973443353254
2007-11-06,0.013372522032210028,0.0001788243455019426,0.2378257310334131,0.17631106161784038,0.16630304309262314,0.16355065390930915,0.26414073211826344
2007-11-07,0.027736860473339738,0.0007693334289175163,0.2716831637010285,0.22572215028585482,0.19074682330443446,0.17058594610470101,0.24956827632159725
2007-11-08,0.005083474446463892,2.5841712447851374e-05,0.23795798753480418,0.22442054075781,0.1907883770044192,0.16832867001294335,0.24858579920896717
2007-11-09,0.01382149586701823,0.00019103374800200198,0.23661727101931218,0.21360357990294884,0.1920247278312612,0.17035826624843395,0.24295147812480092
2007-11-12,0.00997161452601777,9.943309625548859e-05,0.23685899400113591,0.20828834876540162,0.19258808144175554,0.16756830072974088,0.26239760414877367
2007-11-13,0.030025351043812692,0.0009015217053041839,0.34100445069234,0.27919747076164514,0.22597767602465313,0.1785281735789512,0.24223592825333654
2007-11-14,0.0027728892748796873,7.688914930742798e-06,0.2778029376605075,0.2688248942275713,0.2252334987969769,0.17862137304256537,0.2421264292943525
2007-11-15,0.01452869023460377,0.00021108283993307098,0.2955232949666032,0.25416924954085135,0.22944690589092023,0.17958625698541253,0.24075124527263525
2007-11-16,0.0017157255776254184,2.943714257718076e-06,0.27708609884007945,0.25450058720790775,0.21184669509636084,0.17961351221087946,0.24643008656986512
2007-11-19,0.014022146421884351,0.00019662059027676412,0.288355413488485,0.259280294756063,0.21468701858908815,0.18001872271960961,0.24167197615293637
2007-11-20,0.006102824872707847,3.724447142694154e-05,0.14744544138298307,0.24773110083547645,0.21353577019555608,0.17953857546636418,0.2408426113094953
2007-11-21,0.020677065394039105,0.0004275410333093695,0.1831573188832281,0.2316061037489436,0.22313131458549398,0.17875313705082835,0.22819149359698232
2007-11-23,0.01714481892209393,0.0002939448158713901,0.24326580086418195,0.25518922868069027,0.23404505179352442,0.17774124578898642,0.22587084582242573
2007-11-26,0.022310145219924797,0.0004977425797341332,0.2778178154271995,0.26929282477617883,0.23762278827997782,0.18337650150562895,0.20801309227542822
2007-11-27,0.011427684429302755,0.00013059197141572864,0.29413361899153,0.27498968645161226,0.24276233690419807,0.1837966892647458,0.2056921584811819
2007-11-28,0.0314839193825969,0.0009912371796898607,0.37923016324004144,0.2796245456954814,0.2728227274490395,0.19401661342043755,0.18193704649059014
2007-11-29,0.0003399769741776336,1.1558434297097935e-07,0.3198151547636847,0.2793973756477667,0.2691228263558393,0.19319773106608737,0.18224018458312635
2007-11-30,0.010004550069646507,0.00010009102209606391,0.3102895333534894,0.27152606957697434,0.26033274514664156,0.19423035995041993,0.18043095814049034
2007-12-03,0.006613886051071453,4.374348869655754e-05,0.2287636446377327,0.2750707072202761,0.2610258097058466,0.19251481324665023,0.1815622407534171
2007-12-04,0.008978352071247397,8.061080591527243e-05,0.2606189026084738,0.2682919577315131,0.26150973443353254,0.19339793846180245,0.17889404102224943
2007-12-05,0.016600613266670804,0.0002755803608295667,0.1728725131664347,0.2780138146645399,0.26414073211826344,0.19493019457141353,0.18735203403990913
2007-12-06,0.014212342093720222,0.0002019906677889317,0.19028786603502842,0.24902767059247566,0.24956827632159725,0.19697716466635024,0.1770693303697393
2007-12-07,0.0001985492814732886,3.942181717355918e-08,0.1872976061206542,0.24308888724084285,0.24858579920896717,0.1965008028014561,0.18271732838838967
2007-12-10,0.007722974610196438,5.9644336829738824e-05,0.16752590873335277,0.19122947871771112,0.24295147812480092,0.19708609587028506,0.18525862369413174
2007-12-11,0.027802472453927207,0.0007729774745513812,0.2848617742366602,0.2587333135861744,0.26239760414877367,0.20510309250158604,0.1651079204694011
2007-12-12,0.009822622007385217,9.648390309996839e-05,0.2666152919478348,0.21221804651964518,0.24223592825333654,0.1971466919069937,0.16023621423049864
2007-12-13,0.002077779463428811,4.317167498646518e-06,0.2383881326829319,0.21293744268668405,0.2421264292943525,0.1967610734592069,0.16489122357394279
2007-12-14,0.012760442968957012,0.00016282890476400445,0.2472424654163961,0.2174073685502634,0.24075124527263525,0.19792811290514617,0.1758761132768736
2007-12-17,0.014372269414869859,0.00020656212813360359,0.22418828137047242,0.22631550698448732,0.24643008656986512,0.19983645867572025,0.17205265508039438
2007-12-18,0.005568324193027429,3.100623431865456e-05,0.17078978094307654,0.22514406061340753,0.24167197615293637,0.20024397239285413,0.18832164456745132
2007-12-19,0.0,0.0,0.13584628458488393,0.20468664280247276,0.2408426113094953,0.20022894438715094,0.1888344962430355
2007-12-20,0.006286606599607584,3.9521422538229635e-05,0.15739728004049566,0.19049673266007738,0.22819149359698232,0.20036727715370387,0.18513029415291815
2007-12-21,0.014312355197439335,0.00020484351129766874,0.16914152424652001,0.20903082126887515,0.22587084582242573,0.20226628907264077,0.20088398786092046
2007-12-24,0.007398296848826549,5.473479626335685e-05,0.0812459631720733,0.20864309188771063,0.20801309227542822,0.20281005207140396,0.2017436440621888
2007-12-26,0.002142556700202778,4.590549213583817e-06,0.08767291991319043,0.14761808124691225,0.2056921584811819,0.2014626588018833,0.20258972932773955
2007-12-27,0.012650937135166646,0.00016004621039793847,0.15925310672706225,0.1555975885584157,0.18193704649059014,0.2030075098603763,0.21548921280708944
2007-12-28,0.00250867120739826,6.293431226829044e-06,0.16177065225367077,0.15572596838988848,0.18224018458312635,0.20302455807169936,0.21796345954923088
2007-12-31,0.007427343277261107,5.516542815827576e-05,0.12469076813453821,0.14612666200801183,0.18043095814049034,0.20344568013894607,0.21795465527223165
2008-01-02,0.008793489664681195,7.7325460482855e-05,0.09134751737538925,0.13298990979399503,0.1815622407534171,0.20237879355525207,0.23064375928820904
2008-01-03,0.0004828160568337333,2.331113447364748e-07,0.07777302295541481,0.1298799179218491,0.17889404102224943,0.2021911850082136,0.2399185175916786
2008-01-04,0.024811828017144887,0.000615626809552376,0.15205987067816729,0.17928503256087933,0.18735203403990913,0.20675612885029251,0.2281029709782011
2008-01-07,0.0008494863372813644,7.21627037227708e-07,0.15677119631260614,0.17278233783369798,0.1770693303697393,0.20676198282590494,0.24588582490095293
2008-01-08,0.016280651715766686,0.00026505962029009674,0.16541213500046098,0.15215311819471278,0.18271732838838967,0.2088487954574578,0.24150400472014
2008-01-09,0.010455914181817409,0.00010932614137753041,0.22260645359451348,0.16047843636979683,0.18525862369413174,0.2098298448878713,0.23920642754354024
2008-01-10,0.006532680315842067,4.267591210899041e-05,0.239288916306892,0.1681383446931976,0.1651079204694011,0.21001554771346076,0.23724303606810457
2008-01-11,0.008101204375666268,6.562951233631429e-05,0.17204338630394436,0.1643669002430613,0.16023621423049864,0.210033635474622,0.23810111625562488
2008-01-14,0.008030273841130357,6.44852979635425e-05,0.18565291705442324,0.17725560202283389,0.16489122357394279,0.21073694354619407,0.23882982522200835
2008-01-15,0.022258969314502212,0.0004954617149439511,0.22051752361210833,0.1991635148860352,0.1758761132768736,0.21500291898768253,0.2304383417187015
2008-01-16,0.008649694334392121,7.481721207841516e-05,0.1981993385049143,0.199101385298524,0.17205265508039438,0.20923631801654347,0.23052635632342064
2008-01-17,0.02625783283704815,0.0006894737852983641,0.21513368743840922,0.22121676491222547,0.18832164456745132,0.21477417580484895,0.2097814667024656
2008-01-18,0.010320522347566405,0.00010651318152661758,0.2135298762889355,0.20189990683766373,0.1888344962430355,0.2144259202032915,0.20582547639831428
2008-01-22,0.010198948533132116,0.00010401855118147774,0.1287848594094499,0.1996661960799139,0.18513029415291815,0.21504459726624708,0.2013310053070071
2008-01-23,0.02373680963369061,0.0005634361315860674,0.2902697554966937,0.2469893116005757,0.20088398786092046,0.2214189869042029,0.1869842017871785
2008-01-24,0.008406505479658615,7.066933437953031e-05,0.30651371314685394,0.24389458851893764,0.2017436440621888,0.2206614061073756,0.18585760956283856
2008-01-25,0.01455110042985827,0.00021173452371982151,0.2577662725558872,0.24157667387742168,0.20258972932773955,0.2218350780256479,0.18210882894521443
2008-01-28,0.016401385866031112,0.00026900545832644516,0.26392138051976555,0.2657597179726828,0.21548921280708944,0.2249122821822391,0.1750978264944143
2008-01-29,0.00494163422457057,2.441974880944718e-05,0.22950535029194838,0.2624173317403369,0.21796345954923088,0.2239209278024831,0.17465836679403804
2008-01-30,0.007384576403177042,5.453196865435919e-05,0.19734091469012027,0.24315660428063712,0.21795465527223165,0.2196493645317725,0.17638181592590643
2008-01-31,0.01806966797616628,0.0003265129007688892,0.22799620875051424,0.26028101079708044,0.23064375928820904,0.22332515475843506,0.182206173508632
2008-02-01,0.015959981987952128,0.00025472102505575637,0.17182269796113042,0.223406395768775,0.2399185175916786,0.22578295560390363,0.1703993611336327
2008-02-04,0.012689571648016835,0.0001610252286101527,0.21734029269029814,0.2280764078514064,0.2281029709782011,0.2249551584401702,0.1660298993690024
2008-02-05,0.027139154166257763,0.0007365336888599061,0.3072612466613828,0.2701401803491377,0.24588582490095293,0.22466113719568123,0.1384327628012887
2008-02-06,0.008083964008171723,6.535047408541582e-05,0.30798136334692044,0.2465420524152657,0.24150400472014,0.2249471478564341,0.1547631784932846
2008-02-07,0.00659191182919797,4.345330156392012e-05,0.26710359895058366,0.24484697576692044,0.23920642754354024,0.2240954512257103,0.15578175915969458
2008-02-08,0.0064417635233394175,4.1496317290626265e-05,0.1930576001277128,0.23528123743756954,0.23724303606810457,0.22362504720501356,0.16041333596206642
2008-02-11,0.005097266102536507,2.598212172006771e-05,0.21490873048056003,0.21956569099419587,0.23810111625562488,0.21440700664892637,0.20705599310560355
2008-02-12,0.009228282192366438,8.516119222194751e-05,0.12631773881692726,0.22388467040816049,0.23882982522200835,0.21553624255355935,0.20608313299814138
2008-02-13,0.010171050362168772,0.0001034502654697735,0.10591127692087286,0.22649243198024605,0.2304383417187015,0.21505772343236276,0.20207082350950328
2008-02-14,0.008838895046560777,7.812606564411664e-05,0.14136987966513004,0.20961525042629744,0.23052635632342064,0.21557637168852906,0.20660090477062903
2008-02-15,0.00022220573710282282,4.937538960140881e-08,0.1242676160393655,0.1860416059970784,0.2097814667024656,0.2139117203187366,0.20840589663835596
2008-02-19,0.002808362697523157,7.886901040839543e-06,0.12299087065391738,0.1801574275923937,0.20582547639831428,0.21355453593412124,0.25876740747329285
2008-02-20,0.0029474189797487334,8.687278642183064e-06,0.10905343040100059,0.11125593571753173,0.2013310053070071,0.20970947034232892,0.27229789117918446
2008-02-21,0.00834898336350929,6.970552320415488e-05,0.09300165167706016,0.11188969328007788,0.1869842017871785,0.206984531324664,0.28054698657507854
2008-02-22,0.0061389582394967765,3.768680826628536e-05,0.087600350329583,0.1113113787489292,0.18585760956283856,0.20265715941554005,0.2890610307995986
2008-02-25,0.012530310156622983,0.0001570086726211691,0.12018774303130282,0.11525839384270674,0.18210882894521443,0.2029479956597909,0.2852561995831482
2008-02-26,0.007472001518677968,5.583080669512585e-05,0.12370204839267554,0.11698467070535867,0.1750978264944143,0.1924620241306471,0.2864137813531578
2008-02-27,0.001012061541228939,1.0242685632346951e-06,0.12919472129911705,0.11392628994832163,0.17465836679403804,0.19244368114130658,0.2864513312442946
2008-02-28,0.00981556558224603,9.634532769937283e-05,0.13770491720501485,0.11961745113905359,0.17638181592590643,0.19190701830461032,0.2863757071639127
2008-02-29,0.022535682218413514,0.0005078569730493191,0.2220109371284023,0.16154316214196518,0.182206173508632,0.19651275571964155,0.2760367532530074
2008-03-03,0.0023942279820128925,5.7323276298535275e-06,0.17868086069355352,0.1616168854664348,0.1703993611336327,0.1959126795007471,0.30247685800724655
2008-03-04,0.0038273196641557443,1.464837581163324e-05,0.14024817577646745,0.16041305086394536,0.1660298993690024,0.19231614556250498,0.301867468571331
2008-03-05,0.006296432150029198,3.9645057819921306e-05,0.16947019265355412,0.16407678419885288,0.1384327628012887,0.1901760372587337,0.30138752926920626
2008-03-06,0.020915455049980117,0.00043745625994773876,0.19907150828090855,0.1889061893297261,0.1547631784932846,0.1940757887878229,0.2898876947316558
2008-03-07,0.010353606053574708,0.00010719715831261884,0.16072965648204623,0.18514429085792264,0.15578175915969458,0.19363865133161123,0.2860768505694865
2008-03-10,0.013270574118798164,0.00017610813744251566,0.16287222107599847,0.16282420421218505,0.16041333596206642,0.18774925571273224,0.280097983280954
2008-03-11,0.03530648965682312,0.001246548211887358,0.3554285976130951,0.2620097396848875,0.20705599310560355,0.20154659246181547,0.25585247670361183
2008-03-12,0.009395885104328918,8.828265689375005e-05,0.3537366377234471,0.26248651021359626,0.20608313299814138,0.2021318497339026,0.25263214601859146
2008-03-13,0.002205414369118008,4.863852539512181e-06,0.3193662094248123,0.26336267557891024,0.20207082350950328,0.2010589573915694,0.26398749832840546
2008-03-14,0.015616696533101312,0.00024388121060697854,0.3329453431450885,0.25167670306502116,0.20660090477062903,0.20140800450201293,0.2573225479559727
2008-03-17,0.010158803584930659,0.0001032012902772,0.3258802569084256,0.2539912930162672,0.20840589663835596,0.20153280232666185,0.25360194029878813
2008-03-18,0.04070339797470605,0.0016567666066873044,0.3624312208719105,0.3388894822826087,0.25876740747329285,0.21974389067827485,0.22908640587390663
2008-03-19,0.025081954492741424,0.0006291044411759517,0.4066772882348973,0.35977441760793005,0.27229789117918446,0.22442699285242879,0.20660515755530143
2008-03-20,0.018353582050856583,0.00033685397409752494,0.4315677791548884,0.35797711252203923,0.28054698657507854,0.22582210110815,0.2004733575098308
2008-03-24,0.0197906657075316,0.00039167044914726733,0.4152697096644105,0.36252746997550417,0.2890610307995986,0.2293848934787723,0.18963605200833744
2008-03-25,0.0009644851290339449,9.302315641276255e-07,0.39015840049908257,0.3500558555480585,0.2852561995831482,0.22931499806913325,0.19075788461892362
2008-03-26,0.012311707771430761,0.0001515781482491086,0.3083854469644804,0.3174106817934229,0.2864137813531578,0.22924648342675147,0.18442837638550372
2008-03-27,0.003157942548244016,9.97260113800991e-06,0.2215680076947624,0.3132374607009694,0.2864513312442946,0.22926089504232217,0.18374621506693067
2008-03-28,0.009610336411448619,9.235856594121511e-05,0.20123234521571268,0.3181428193687738,0.2863757071639127,0.2295394483177687,0.1800214778254808
2008-03-31,0.0034918149797576667,1.2192771852860034e-05,0.10706912165635721,0.3054350621006354,0.2760367532530074,0.22929482862671327,0.18027471103729667
2008-04-01,0.03455537398759655,0.001194073871422664,0.2997872852302415,0.3353831067891261,0.30247685800724655,0.24089521791494267,0.13699073531321912
2008-04-02,0.0006588524420197143,4.3408654035534095e-07,0.27201496050971313,0.27712025233845317,0.301867468571331,0.2356935541675614,0.13911167464631444
2008-04-03,0.002483769150497884,6.16910919296498e-06,0.26393914705755206,0.2301240913937592,0.30138752926920626,0.23576964178918208,0.15602823215456377
2008-04-04,0.0010952142719682402,1.1994943015229224e-06,0.23713055937558863,0.22025823275811957,0.2898876947316558,0.23344750156443908,0.15578850824055002
2008-04-07,0.0005110422741308727,2.6116420594885403e-07,0.2416174339022406,0.20093623942923783,0.2860768505694865,0.23240290651114,0.1574487419494159
2008-04-08,0.0010226566539016538,1.045826631769327e-06,0.02332789702296102,0.20137292437626125,0.280097983280954,0.23196572072842375,0.1592005755938758
2008-04-09,0.007262069407944491,5.273765208580325e-05,0.05792524620042135,0.19313727934641237,0.25585247670361183,0.2318539037868964,0.1714225638725068
2008-04-10,0.0013979902474705941,1.954376732022893e-06,0.053853914794646865,0.1911034521174188,0.25263214601859146,0.23121660702973515,0.17198646688964592
2008-04-11,0.019600050374694453,0.0003841619746905602,0.1386666067134763,0.21391655287952435,0.26398749832840546,0.23021235355006084,0.15422516585765297
2008-04-14,0.0033794999039305743,1.142101960066676e-05,0.13112618337620793,0.21482496380140742,0.2573225479559727,0.22966876537825928,0.15609469704464016
2008-04-15,0.0023297789827977458,5.427870108686099e-06,0.1408959918552578,0.10615000082068675,0.25360194029878813,0.2233157641221047,0.15636666143287625
2008-04-16,0.026732868367348957,0.0007146462511460064,0.2640158025636593,0.18168469812822896,0.22908640587390663,0.2288036465521885,0.12789142492293168
2008-04-17,0.0014608082516326605,2.1339607480380705e-06,0.2640147068095032,0.18138272687013532,0.20660515755530143,0.22768162021389093,0.13373508585212593
2008-04-18,0.010380091743422842,0.00010774630460187505,0.18779022464603873,0.18843991598198298,0.2004733575098308,0.22356028367253286,0.12999979194938835
2008-04-21,0.0005058666166572719,2.559010338482753e-07,0.17520710489717062,0.18844041287321708,0.18963605200833744,0.2229747307506787,0.1300168768956384
2008-04-22,0.004413126061309926,1.947568163301286e-05,0.19505383373928775,0.19029661960919086,0.19075788461892362,0.22100800964090098,0.13294486966574637
2008-04-23,0.0015961822138470681,2.5477976598017273e-06,0.0884307588608895,0.18563115495904753,0.18442837638550372,0.21860632198059682,0.1480554302755686
2008-04-24,0.004347223419885531,1.889835146240125e-05,0.0911603437793925,0.18622776274248493,0.18374621506693067,0.2185567928010262,0.14740934137619927
2008-04-25,0.009211387052569632,8.484965143224746e-05,0.0843929189014932,0.14584367052261865,0.1800214778254808,0.2186864370826893,0.1514454258639043
2008-04-28,0.00021488524319840854,4.6175667744439184e-08,0.08465785020644823,0.14141521086560885,0.18027471103729667,0.21565269846565677,0.1541376948257174
2008-04-29,0.003946408794591809,1.5574142374031578e-05,0.08262622639689983,0.14798767323415832,0.13699073531321912,0.21334638684169469,0.15447899302231802
2008-04-30,0.0059134442103678155,3.496882242913264e-05,0.09762300385291536,0.08790717769143228,0.13911167464631444,0.21207003364652482,0.15372410445494888
2008-05-01,0.020474475246410214,0.00041920413661586457,0.17286373991720808,0.13153661239947045,0.15602823215456377,0.20833111654818948,0.13504694277430485
2008-05-02,0.0027597536988977754,7.616240478579953e-06,0.16658326014558808,0.12483783658114055,0.15578850824055002,0.2075110495077679,0.13912974578472445
2008-05-05,0.00481714042678685,2.3204841891384196e-05,0.174966123736314,0.12958747930934844,0.1574487419494159,0.2075409337093914,0.1395593624508486
2008-05-06,0.008626164665821627,7.441071684186954e-05,0.1720958818406016,0.12908617404607234,0.1592005755938758,0.20755552550665096,0.13490731704174352
2008-05-07,0.0179712845936908,0.00032296706994742823,0.22879991614082776,0.16606194956552828,0.1714225638725068,0.21104642146917582,0.14004161599279538
2008-05-08,0.002583636641597376,6.675178295804569e-06,0.15789981385378105,0.166143995654552,0.17198646688964592,0.2104156932910887,0.18227276077024382
2008-05-09,0.0018703027814973901,3.498032494476874e-06,0.15090038243884626,0.15924155765519582,0.15422516585765297,0.2095188563943456,0.1826496232324682
2008-05-12,0.011168795027102824,0.00012474198235743676,0.18288599529986835,0.1697697011229455,0.15609469704464016,0.20976732255040637,0.1775070980600915
2008-05-13,0.00014213256542109032,2.020166615318052e-08,0.16520111291659567,0.1679396703222138,0.15636666143287625,0.20976164574598208,0.18336996874097725
2008-05-14,0.0020623558255932297,4.253311551358332e-06,0.08812774429775257,0.1634571608097199,0.12789142492293168,0.20973561769639065,0.18403149859300533
2008-05-15,0.012425022465925618,0.00015438118327875633,0.10421250033343006,0.1411834679861984,0.13373508585212593,0.21106153240359174,0.1841800391715323
2008-05-16,0.0009118833653867561,8.315312720690761e-07,0.09443043045118182,0.14084075377929192,0.12999979194938835,0.2101846099336966,0.18410897980935645
2008-05-19,0.0027297796838219096,7.451697122206844e-06,0.07944028096409489,0.13745355138373094,0.1300168768956384,0.20994652542456768,0.1833246135636716
2008-05-20,0.008142637666528172,6.630254816836337e-05,0.11591505960231539,0.1390966376824314,0.13294486966574637,0.20935906900570436,0.18406411054662242
2008-05-21,0.017058370261834998,0.0002909879959898566,0.1780614235549458,0.13585246827895534,0.1480554302755686,0.21195308833935306,0.17653305517163756
2008-05-22,0.00014365429652601636,2.0636556910384638e-08,0.13135329099205492,0.13510004653240765,0.14740934137619927,0.21193767681202644,0.18364175421563567
2008-05-23,0.013495187842183742,0.00018212009489582386,0.1352199022980516,0.15178472907634638,0.1514454258639043,0.21281548115312302,0.1791815530514465
2008-05-27,0.007383070206137112,5.45097256687495e-05,0.1586723991364486,0.14435645092353147,0.1541376948257174,0.20795538740357264,0.17569133766390893
2008-05-28,0.004605502920200576,2.1210657147976035e-05,0.17407395440767315,0.14730488214632395,0.15447899302231802,0.20800898359723702,0.17575048981483307
2008-05-29,0.005012234259545504,2.5122492272561667e-05,0.1328915742162735,0.14965974617269862,0.15372410445494888,0.20795954797093638,0.19426375800022994
2008-05-30,0.0024967275670414856,6.233648544024896e-06,0.13328702868163517,0.1329246009372547,0.13504694277430485,0.20768702430473532,0.19270544988954696
2008-06-02,0.01038496241215513,0.00010784744430187491,0.11177619985131391,0.1390430816381768,0.13912974578472445,0.20405750094444425,0.19343246545912093
2008-06-03,0.005848530565688423,3.420530977779175e-05,0.10975998915737309,0.13635584527913475,0.1395593624508486,0.20318913536031277,0.1948151419847342
2008-06-04,0.0005070902841392591,2.571405562684345e-07,0.09933354177212983,0.13449648303878672,0.13490731704174352,0.20099850422829318,0.2005347450267852
2008-06-05,0.01979966555100999,0.0003920267559318517,0.1834857061252145,0.15107036563770884,0.14004161599279538,0.19212172389323853,0.18079420950706798
2008-06-06,0.03241339203075061,0.0010506279829391272,0.2983214048735545,0.22572025919840835,0.18227276077024382,0.20296736238249694,0.15120776046317003
2008-06-09,0.0024184778984228834,5.849035345159967e-06,0.29995889390412234,0.21768327050976713,0.1826496232324682,0.2029745979895967,0.1684636785811546
2008-06-10,0.004989677165893538,2.489687821983937e-05,0.2995627228690123,0.21357160094842556,0.1775070980600915,0.2004788937720352,0.1779245497066683
2008-06-11,0.014821768247128188,0.00021968481397157742,0.308738276148836,0.21899323034821083,0.18336996874097725,0.2017986534377473,0.17534967355059022
2008-06-12,0.003800438234999763,1.4443330778048112e-05,0.23708261044253925,0.21768930447676374,0.18403149859300533,0.18401918266557635,0.17592106641668367
2008-06-13,0.012564452342468954,0.0001578654626661736,0.16315413678547414,0.23158382056785914,0.1841800391715323,0.17801730937841395,0.1655935221075275
2008-06-16,0.0005881928135205436,3.4597078587721306e-07,0.16181146996766985,0.2283656364769433,0.18410897980935645,0.1742228185800644,0.16735104030179346
2008-06-17,0.0048568719014143585,2.3589204666748326e-05,0.16158561881944766,0.22794438918140073,0.1833246135636716,0.16984335007653775,0.19829125601336223
2008-06-18,0.009784693515065961,9.574022718377387e-05,0.13537976621236097,0.2311585749660058,0.18406411054662242,0.17103542014123377,0.203269171437365
2008-06-19,0.0012658342236800415,1.6023362818396533e-06,0.13260993413327776,0.19663704549910682,0.17653305517163756,0.1691391082291687,0.2054688877509352
2008-06-20,0.01636499292502963,0.00026781299343626986,0.11749192785923611,0.14205919039148224,0.18364175421563567,0.17237763817303445,0.19955685568386528
2008-06-23,0.0009883727860911014,9.768807642854861e-07,0.11249252539919531,0.13941340700677496,0.1791815530514465,0.17124096950227125,0.20517499377342016
2008-06-24,0.001979842317376028,3.919775601672881e-06,0.11635718712474927,0.1392461591139826,0.17569133766390893,0.1711418534336796,0.20662818168264555
2008-06-25,0.004714701219896497,2.2228407592893517e-05,0.1282011782341783,0.12703286443611894,0.17575048981483307,0.15561807646655434,0.21680143669372615
2008-06-26,0.02753584331089484,0.000758222666842152,0.20966416307654082,0.17965560958817325,0.19426375800022994,0.165146901476598,0.19551522076993122
2008-06-27,0.005473781817080377,2.9962287380999754e-05,0.19760944941649472,0.15330711659875,0.19270544988954696,0.16523862208936377,0.20099340010371247
2008-06-30,0.0035224509949114214,1.2407661011552462e-05,0.20752595509139354,0.15751010337949478,0.19343246545912093,0.16551181069857207,0.21603720327138698
2008-07-01,0.003120584388465959,9.738046925537463e-06,0.21574125129006444,0.16374162366561587,0.1948151419847342,0.16570245530206248,0.22538226864847938
2008-07-02,0.017285368049462315,0.00029878394860537264,0.21416116220180567,0.17395304552490112,0.2005347450267852,0.16903234460588892,0.2217408016166397
2008-07-03,0.001029966654844606,1.0608313100917878e-06,0.13894375642813095,0.17369239790590757,0.18079420950706798,0.1686297766450683,0.2225839645720767
2008-07-07,0.010265978468884237,0.00010539031392359475,0.14814222359978632,0.1657470338328488,0.15120776046317003,0.16957513741222793,0.22203159187135846
2008-07-08,0.0176014215769739,0.0003098100415303624,0.21269125038586428,0.2011858756422212,0.1684636785811546,0.16958731210687308,0.23350837725102053
2008-07-09,0.019442679863978633,0.00037801780029316016,0.2423366057506578,0.2165948939650095,0.1779245497066683,0.17381290031265104,0.22162434169411252
2008-07-10,0.004078958004982501,1.6637898406410826e-05,0.22465676374096796,0.21581849397718514,0.17534967355059022,0.17399161110900205,0.2290566542261007
2008-07-11,0.011720642081784693,0.00013737345080930223,0.23401112879423902,0.1816021867196811,0.17592106641668367,0.16550867382324402,0.2323720656497785
2008-07-14,0.009084865635784256,8.253478362025368e-05,0.2321455155291306,0.18360401724040742,0.1655935221075275,0.1660906946000376,0.2300819189221645
2008-07-15,0.014197545136593824,0.00020157028790561892,0.13947266681365217,0.18523689101726445,0.16735104030179346,0.16605681240158696,0.22670074399558496
2008-07-16,0.024251103944024615,0.0005881160425038862,0.2531631533388085,0.23643875384571092,0.19829125601336223,0.17460003548525083,0.21483541738989026
2008-07-17,0.009953320994159104,9.906859881276837e-05,0.2642683162007095,0.2314692701187107,0.203269171437365,0.17614717477132255,0.21378411462747016
2008-07-18,0.006210618072418823,3.857177684145529e-05,0.24479140619866904,0.2340499560890451,0.2054688877509352,0.17686016294376403,0.2134582757605686
2008-07-21,0.0005553772808940356,3.084439241332525e-07,0.22228247842346735,0.22730541290180675,0.19955685568386528,0.17650406628444143,0.22036396086343985
2008-07-22,0.011281108435454842,0.00012726340753249038,0.13913619436187355,0.21618280066796783,0.20517499377342016,0.17708879067607816,0.22063851291034572
2008-07-23,0.005397767168292451,2.91358904030959e-05,0.06700296382016487,0.18701977013833718,0.20662818168264555,0.17761224870061426,0.22039878013332642
2008-07-24,0.02097200671837121,0.00043982506579540723,0.19983628073561377,0.22094716191844477,0.21680143669372615,0.18204954869615975,0.20634641331341488
2008-07-25,0.00023905324240873545,5.714645270612963e-08,0.19335433322744813,0.21094081721237284,0.19551522076993122,0.18185032676650717,0.21172055296996695
2008-07-28,0.014772145291387869,0.0002182162765098728,0.21591174251923276,0.22050746142824593,0.20099340010371247,0.1779353097223867,0.21846765716093342
2008-07-29,0.021127869575086066,0.00044638687278184745,0.26512473344817183,0.2247373625287622,0.21603720327138698,0.1839668311278153,0.20579460237228364
2008-07-30,0.01766024928059879,0.0003118844046528901,0.2985501034367085,0.2103098646253331,0.22538226864847938,0.18812034695478594,0.19877063519216714
2008-07-31,0.0133145043777909,0.00017727602682621305,0.2670420992240781,0.22275863305969293,0.2217408016166397,0.1884793238878167,0.1965526338445793
2008-08-01,0.005296968176332553,2.8057871861079808e-05,0.27218876310950263,0.22313630838749335,0.2225839645720767,0.1856041742958275,0.19995567606725043
2008-08-04,0.009316950990993014,8.680557576856571e-05,0.2543421353077464,0.22807403601216106,0.22203159187135846,0.18626922093940831,0.19812917220632006
2008-08-05,0.026605120045011792,0.0007078324126094883,0.28157425189560636,0.261420846326192,0.23350837725102053,0.19509482984616897,0.17389833603078195
2008-08-06,0.004430556005009155,1.9629826513522683e-05,0.2532059531824645,0.26097764473407015,0.22162434169411252,0.19374954615049805,0.20343911915274185
2008-08-07,0.015003791291624028,0.000225113753122613,0.2592746628949346,0.24859622478144552,0.2290566542261007,0.19572948539977444,0.19810737259366656
2008-08-08,0.01841071156629578,0.00033895430037733724,0.2808572666593958,0.2628203824829358,0.2323720656497785,0.19985889959811323,0.2008676002848412
2008-08-11,0.010304635093973587,0.00010618550441995204,0.2506530066571995,0.24472347359699856,0.2300819189221645,0.19928225865726268,0.22114423027181532
2008-08-12,0.010459433140687313,0.00010939974162450808,0.22273558376868147,0.2397842053848379,0.22670074399558496,0.2000896051412489,0.2206065356427426
2008-08-13,0.006047910223823454,3.657721807542826e-05,0.22654808669579454,0.2267223651190386,0.21483541738989026,0.20009648055033943,0.22769983826786422
2008-08-14,0.007516096028092818,5.6491699503512634e-05,0.18946616596616497,0.2162632145412184,0.21378411462747016,0.20051443861061843,0.22645403282299464
2008-08-15,0.004851409031700597,2.3536169592866124e-05,0.14300045988569146,0.21249300387052275,0.2134582757605686,0.19823728652582231,0.2804831051408049
2008-08-18,0.013768747651510128,0.00018957841189096568,0.1487975278064413,0.22080646947886645,0.22036396086343985,0.19991695761944517,0.28713331707101963
2008-08-19,0.010964352016122444,0.00012021701513344829,0.15030340041403775,0.1843819951528366,0.22063851291034572,0.19932402402214416,0.32522836982408343
2008-08-20,0.0046353846250850326,2.148679062247471e-05,0.15861780486587787,0.18455597077450067,0.22039878013332642,0.1988942669846378,0.3452675094668711
2008-08-21,0.0017231430939632342,2.9692221222731875e-06,0.14225464001333268,0.16746171365315787,0.20634641331341488,0.19861595315061295,0.3759825516325178
2008-08-22,0.014371743016509245,0.00020654699733258224,0.1840337367990465,0.1563029048829895,0.21172055296996695,0.20081117159907078,0.3788116385553663
2008-08-25,0.020493643238479912,0.0004199894131860934,0.2171085795050735,0.1758808910512306,0.21846765716093342,0.2044985681243413,0.38045424270390826
2008-08-26,0.0029084968134404855,8.459353713793459e-06,0.20352106815330978,0.1724851254757594,0.20579460237228364,0.20386762913592502,0.3805173421246331
2008-08-27,0.009686786219626474,9.383382726474536e-05,0.21273650131778654,0.17890343861604993,0.19877063519216714,0.20488973162570925,0.3836759589780415
2008-08-28,0.012054849577715188,0.00014531939834134004,0.2252684273863318,0.18553728132222785,0.1965526338445793,0.20665467307084398,0.37989334119039403
2008-08-29,0.010811772789428548,0.00011689443085022756,0.2210547113831232,0.19180768777097382,0.19995567606725043,0.2030554457811886,0.4704418476985269
2008-09-02,0.006231142155513817,3.8827132562221385e-05,0.15710153407392877,0.18127315050817366,0.19812917220632006,0.19280649101277142,0.4998183826501211
2008-09-03,0.0008598389177329527,7.393229644481754e-07,0.1572831925926074,0.17147965223265918,0.17389833603078195,0.19267785366786777,0.4999918461270958
2008-09-04,0.030568386368219957,0.0009344262451567758,0.24732886800355705,0.22994424383970993,0.20343911915274185,0.20184241707988135,0.5048827122846867
2008-09-05,0.0031392946340231855,9.855170799206766e-06,0.2084563853884461,0.2308361797335495,0.19810737259366656,0.200107178687429,0.5048511387320385
2008-09-08,0.020445085489012534,0.0004180015206530309,0.2929511654313252,0.24497836493130984,0.2008676002848412,0.20471865713010345,0.5206183192459007
2008-09-09,0.030136728490212678,0.0009082224040927965,0.3534297833031504,0.26889606257465826,0.22114423027181532,0.2113483669755902,0.5317787303813055
2008-09-10,0.004049598418035396,1.639924734735478e-05,0.360963112138687,0.26966248246887287,0.2206065356427426,0.21161890819316162,0.5316735024920667
2008-09-11,0.014364339849089212,0.0002063342593001323,0.3105356787386944,0.276717043885021,0.22769983826786422,0.21397837443583823,0.5636795188518516
2008-09-12,0.0046103031909361675,2.1254895512356208e-05,0.3109399033683961,0.2681784192093059,0.22645403282299464,0.2135454198669817,0.5590561917437967
2008-09-15,0.0487543753515411,0.002376989115918958,0.42780095319911293,0.3526643818835284,0.2804831051408049,0.234857857682967,0.7664285916421508
2008-09-16,0.016599086916106814,0.00027552968644846843,0.42594532048966116,0.3721322867930271,0.28713331707101963,0.2358377774612498,0.7610515580406059
2008-09-17,0.04600523239645996,0.002116481407852289,0.5202381488886642,0.4243890102956204,0.32522836982408343,0.2530447934859641,0.8224628119640452
2008-09-18,0.029240177248264776,0.0008549879655099411,0.5752492759884711,0.445831171438138,0.3452675094668711,0.26101688182606886,0.8312597071680559
2008-09-19,0.038944926237114354,0.001516707279614278,0.6697835477981522,0.49383586346170466,0.3759825516325178,0.27360783873208777,0.8097054082766934
2008-09-22,0.02289964327852203,0.0005243936622835591,0.574432917660302,0.4923486435030191,0.3788116385553663,0.27183977073119475,0.8487042501074116
2008-09-23,0.023013969525202294,0.0005296427933069399,0.5848606377529858,0.48296987962651594,0.38045424270390826,0.27547243587514036,0.8505518803025768
2008-09-24,0.003200040144844537,1.0240256928616644e-05,0.45638949090683406,0.48262726497709524,0.3805173421246331,0.27545001618503107,0.8636456115018145
2008-09-25,0.015518341237784469,0.000240818914772322,0.41956416195721874,0.48384790409459605,0.3836759589780415,0.2774311139530515,0.8619728828399515
2008-09-26,0.0004965339785134273,2.4654599181837264e-07,0.2706566446777178,0.4824138054139645,0.37989334119039403,0.27533629691014155,0.8705635030215597
2008-09-29,0.08160205984653862,0.0066588961711980706,0.6138517748796477,0.5855333171882042,0.4704418476985269,0.32143586558795406,0.8398259091422005
2008-09-30,0.04055606869691966,0.0016447947081492669,0.7300408739587737,0.6236254039834315,0.4998183826501211,0.3325367026947337,0.9319217961020986
2008-10-01,0.0006031696775656459,3.638136599346453e-07,0.7285765850295668,0.579195588490706,0.4999918461270958,0.330258871771351,0.9310803711571849
2008-10-02,0.036948786776463016,0.0013652128442525283,0.731216415579401,0.5812692133810592,0.5048827122846867,0.33623022713493034,0.9389198210877904
2008-10-03,0.013591550038103797,0.00018473023243827932,0.7186792590121104,0.5231484155891566,0.5048511387320385,0.3368762345687344,0.9397162585497894
2008-10-06,0.052277094155952615,0.0027328945733903352,0.5705803419590006,0.5601299071354081,0.5206183192459007,0.3517863552226682,0.9243746237522572
2008-10-07,0.045819278132270706,0.0020994062485623806,0.35494898656165813,0.5809145855088018,0.5317787303813055,0.36252603561989066,0.9193476731175633
2008-10-08,0.025515408924884374,0.0006510360926040692,0.24688406339450578,0.570771308541574,0.5316735024920667,0.3647130957872139,0.9278487293793982
2008-10-09,0.07239749566200193,0.0052413973781295885,0.3657139338127508,0.5885470899844313,0.5636795188518516,0.3864406177435266,0.9135682199979569
2008-10-10,0.02455548421537891,0.0006029718050517229,0.3172860378864881,0.5668454915558891,0.5590561917437967,0.38716576938514563,0.9155951898080268
2008-10-13,0.13557766550449205,0.01838130338364793,1.2984659958446947,0.9467735279961766,0.7664285916421508,0.483047009456086,0.7705541840783623
2008-10-14,0.014910725735882471,0.00022232974197070786,1.257457168071275,0.9047787711024644,0.7610515580406059,0.48352804277599126,0.7756986239291322
2008-10-15,0.10363731898747466,0.010740693886911576,1.461643696111183,1.000731311902831,0.8224628119640452,0.5239019970055234,0.7015018650369998
2008-10-16,0.0408129889136153,0.0016657000640628856,1.4062921877184211,1.0505173562165928,0.8312597071680559,0.5320707640452215,0.7207677447894083
2008-10-17,0.005989726291979246,3.587682105282745e-05,1.3863672148587503,1.052027911410429,0.8097054082766934,0.5310482849865753,0.7421261325239438
2008-10-20,0.05834400052374205,0.0034040223971144126,1.0021010548212526,1.0935282115874598,0.8487042501074116,0.5465714922696883,0.7053995031429333
2008-10-21,0.030310052543030333,0.0009186992851612595,1.0174676935403462,1.080331400390459,0.8505518803025768,0.5488162509912098,0.7055866256095689
2008-10-22,0.055993570847469816,0.0031352799762506215,0.7592495425818958,1.107612779562076,0.8636456115018145,0.5563539947603199,0.7162837293334563
2008-10-23,0.011517755203256597,0.0001326586849221444,0.6885723045770474,1.0480348515727065,0.8619728828399515,0.5554067197112282,0.7566395660749159
2008-10-24,0.052045354612694966,0.0027087189367611692,0.7679587225253903,1.0755896827027664,0.8705635030215597,0.5633396000957763,0.7700480664150872
2008-10-27,0.03614672125175456,0.001306585457252045,0.42666562824498033,0.7617313177115236,0.8398259091422005,0.566671308638904,0.8003017966538728
2008-10-28,0.1105173349061293,0.012214081314753548,1.1055086074372662,1.0021257999924857,0.9319217961020986,0.615421009224064,0.6884061078962056
2008-10-29,0.007278785607495414,5.298071991988238e-05,1.0125489066184727,0.8443696582210364,0.9310803711571849,0.6119683129130778,0.7045041077053344
2008-10-30,0.034008817767915846,0.0011565996859713085,1.0336024154032448,0.8365700163777293,0.9389198210877904,0.6169507409362033,0.693878515252628
2008-10-31,0.005488902962539367,3.012805573217344e-05,0.886989773148947,0.8352293828584104,0.9397162585497894,0.6169278910598303,0.761628363314581
2008-11-03,0.002887323005072563,8.336634135621254e-06,0.7621780993804738,0.7782998388964255,0.9243746237522572,0.6152916976794804,0.7782680818533797
2008-11-04,0.03341745317433039,0.0011167261766585643,0.2996953496938519,0.7785353964020632,0.9193476731175633,0.6195053839172487,0.7724297186686231
2008-11-05,0.04293682945987627,0.001843571324066499,0.49817454953277984,0.7523838651830254,0.9278487293793982,0.6244406146935169,0.7634310309239825
2008-11-06,0.057005272623382376,0.0032496011068661483,0.592489050699532,0.8142565353828971,0.9135682199979569,0.6335279330730977,0.748877717096059
2008-11-07,0.032484593068589404,0.0010552487868318468,0.6678332763377898,0.7752509673536152,0.9155951898080268,0.6378030247570126,0.7500135412407896
2008-11-10,0.013191119550090714,0.00017400563498478543,0.6637460081614789,0.7470802060946266,0.7705541840783623,0.6376514838958008,0.7508181115499405
2008-11-11,0.03136286191970068,0.0009836291077942112,0.549722378212224,0.5152551203976278,0.7756986239291322,0.6396335902252058,0.7430127260728575
2008-11-12,0.044998196831428604,0.002024837718079991,0.5547452887624809,0.5545541062017262,0.7015018650369998,0.6445756786727798,0.7298685312415091
2008-11-13,0.06047362302478527,0.003657059081743839,0.7051418204709031,0.62258909491247,0.7207677447894083,0.6586754677194177,0.6971936100639994
2008-11-14,0.051195145833120285,0.002620942956874453,0.7175076084162856,0.6586246717792761,0.7421261325239438,0.6650922967104783,0.6739478120065988
2008-11-17,0.013365524720722452,0.00017863725106024298,0.717464823492108,0.6539676283645136,0.7053995031429333,0.66382276149307,0.6903143832070618
2008-11-18,0.018661775893290652,0.0003482618794914041,0.737977742370125,0.6284875867110241,0.7055866256095689,0.6652336417883503,0.6894637062648328
2008-11-19,0.06622357317761833,0.00438556164441137,0.8193823022903299,0.6678919621076953,0.7162837293334563,0.6761893800689806,0.6462701330940044
2008-11-20,0.07713343280896884,0.00594956645689571,0.6309698036952445,0.708423979156333,0.7566395660749159,0.6901136073325859,0.5715485699527145
2008-11-21,0.05253799812632914,0.002760241247122164,0.875239810618425,0.7545522514883312,0.7700480664150872,0.7002502695524428,0.5510597538225445
2008-11-24,0.06699654171397275,0.004488536601632091,1.0627280936066577,0.8640618296974735,0.8003017966538728,0.7169301477875034,0.501720383001495
2008-11-25,0.0073813719397922625,5.4484651713552586e-05,1.0525268201903986,0.8572969272287316,0.6884061078962056,0.7175207135737749,0.5014859016537933
2008-11-26,0.03791312236273402,0.0014374048472916422,0.9102660032526775,0.8491297151053016,0.7045041077053344,0.7232220231384427,0.4827179264947345
2008-11-28,0.012510143990993476,0.00015650370267539018,0.4052925566828664,0.7913572717334552,0.693878515252628,0.7223468881850958,0.4802488715633996
2008-12-01,0.09274923234644662,0.00860242010085514,0.9568880390969752,0.8866339481194392,0.761628363314581,0.744006059376427,0.34520032799182726
2008-12-02,0.03776236854914114,0.001425996478441164,0.8576356884204025,0.9105141422201786,0.7782680818533797,0.747555648094826,0.3245130608167671
2008-12-03,0.023756946908808408,0.0005643925264279414,0.8735682947234287,0.9138281137412145,0.7724297186686231,0.7484489848771992,0.3301307644936585
2008-12-04,0.023404619981294773,0.0005477762364688225,0.8302760730242554,0.8496058978576524,0.7634310309239825,0.7490448980312071,0.3151655493095436
2008-12-05,0.030366115588449958,0.0009221009759311035,0.8674839416502556,0.7219904208714661,0.748877717096059,0.7516257066917674,0.30039205936786545
2008-12-08,0.03431860420123254,0.0011777665943208558,0.3988017024957277,0.701176884821349,0.7500135412407896,0.7558430659896606,0.30007437307709284
2008-12-09,0.016620782447799232,0.00027625040917707104,0.4361490206676984,0.6459666460533494,0.7508181115499405,0.750811721986014,0.29358910647548303
2008-12-10,0.006792737173501171,4.6141278308264676e-05,0.4179089808574958,0.645915790755741,0.7430127260728575,0.7498861376426661,0.3036658686757984
2008-12-11,0.02437675550120894,0.0005942262087657203,0.42229475908954156,0.632772015624874,0.7298685312415091,0.7461312434380736,0.3035990294380808
2008-12-12,0.011869407625061256,0.0001408828373698623,0.37284382130729415,0.6323923688634302,0.6971936100639994,0.7436105714537541,0.3003978803308524
2008-12-15,0.014032512136139447,0.00019691139685090088,0.2497256396118638,0.39068100917090326,0.6739478120065988,0.7381760948084296,0.3172485393010172
2008-12-16,0.045991445410840257,0.002115213050978299,0.43151382175504954,0.41070519033942005,0.6903143832070618,0.7448233715857604,0.26329579867066816
2008-12-17,0.009733111976973985,9.473346875631443e-05,0.4435694587190252,0.4079093455069956,0.6894637062648328,0.7439201023410339,0.2654332393461819
2008-12-18,0.018860699176989994,0.00035572597344491104,0.42425706656385137,0.39988397206951504,0.6462701330940044,0.7443299571770136,0.3180108019281786
2008-12-19,0.004310704614450696,1.8582174273046527e-05,0.41857161401645115,0.3743247428359595,0.5715485699527145,0.7431289560506288,0.35918152717925167
2008-12-22,0.01289577694373518,0.00016630106298257184,0.41627460962872764,0.3293547924465926,0.5510597538225445,0.7432043939101487,0.36034953662140023
2008-12-23,0.010391481328797015,0.00010798288420673697,0.08393339973131626,0.32390805767636616,0.501720383001495,0.7261229762873145,0.3598855103369131
2008-12-24,0.005786237451532937,3.348054384552238e-05,0.14875172295088285,0.3230948730282713,0.5014859016537933,0.7204549761475624,0.3601978805779261
2008-12-26,0.005753009275776844,3.3097115727174404e-05,0.13926823187656764,0.3022574932786668,0.4827179264947345,0.7206948746868944,0.36172903270303836
2008-12-29,0.002872157433551365,8.249288323104365e-06,0.1389271200815919,0.2949056383488632,0.4802488715633996,0.7175462905376816,0.3821328869283564
2008-12-30,0.02342607502843188,0.0005487809912377196,0.20038983883081168,0.31009365358342456,0.34520032799182726,0.7194560929779004,0.3892583456684003
2008-12-31,0.01417325566275215,0.00020088117608173587,0.15802368768304667,0.20886113946788426,0.3245130608167671,0.7130554893147423,0.38899046749404936
2009-01-02,0.029696560273897905,0.0008818856921012512,0.2081830220924113,0.2519953567910762,0.3301307644936585,0.7101795483646923,0.36784505115660693
2009-01-05,0.001183919475010449,1.4016653233090173e-06,0.23022743492304845,0.22312560551930144,0.3151655493095436,0.7083530587194494,0.3742943923031913
2009-01-06,0.006655521282117305,4.429596353671638e-05,0.19735274233429848,0.21741864500107025,0.30039205936786545,0.6925182697625192,0.37169314331523695
2009-01-07,0.03041458413258877,0.0009250469279583207,0.3533519271069816,0.27085230134041677,0.30007437307709284,0.6935319690975772,0.3664808339228168
2009-01-08,0.004073416595646337,1.6592722761686993e-05,0.3417298753754786,0.25869894148334116,0.29358910647548303,0.6339726714896474,0.3826178942318296
2009-01-09,0.02165265797406103,0.00046883759734166864,0.2625956196057743,0.2923569276344243,0.3036658686757984,0.6347249634960637,0.37582605246539263
2009-01-12,0.02431347856970318,0.0005911452401594157,0.27310234252814963,0.32128335492848314,0.3035990294380808,0.6002279958126527,0.4019379797330591
2009-01-13,0.0018387597134453333,3.3810372837895645e-06,0.2524795906935322,0.3210734712296309,0.3003978803308524,0.5940688240390973,0.4027390870829138
2009-01-14,0.031960572864589865,0.001021478217832758,0.25893169341031935,0.3293132915435248,0.3172485393010172,0.5973582915117117,0.38695224936619416
2009-01-15,0.00035587539865652084,1.2664729936893765e-07,0.2430795290473571,0.31334287413971923,0.26329579867066816,0.5842114194927852,0.3886826329619922
2009-01-16,0.007789046781163643,6.066924975915571e-05,0.2804267568952465,0.25619877580949757,0.2654332393461819,0.5816751908529646,0.41535155110837346
2009-01-20,0.054230299305684806,0.002940925362784158,0.42485246937435217,0.3371688894164152,0.3180108019281786,0.580985076825678,0.3697235038143694
2009-01-21,0.04228569191582601,0.0017880797408001534,0.5916060855321337,0.43273450650530054,0.35918152717925167,0.5873902916504438,0.33361935082862526
2009-01-22,0.015587511810059304,0.0002429705244287383,0.5588637822716526,0.41995928847919245,0.36034953662140023,0.5786282803662918,0.331483430188433
2009-01-23,0.004340278803551419,1.883802009255774e-05,0.5614749525321292,0.42019646147965256,0.3598855103369131,0.5739673586624261,0.350049868312226
2009-01-26,0.006834861786567743,4.6715335641483996e-05,0.5603509494376034,0.4207280474194192,0.3601978805779261,0.5259991286842544,0.3794626457135975
2009-01-27,0.010106992291677552,0.00010215129318402945,0.33093045812981936,0.41482342452028326,0.36172903270303836,0.5264267315056783,0.37604734349221786
2009-01-28,0.03327424897769216,0.001107175645029448,0.2765693111369977,0.45297551202862796,0.3821328869283564,0.5262173834465474,0.3498547722158782
2009-01-29,0.03303805071715553,0.001091512795189341,0.37848180744748733,0.4551526033611409,0.3892583456684003,0.5299474001043686,0.34150718441744177
2009-01-30,0.02055255932094265,0.00042240769464086655,0.41756936449561155,0.46691887397466697,0.38899046749404936,0.5311761647201102,0.3663591523010523
2009-02-02,0.003022339268660246,9.134534654885751e-06,0.4122306146083964,0.46379535728968074,0.36784505115660693,0.5258703521871015,0.3658977982114419
2009-02-03,0.013948325995356805,0.0001945557980727464,0.420535956154043,0.36944477972451495,0.3742943923031913,0.5203689358323244,0.3749333195823696
2009-02-04,0.004907322547044667,2.4081814580732957e-05,0.2849766687414357,0.3017614630746654,0.37169314331523695,0.5077223269339426,0.3935365232151392
2009-02-05,0.014770469391808328,0.0002181667660543467,0.23389128054565522,0.2987432659922334,0.3664808339228168,0.5039707322680271,0.3854792399055745
2009-02-06,0.02809876253563389,0.0007895404560339427,0.21845106502643757,0.3261169539832376,0.3826178942318296,0.507010222849173,0.35788884080705463
2009-02-09,0.0013787020410227567,1.900819317920315e-06,0.2039586219875086,0.32619740145758735,0.37582605246539263,0.5030363745145207,0.434439528179801
2009-02-10,0.046892091165956364,0.002198868213916363,0.4504804605530877,0.41085517287096673,0.4019379797330591,0.5037684925341381,0.41419327329713823
2009-02-11,0.005878280449495526,3.4554181042921324e-05,0.45186184517016864,0.36615281921674214,0.4027390870829138,0.48776177437510093,0.44273293001900815
2009-02-12,0.0007184258761673151,5.161357395467743e-07,0.4348843323872789,0.3297132662175739,0.38695224936619416,0.47655880257892086,0.4446699033083125
2009-02-13,0.010816779900230214,0.00011700272741002435,0.3421461569938262,0.3169716052882991,0.3886826329619922,0.47629220060356114,0.4441178663350562
2009-02-17,0.04371599887895318,0.0019110885579846357,0.39395923984508296,0.38587082383413623,0.41535155110837346,0.48274015036382134,0.43455647072143955
2009-02-18,0.0024011388163828577,5.765467615540471e-06,0.31371338261653336,0.37290548719328853,0.3697235038143694,0.46349463220899545,0.4419201845699646
2009-02-19,0.010813660325898729,0.00011693524964391621,0.28093020787646306,0.3736924191588474,0.33361935082862526,0.43567897564754193,0.4425217651987694
2009-02-20,0.009768670417743121,9.542692173048957e-05,0.25651765222543227,0.35462173296693383,0.331483430188433,0.42254575863198535,0.448067061929381
2009-02-23,0.03643473427518103,0.0013274898617030512,0.2893968178836379,0.31182604613736037,0.350049868312226,0.4049776498508886,0.4897402652909299
2009-02-24,0.03720954280073567,0.0013845500754397797,0.4223575819398408,0.40376750200098366,0.3794626457135975,0.412484038425784,0.482107792542446
2009-02-25,0.00790395429713622,6.247249353121811e-05,0.4224893290993438,0.352854039724085,0.37604734349221786,0.4043749445455022,0.4813496437682878
2009-02-26,0.016395221924884875,0.0002688033019662257,0.42868941525391274,0.3463245660502332,0.3498547722158782,0.40419172448319984,0.47905229828606427
2009-02-27,0.022602299473707076,0.0005108639414991391,0.4439647336506688,0.34584095073143606,0.34150718441744177,0.360732577320375,0.4759313218968875
2009-03-02,0.04608833746932809,0.0021241348506866715,0.4846625918065054,0.3845779412547576,0.3663591523010523,0.36256459384070844,0.4616558141103147
2009-03-03,0.007535360433949386,5.678165686952987e-05,0.2512481457946209,0.3528628675852,0.3658977982114419,0.3583436832978602,0.4590390829763512
2009-03-04,0.023414252771340766,0.0005482272328402387,0.4008816269887971,0.394434125702545,0.3749333195823696,0.3600961170738565,0.4572348677139478
2009-03-05,0.04170508763684481,0.0017393143347969057,0.4484819385209124,0.4261065529889226,0.3935365232151392,0.3620704455292004,0.4261538519520001
2009-03-06,0.0017421683738770963,3.035150642937566e-06,0.4686786192003713,0.4322586493281411,0.3854792399055745,0.3534141925996355,0.42504042399831576
2009-03-09,0.011821993682938728,0.0001397595346394432,0.3747585557874247,0.4097859677623704,0.35788884080705463,0.35284745373699755,0.42252017537798076
2009-03-10,0.05790028104458405,0.003352442545041819,0.5944138987789593,0.482131049995715,0.434439528179801,0.37465405183650813,0.3999556752892381
2009-03-11,0.006491268084456489,4.213656134428342e-05,0.5748294253877049,0.48685100634788164,0.41419327329713823,0.37266592193911185,0.4002321878632393
2009-03-12,0.03861679896058288,0.0014912571619620748,0.4560633724789669,0.529353964312721,0.44273293001900815,0.3811741722914118,0.40061094028052674
2009-03-13,0.007784548440170154,6.059919441735558e-05,0.44385838478782896,0.5150660869861682,0.4446699033083125,0.3810028397099703,0.40125016630795296
2009-03-16,0.0030272370224278906,9.164163989958081e-06,0.407275662955044,0.4403832756313093,0.4441178663350562,0.36750264597162563,0.40888518495112747
2009-03-17,0.030124036158393996,0.0009074575544722288,0.27847811546257534,0.445679977762455,0.43455647072143955,0.37344040449571037,0.3991523789563563
2009-03-18,0.022137427894026996,0.0004900657137632445,0.26673320690101654,0.444725353873538,0.4419201845699646,0.3751671177091396,0.3956478105076088
2009-03-19,0.012462733319469737,0.0001553197217922212,0.2778671709837474,0.3651150897918258,0.4425217651987694,0.37577988938846624,0.3906909821754196
2009-03-20,0.0215247939677339,0.00046331675535339373,0.3530812752639047,0.40323030555008577,0.448067061929381,0.3772766970153254,0.41651565902261745
2009-03-23,0.06936702966355598,0.0048117848043446555,0.577391267058956,0.472254950693145,0.4897402652909299,0.4041434149737291,0.3443013758091038
2009-03-24,0.01990020689097432,0.0003960182343035818,0.6165311056238624,0.45654352026247275,0.482107792542446,0.4058180658423894,0.3362200493008161
2009-03-25,0.010490787584737067,0.0001100566241480734,0.6045669914174232,0.4556916691995834,0.4813496437682878,0.4062751551347722,0.3359991554060223
2009-03-26,0.02017546309639109,0.0004070493111538388,0.5887088394103345,0.4346300056969919,0.47905229828606427,0.40856329538809005,0.3328441380420537
2009-03-27,0.018212570270055916,0.0003316977158417246,0.5772832473352869,0.4578435110336137,0.4759313218968875,0.4070019417920647,0.3271874951416436
2009-03-30,0.03516649096133076,0.001236682086533358,0.3653146556273714,0.5049628830673674,0.4616558141103147,0.41151540043206053,0.2965728039948449
2009-03-31,0.009222533873382927,8.505513104569549e-05,0.3666756487862441,0.4858059813819313,0.4590390829763512,0.40686231350692353,0.3021833717883983
2009-04-01,0.019180776163891407,0.0003679021742493048,0.3907659216673832,0.48266123008975786,0.4572348677139478,0.40927362852700316,0.29758917169359067
2009-04-02,0.028818638597872308,0.0008305139306347756,0.4236514384961654,0.49213995408272193,0.4261538519520001,0.41380431345896607,0.2826844178968962
2009-04-03,0.009899986274772198,9.800972824067789e-05,0.38997150816457316,0.4671381070667937,0.42504042399831576,0.41011847944112323,0.3024228263076981
2009-04-06,0.007864303743798191,6.184727337471824e-05,0.21606757423883075,0.3303325309468904,0.42252017537798076,0.41020460997254793,0.3005576981511149
2009-04-07,0.023601700332737712,0.0005570402585963514,0.33445599653465563,0.33754236820206773,0.3999556752892381,0.41063682602659846,0.285357521543606
2009-04-08,0.010720063341683995,0.00011491975804971703,0.3172646069986208,0.3377191920032702,0.4002321878632393,0.40853466910238756,0.29335403778944674
2009-04-09,0.03897360599364881,0.0015189419641481784,0.37165728790621494,0.37790363529895316,0.40061094028052674,0.4165498504562925,0.2735461364565633
2009-04-13,0.00023343583372580442,5.449228846726141e-08,0.37098841172212876,0.35954130761519404,0.40125016630795296,0.4112341639101952,0.2852247812130972
2009-04-14,0.01739391296227332,0.00030254820813913985,0.39507679433695364,0.3117883954266289,0.40888518495112747,0.41284887022801214,0.2759509658556726
2009-04-15,0.010613108595597347,0.00011263807406194229,0.32501885491828575,0.31216647477901655,0.3991523789563563,0.41311373877864266,0.293308601630144
2009-04-16,0.014556348168461622,0.00021188727200147602,0.32770357402691114,0.3079310037485645,0.3956478105076088,0.3982187907542631,0.2906485185195535
2009-04-17,0.00668308275336269,4.466359508829383e-05,0.1990052236356869,0.2819530800515763,0.3906909821754196,0.3891499049973078,0.29204062828717037
2009-04-20,0.04281971392244314,0.0018335279003998707,0.3843135074970133,0.36462514868433543,0.41651565902261745,0.39792384479172455,0.25750053032557757
2009-04-21,0.019349520403051122,0.00037440393982809164,0.4018373878810824,0.37568359001110563,0.3443013758091038,0.3997665700910768,0.2520247998714614
2009-04-22,0.006132214247946717,3.760405158272073e-05,0.3959169478578463,0.35220113032909595,0.3362200493008161,0.39977294658125934,0.2523279857356719
2009-04-23,0.009769597677368746,9.54450387776488e-05,0.3848595483704209,0.35168587201671814,0.3359991554060223,0.39973815283363867,0.258811719132044
2009-04-24,0.014998368614420141,0.00022495106109402316,0.4016954449440427,0.30063961515264076,0.3328441380420537,0.3950227262984237,0.2546866443492107
2009-04-27,0.00950778927641344,9.03980569246824e-05,0.2040057610356032,0.30526356416511263,0.3271874951416436,0.3895276623395872,0.2647759644946132
2009-04-28,0.003150417640177192,9.925131307539627e-06,0.16859465953530794,0.2905426943929096,0.2965728039948449,0.3871605159795719,0.2744965042201087
2009-04-29,0.021045924016801026,0.00044293091772096223,0.20139213308360474,0.3041702414408544,0.3021833717883983,0.38931850069425034,0.2691250135188865
2009-04-30,0.00034344855631166524,1.1795691083256709e-07,0.20324717161804695,0.29664403534947426,0.29758917169359067,0.3883924692329609,0.2746139874242969
2009-05-01,0.005361815144757546,2.8749061646551384e-05,0.1831423443255613,0.296015995703192,0.2826844178968962,0.38831408796585,0.2845935856351501
2009-05-04,0.033454147971423966,0.0011191800164939301,0.24462332678993384,0.21766839426187404,0.3024228263076981,0.39300214452509813,0.26213278838163523
2009-05-05,0.0034171591050116412,1.167697634896396e-05,0.24562890370956833,0.21604789104525884,0.3005576981511149,0.38911755256552405,0.26679482626270445
2009-05-06,0.017186195254341827,0.0002953653073203615,0.23742941616441043,0.21017937405017909,0.285357521543606,0.39056503805685866,0.2621621173936873
2009-05-07,0.01398938504585247,0.0001957028939611207,0.29193021085091275,0.23844399563872232,0.29335403778944674,0.3789606442097929,0.25596456250326455
2009-05-08,0.02306471775610918,0.0005319812051689781,0.3094513102066264,0.2499097325786699,0.2735461364565633,0.38141728295303284,0.2442011572170432
2009-05-11,0.01889136424999242,0.00035688364322589166,0.2957609523703319,0.2708668686402517,0.2852247812130972,0.3837846901100395,0.2333697460650707
2009-05-12,0.0029634583336387538,8.782085295212979e-06,0.29537158537009384,0.2706896447486004,0.2759509658556726,0.3830393170827593,0.2332590497881817
2009-05-13,0.025495270839872772,0.0006500088351984669,0.3022798929519757,0.2982537475967655,0.293308601630144,0.37555999569117376,0.20972915804141376
2009-05-14,0.008533712526134439,7.282424947870383e-05,0.31458543119718246,0.30021850474850154,0.2906485185195535,0.3756813767886216,0.20883534212917135
2009-05-15,0.008195259217138564,6.716227363609458e-05,0.21203645962838052,0.3040171057522299,0.29204062828717037,0.3753326940820503,0.22566481431073807
2009-05-18,0.028010939547770116,0.0007846127343488319,0.3158376649253365,0.28854573140295386,0.25750053032557757,0.3781516200510572,0.21069065662624784
2009-05-19,0.001205990104582381,1.4544121323506225e-06,0.31505191942466254,0.2879429161490748,0.2520247998714614,0.36930682132526305,0.21067206521350654
2009-05-20,0.0067173781392555944,4.512316906574895e-05,0.23648919123067666,0.2740711173714913,0.2523279857356719,0.36307116945168727,0.21040886272207932
2009-05-21,0.014467430063230967,0.0002093065326344792,0.26400562710638387,0.2746770055683434,0.258811719132044,0.3641382712258665,0.2025006062514996
2009-05-22,0.002132041572348171,4.545601266220861e-06,0.2562896255022141,0.23730921392054008,0.2546866443492107,0.3621280143655778,0.23257899478140576
2009-05-26,0.025290212301122182,0.0006395948382358317,0.23810528599469827,0.2636937618600988,0.2647759644946132,0.3610571090000894,0.21330190513192823
2009-05-27,0.01801501105464147,0.0003245406232988543,0.2716865171865891,0.27892071676851465,0.2744965042201087,0.3489237060761722,0.2055811583416514
2009-05-28,0.013843952873235562,0.00019165503115636717,0.29330887917063747,0.25258768334955223,0.2691250135188865,0.3486284223058855,0.21380891375155234
2009-05-29,0.01755280982260944,0.00030810113266869447,0.2751153478083411,0.2624892293627313,0.2746139874242969,0.3474723546053259,0.2047883131811336
2009-06-01,0.023919858050187977,0.0005721596091411426,0.28090523651445,0.2721107609407985,0.2845935856351501,0.33615426134966037,0.18794848922968205
2009-06-02,0.0008438937081185214,7.121565906020281e-07,0.2639841245547158,0.24511551081119093,0.26213278838163523,0.33620169058989197,0.18958237601161784
2009-06-03,0.01273213857303689,0.00016210735264301384,0.232431543684432,0.25830136927504205,0.26679482626270445,0.33640641354139533,0.1854639643427166
2009-06-04,0.009352939846655275,8.7477483775152e-05,0.22830253534541262,0.2543968724428443,0.2621621173936873,0.3182868586164604,0.20509540224518402
2009-06-05,0.00021168543098189983,4.481072168999268e-08,0.2143384713776335,0.23384354803168655,0.25596456250326455,0.31838908214486306,0.20504659157286845
2009-06-08,0.004133440138140138,1.7085327375587962e-05,0.1277598123195591,0.23595398267374346,0.2442011572170432,0.3107940331301406,0.2140037358036059
2009-06-09,0.005084485365743732,2.585199143446217e-05,0.13553530332750433,0.20904087376139163,0.2333697460650707,0.3106954219522015,0.21206062602869594
2009-06-10,0.0025393403791047556,6.4482495609518835e-06,0.08845089116527238,0.17608851587413848,0.2332590497881817,0.3106515384913433,0.21288066594792085
2009-06-11,0.004439595623097534,1.9710009296626778e-05,0.06509710244910542,0.16926980067870276,0.20972915804141376,0.30576350044312783,0.21103158458031362
2009-06-12,0.002738502289082115,7.499394787307983e-06,0.0665716530430046,0.15200418561471601,0.20883534212917135,0.3032425550859428,0.2318625246016825
2009-06-15,0.02319522640818829,0.0005380185281271155,0.18803575785493312,0.1520088207336598,0.22566481431073807,0.3063634074678455,0.21985845295722192
2009-06-16,0.01365562008067516,0.00018647595978773864,0.18625141506731482,0.161558730812779,0.21069065662624784,0.3041073276548354,0.2382812811988659
2009-06-17,0.0009829864532779765,9.662623673280156e-07,0.18861883837040466,0.15319265433934331,0.21067206521350654,0.27085466666877667,0.23836640504364753
2009-06-18,0.007292118678997908,5.317499482859019e-05,0.19946548449051965,0.14911034233431233,0.21040886272207932,0.26726230236089515,0.23994076300101255
2009-06-19,0.00367903902142043,1.3535328121134194e-05,0.20202617594563305,0.15184976453444213,0.2025006062514996,0.2667286772064483,0.24208008053251368
2009-06-22,0.030445614309818653,0.0009269354307022343,0.24442976272409753,0.20847328248612546,0.23257899478140576,0.2722202207724822,0.2103341858436737
2009-06-23,0.0007835276465165109,6.139155728557024e-07,0.240462555396874,0.2038542253403914,0.21330190513192823,0.26917489964461877,0.2105276373856217
2009-06-24,0.0085806990795543,7.3628396693864e-05,0.2568832752912767,0.21522641859469951,0.2055811583416514,0.25836376509690384,0.21994626205442247
2009-06-25,0.021515735539982976,0.00046292687582648654,0.3047591266150215,0.24862485910986595,0.21380891375155234,0.26097897681288784,0.21003325987876542
2009-06-26,0.0026097072141008986,6.8105717433302736e-06,0.30431567727672415,0.24699278234859456,0.2047883131811336,0.2588558911269026,0.20893669930053269
2009-06-29,0.0093206427191913,8.68743806988138e-05,0.14811839302967772,0.22516774263475378,0.18794848922968205,0.25330876342346503,0.20960959271192992
2009-06-30,0.008123648769220148,6.599366932565204e-05,0.18301915574097485,0.21710269605896515,0.18958237601161784,0.2535552736298842,0.20666362535215696
2009-07-01,0.004124293426095583,1.700979626453524e-05,0.18138365941828483,0.21737542676241142,0.1854639643427166,0.25284352845613856,0.20830355600922468
2009-07-02,0.027673335904575547,0.0007658135200874701,0.2269949284778172,0.2579669363243499,0.20509540224518402,0.25471792807455734,0.1735979071064889
2009-07-06,0.00011114158882094834,1.2352452765644748e-08,0.22932823292635493,0.2562919560568074,0.20504659157286845,0.25404262586321125,0.17725713148891237
2009-07-07,0.019566599781319718,0.0003828518270023408,0.2106451757930053,0.227202286786365,0.2140037358036059,0.24534022301096134,0.15104831267473642
2009-07-08,0.0006813485863445418,4.642358961137056e-07,0.2217559819121653,0.22693128032103366,0.21206062602869594,0.245352033159329,0.152671203261447
2009-07-09,0.0019301593947311565,3.7255152890689443e-06,0.21412699580356134,0.22101963516796433,0.21288066594792085,0.24250880434738803,0.15757280401070897
2009-07-10,0.0023846498312108406,5.68655481749389e-06,0.13886780030403492,0.17753793945200028,0.21103158458031362,0.2417314039591851,0.155872911189965
2009-07-13,0.024038069865355876,0.0005778288028517303,0.246991687883033,0.22880314789783843,0.2318625246016825,0.24482815741202998,0.14523823614167305
2009-07-14,0.005644332039335156,3.185848417026536e-05,0.16960155536053187,0.22445223790060276,0.21985845295722192,0.244730301067544,0.15905037645035447
2009-07-15,0.028826695335638374,0.0008309783639737152,0.2211077690922623,0.2696183988802669,0.2382812811988659,0.2340568945369375,0.1337043033783604
2009-07-16,0.0016101912301844813,2.592715797763013e-06,0.23203189018868695,0.2695414885076021,0.23836640504364753,0.23132762641509297,0.13267790447772693
2009-07-17,0.010895823272708563,0.00011871896479009754,0.20122970177440982,0.22034486491479305,0.23994076300101255,0.23152842811753221,0.13687072508227893
2009-07-20,0.01056672375673136,0.0001116556509510709,0.17847320759821786,0.22033914280450048,0.24208008053251368,0.231650107754146,0.1669345622383258
2009-07-21,0.0046149256302825655,2.1297538573038935e-05,0.18050817005986955,0.17023672974970908,0.2103341858436737,0.23011434011151966,0.1681143914871914
2009-07-22,0.00020911195725554338,4.37278106672442e-08,0.09277316941705496,0.1695633101396055,0.2105276373856217,0.2289618186505491,0.1696848130505615
2009-07-23,0.021842301880883354,0.0004770861514556405,0.13127473416990124,0.17809295185572366,0.21994626205442247,0.2323209319186688,0.15640868171867528
2009-07-24,0.004087528400198841,1.6707888422432096e-05,0.13567602544872415,0.16793852202726114,0.21003325987876542,0.22905184476008433,0.16853592761967268
2009-07-27,0.002953186579257662,8.72131097190757e-06,0.13798668154355634,0.15446029373135634,0.20893669930053269,0.2290329966611309,0.16876105158192994
2009-07-28,0.004688402946002175,2.1981122184081878e-05,0.16061506287125893,0.16838053999680536,0.20960959271192992,0.22933958615582592,0.16675374936629503
2009-07-29,0.0024543085117636376,6.023630270915442e-06,0.1657331935155046,0.12669173808933526,0.20666362535215696,0.21984098427770712,0.1659677111598965
2009-07-30,0.010391029876367185,0.00010797350189155543,0.09399351340129215,0.12452615946048685,0.20830355600922468,0.22039841586712425,0.1634937477498996
2009-07-31,0.0014182059409564454,2.011308090964157e-06,0.09225632276665108,0.12274263045604608,0.1735979071064889,0.21796728003693333,0.1637143478552706
2009-08-03,0.01636144776457588,0.00026769697295294504,0.1413748174986114,0.13329038273956864,0.17725713148891237,0.21777354155854586,0.15938754356937698
2009-08-04,0.0025853891092269764,6.684236846109459e-06,0.12042456465329578,0.13402594101537169,0.15104831267473642,0.21321471475622977,0.17933333256243647
2009-08-05,0.002884477077781476,8.320208012246764e-06,0.12227520902203824,0.13768813764449112,0.152671203261447,0.20918624802485195,0.1795409141726728
2009-08-06,0.005192062093732247,2.695750878517128e-05,0.1331635555651487,0.10871471278170478,0.15757280401070897,0.20944769593368506,0.1810293661831021
2009-08-07,0.01302930173123903,0.00016976270360366836,0.15167912827334068,0.12144958916065719,0.155872911189965,0.20289780124225001,0.1818725409606233
2009-08-10,0.0020770917352944643,4.3143100768285685e-06,0.11504209198751894,0.12427244820071985,0.14523823614167305,0.2026694408311833,0.1838557598233261
2009-08-11,0.012555523964307884,0.00015764118201830958,0.14812200400838485,0.1422526771390552,0.15905037645035447,0.20381092791761096,0.1780570796440108
2009-08-12,0.01067216561179471,0.00011389511884557354,0.17199590170954923,0.14630416789060716,0.1337043033783604,0.19737196305391794,0.17773810574874016
2009-08-13,0.007610111237480551,5.7913793046827764e-05,0.16797928879234197,0.1430943956159097,0.13267790447772693,0.19763356977026308,0.17659129596614967
2009-08-14,0.0077093390641921715,5.9433908806679426e-05,0.1567285337707752,0.1527455905857063,0.13687072508227893,0.19782874025249,0.17345690685249457
2009-08-17,0.024913621498029177,0.0006206885361470616,0.23342697896128578,0.1817432766532651,0.1669345622383258,0.20261763516507333,0.14086689429525237
2009-08-18,0.007902740815506655,6.24533123970748e-05,0.2389225828423563,0.18748670062493022,0.1681143914871914,0.20284785797648014,0.14590479835218575
2009-08-19,0.008742002243019817,7.64226032169635e-05,0.23315906185786006,0.19423965084930842,0.1696848130505615,0.19745405804334368,0.1460057961876768
2009-08-20,0.010251464618727398,0.00010509252682901966,0.24042566440288335,0.19909154007399915,0.15640868171867528,0.19392413280575324,0.1440652886992768
2009-08-21,0.019415585038708792,0.0003769649423953327,0.26917071015534927,0.21197457669668557,0.16853592761967268,0.1956963935197492,0.13139862503760397
2009-08-24,9.693654030473916e-05,9.39669284625232e-09,0.1104905077444379,0.2112094705916971,0.16876105158192994,0.19309552535110464,0.1318795077761501
2009-08-25,0.0019405422375546042,3.76570417573343e-06,0.12250139888253322,0.19530565221405488,0.16675374936629503,0.18755167551468116,0.13709515045474463
2009-08-26,9.714797806313725e-05,9.437729641755796e-09,0.13423850332764747,0.1914285314809586,0.1659677111598965,0.187569206787195,0.14435614938144647
2009-08-27,0.002227021044142818,4.959622731054967e-06,0.13149855638128907,0.1891602394958619,0.1634937477498996,0.18521338686099043,0.14607991454824734
2009-08-28,0.00019337493162997427,3.7393864182897224e-08,0.0188204734504972,0.1822326774389556,0.1637143478552706,0.18457059313642563,0.15795014285025938
2009-08-31,0.008939130565620205,7.990805526920541e-05,0.07272063782855338,0.12281132350828436,0.15938754356937698,0.18581008577105354,0.15403888239535707
2009-09-01,0.02230435084091129,0.0004974840664344601,0.16128235613068093,0.1780528796605562,0.17933333256243647,0.1917711674028888,0.12711158148000862
2009-09-02,0.0037992278548850903,1.4434132293334764e-05,0.15450219447538213,0.17409517487343365,0.1795409141726728,0.19185295160651392,0.16016748983009757
2009-09-03,0.00828001618060608,6.855866795109849e-05,0.1801418133090198,0.1710550475616566,0.1810293661831021,0.1922855826114293,0.15980619466962134
2009-09-04,0.013911911531777281,0.0001935412824679977,0.22741273994503572,0.15471006702923037,0.1818725409606233,0.1939478564918162,0.16079501530930834
2009-09-08,0.008585343821722605,7.370812853719051e-05,0.23050277350670922,0.16192367421016512,0.1838557598233261,0.19449983965907866,0.1654134181669333
2009-09-09,0.007645154743944308,5.844839105885416e-05,0.10316519759785457,0.16632941093498896,0.1780570796440108,0.1879911206832063,0.16389493261500995
2009-09-10,0.010166797931129491,0.0001033637801724189,0.04003218236951119,0.17310327151609267,0.17773810574874016,0.1858821640257352,0.16229715049167345
2009-09-11,0.00019071137366059052,3.6370828043509376e-08,0.08217998231046977,0.17326704490698297,0.17659129596614967,0.18582895882065034,0.16316008819411357
2009-09-14,0.004855923877229415,2.3579996701446754e-05,0.06456104689174362,0.1738881616472504,0.17345690685249457,0.1856187251837559,0.16292933188511435
2009-09-15,0.004170147665235975,1.739013154987305e-05,0.06189165758722775,0.16330475630675675,0.14086689429525237,0.18563702213778768,0.1630036894848488
2009-09-16,0.015021511763254652,0.00022564581565359787,0.09340838603118498,0.0927851736567863,0.14590479835218575,0.1744178890623332,0.16547405922180672
2009-09-17,0.0014922299442641075,2.2267502065584615e-06,0.10313655137503869,0.0858225941365239,0.1460057961876768,0.17460741475342081,0.16538964094607128
2009-09-18,0.0006374669122734463,4.063640642434417e-07,0.10092107594910586,0.09127109252800925,0.1440652886992768,0.17428731201136344,0.16839261676287784
2009-09-21,0.0025334337172855576,6.418286399879319e-06,0.11284795108746289,0.09035650712980822,0.13139862503760397,0.17023574074330475,0.16972134233975483
2009-09-22,0.005807756707215791,3.373003797021001e-05,0.11435956731937699,0.08804706729347192,0.1318795077761501,0.17003133688734334,0.1705968831970094
2009-09-23,0.008347045723076475,6.967317230312927e-05,0.08149808824152605,0.106296153238685,0.13709515045474463,0.17091772254651785,0.17109685947596584
2009-09-24,0.01108037074283819,0.00012277461579874452,0.10791616750610854,0.11798871949020177,0.14435614938144647,0.17179615826220918,0.16782909733730533
2009-09-25,0.0053467154049936265,2.858736562199616e-05,0.1031034076437043,0.12183630579731805,0.14607991454824734,0.1724600691348867,0.17275691328969034
2009-09-28,0.017744687956162273,0.0003148739506615704,0.18938970463314067,0.14970966179206777,0.15795014285025938,0.16383317683679458,0.1673131822014743
2009-09-29,0.0030145340215550634,9.087415367112944e-06,0.1818341935261894,0.1504083045686691,0.15403888239535707,0.1641681868243469,0.16781853388879434
2009-09-30,0.0038753329115829307,1.5018205175597834e-05,0.17464331097625402,0.12848349552548122,0.12711158148000862,0.15805519629472903,0.18086657280258658
2009-10-01,0.025125482143179022,0.0006312898529272079,0.24099579941707944,0.1761702055376949,0.16016748983009757,0.16817143526293554,0.17199473248582034
2009-10-02,0.0046726305726829806,2.183347646877168e-05,0.24079242960649705,0.17467745798519885,0.15980619466962134,0.16884318708281773,0.2037259038229683
2009-10-05,0.014817389296317606,0.00021955502555862756,0.22465645807411494,0.1989138962157052,0.16079501530930834,0.17035317826103905,0.19841225210771385
2009-10-06,0.014222856434422972,0.00020228964515420694,0.26153136047662245,0.21254726900959633,0.1654134181669333,0.16628390723546815,0.19177545102782595
2009-10-07,0.002744939113915138,7.534690739101222e-06,0.26105156383804706,0.20977046673101846,0.16389493261500995,0.1661715488569233,0.19173968956413895
2009-10-08,0.0076265614021595735,5.81644388209102e-05,0.12994233661966859,0.203936966428773,0.16229715049167345,0.15736040394417578,0.20110315018936376
2009-10-09,0.0060787610948926955,3.6951336448781046e-05,0.08348009798787867,0.20122482948341858,0.16316008819411357,0.1573314448135401,0.20011388272534356
2009-10-12,0.003908413356999651,1.527569496917328e-05,0.07145263205950551,0.1833674001097019,0.16292933188511435,0.15637567288286383,0.2153365565400996
2009-10-13,0.00204564054379836,4.184645234431651e-06,0.05888423978992849,0.18279696463112666,0.1630036894848488,0.15566959998059088,0.2150815094666623
2009-10-14,0.017069055351302806,0.00029135265058583893,0.1102370122058813,0.19575325729769238,0.16547405922180672,0.15859039421600665,0.20726061302182275
2009-10-15,0.0036525933711445925,1.3341438334929419e-05,0.11134531847302406,0.11453358101417888,0.16538964094607128,0.15852501898547247,0.21018703306459838
2009-10-16,0.0075021448204199955,5.6282176906554565e-05,0.14526293500553245,0.1227383995558347,0.16839261676287784,0.15449512539312474,0.20931904562672946
2009-10-19,0.008231289344670972,6.775412427569388e-05,0.1500966083505214,0.11369648099757755,0.16972134233975483,0.15497913159225438,0.21350938875386954
2009-10-20,0.00529664610646184,2.8054459977097365e-05,0.15965398220905072,0.11350205232597074,0.1705968831970094,0.15567451847434627,0.212354338245372
2009-10-21,0.009014201376735658,8.125582646034303e-05,0.1195790395442974,0.1297283153904496,0.17109685947596584,0.1566966191535067,0.20918999757089152
2009-10-22,0.010111972072628862,0.00010225197919762604,0.1448827729612937,0.13315604859233626,0.16782909733730533,0.15737041012936112,0.21256023932976162
2009-10-23,0.011498687299700928,0.0001322198096163034,0.15882188316407644,0.1483672090994594,0.17275691328969034,0.15875078027343584,0.20858373902150631
2009-10-26,0.010884420455106854,0.0001184706086435485,0.14219260191698982,0.15786220836901296,0.1673131822014743,0.16079903469280132,0.20807601312610327
2009-10-27,0.004594248394046325,2.1107118306197232e-05,0.14228615349209553,0.15897701017274843,0.16781853388879434,0.15818053366368165,0.2067124878867802
2009-10-28,0.019067792979302847,0.00036358072910155096,0.17378627948971762,0.14721254512344073,0.18086657280258658,0.16341668529946304,0.19098184744246882
2009-10-29,0.021227225420562518,0.00045059509905537553,0.24628360142198,0.1938129979034919,0.17199473248582034,0.16855905410884545,0.1906401811966524
2009-10-30,0.02940169627470299,0.0008644597438298837,0.3025747079783564,0.23533055503778832,0.2037259038229683,0.1793648509495354,0.15212690566100373
2009-11-02,0.007312128448430184,5.346722244634201e-05,0.3207397893399272,0.23392251415251314,0.19841225210771385,0.1780616195721062,0.1550051007892653
2009-11-03,0.0031585217874218544,9.976259881618545e-06,0.3258937924174471,0.23755675893947095,0.19177545102782595,0.17805054446058352,0.1555576975874372
2009-11-04,0.0025767564499809526,6.6396738025184415e-06,0.2948974408033762,0.2381937085462048,0.19173968956413895,0.1759369354392153,0.16031672554839138
2009-11-05,0.01822818632540411,0.0003322667767136494,0.2824265654454686,0.25377928542908806,0.20110315018936376,0.1783893462634819,0.14987824548339154
2009-11-06,0.0026164983390977244,6.84606355850115e-06,0.10632994491915927,0.24929742204752114,0.20011388272534356,0.17789795553297458,0.1503416521753448
2009-11-09,0.02252039694056216,0.0005071682783604816,0.15487370033043918,0.26750673812645737,0.2153365565400996,0.18233255622004269,0.13526329482621235
2009-11-10,0.00018280278633363108,3.3416858691339174e-08,0.16410312543309188,0.2650442430946046,0.2150815094666623,0.17387920168621446,0.13590634711314234
2009-11-11,0.005096860742162121,2.5977989424993405e-05,0.15855253887261955,0.2349222351706646,0.20726061302182275,0.17355953919523762,0.13616861392946092
2009-11-12,0.010220114690464141,0.00010445074428624095,0.18831496210819806,0.22836841482433684,0.21018703306459838,0.17468694025041326,0.13103885654958355
2009-11-13,0.005397021410696169,2.9127840107512867e-05,0.18802583354966032,0.14515945693829807,0.20931904562672946,0.17393303853555864,0.131773207311041
2009-11-16,0.014400233537988118,0.0002073667259485978,0.1426083551237482,0.15159964692513567,0.21350938875386954,0.17201299262090555,0.1231845084521942
2009-11-17,0.001168368220633693,1.3650842989867422e-06,0.1415620423992133,0.15311121341391068,0.212354338245372,0.1719866911550924,0.12323352447832446
2009-11-18,0.0006289729799178643,3.956070094667581e-07,0.14248136735617,0.15605086369347726,0.20918999757089152,0.1720317455753116,0.13060253919432518
2009-11-19,0.013116923074221487,0.00017205367093504407,0.15872206617761642,0.16561818057170438,0.21256023932976162,0.1745526871576312,0.12332399235210083
2009-11-20,0.0035578646749888304,1.2658401045533376e-05,0.15739743338486284,0.16862187540703225,0.20858373902150631,0.1747984596967047,0.12693026637881952
2009-11-23,0.012622537475296979,0.00015932845231527663,0.1470713795643745,0.13998894105302076,0.20807601312610327,0.1763833342930222,0.11993844618027169
2009-11-24,0.0015323948035469148,2.3482338339375876e-06,0.1473854961795579,0.13989597650154506,0.2067124878867802,0.1751037109430925,0.11998940254274039
2009-11-25,0.003507853662036995,1.2305037314266357e-05,0.15028442947823076,0.13890257177926993,0.19098184744246882,0.1680186034874412,0.12044354037315937
2009-11-27,0.016384197219102423,0.0002684419185144436,0.16912927146033396,0.1554432521389416,0.1906401811966524,0.17176127747831177,0.10200957401354858
2009-11-30,0.0033716052111597014,1.1367721699919256e-05,0.16827474464745804,0.1539800996262258,0.15212690566100373,0.17124367279396302,0.10237679989213183
2009-12-01,0.012293952102187757,0.00015114125829088676,0.16684646026004551,0.14885402029125555,0.1550051007892653,0.1707762932014977,0.09411244639969882
2009-12-02,0.00044903222519192905,2.016299392608153e-07,0.16693958002181822,0.14874455659819136,0.1555576975874372,0.1701833159341404,0.10114608867143748
2009-12-03,0.007851221281968829,6.164167561844026e-05,0.17326611132072528,0.15382157588466794,0.16031672554839138,0.17070638489564546,0.11193374257952166
2009-12-04,0.005691596354270929,3.239426905995013e-05,0.11843543242480052,0.1400212863094236,0.14987824548339154,0.16993745440656338,0.11097015089064764
2009-12-07,0.0015326728701001186,2.349086126740935e-06,0.1215294070995445,0.13850482317238302,0.1503416521753448,0.17000121469704216,0.1104597483391878
2009-12-08,0.011159309820938192,0.00012453019567968757,0.10478826867227191,0.1353908385820327,0.13526329482621235,0.17161755185693373,0.09998849695452769
2009-12-09,0.0037337479757513182,1.3940873946427066e-05,0.11505863117927785,0.13702937378831986,0.13590634711314234,0.17158274263583834,0.0999217040608088
2009-12-10,0.005619273840538311,3.157623849495818e-05,0.11327873643263323,0.13931240828024857,0.13616861392946092,0.16930790617357455,0.09917984100757363
2009-12-11,0.004239778968714246,1.797572570355163e-05,0.10946789024243879,0.10942500980506599,0.13103885654958355,0.16941473989380829,0.10673339890831071
2009-12-14,0.006816307971529472,4.6462054362736226e-05,0.11702358703870677,0.11249000080958381,0.131773207311041,0.1698803253717956,0.10794906550322703
2009-12-15,0.004658901698649588,2.1705365037680015e-05,0.07189524701634782,0.09938406955463161,0.1231845084521942,0.1701133709492342,0.10552955281100086
2009-12-16,0.001525474154535867,2.327071396156918e-06,0.0724726763806919,0.09960330506630441,0.12323352447832446,0.16979565196726767,0.11539413359654577
2009-12-17,0.012088931480779741,0.00014614226434698748,0.12067260551805749,0.11087866367645581,0.13060253919432518,0.17081532250611556,0.11062539562187404
2009-12-18,0.005641947507616207,3.183157167869673e-05,0.12472865431733995,0.11080528587649276,0.12332399235210083,0.16935611237365658,0.11857098023985276
2009-12-21,0.010110855194078273,0.00010222939275561959,0.13843157746816603,0.12172243954057475,0.12693026637881952,0.16988478221135755,0.13568898576214541
2009-12-22,0.0035868889911538026,1.2865772634860343e-05,0.13281367300654529,0.10135702999278079,0.11993844618027169,0.16642127422189396,0.15698378642483285
2009-12-23,0.001966667405400444,3.867780683464515e-06,0.1328025189013595,0.10111954717304932,0.11998940254274039,0.1662316871461766,0.15820331568542698
2009-12-24,0.004723463339157224,2.231110591636231e-05,0.048667272617207755,0.100387575880552,0.12044354037315937,0.16608861127461957,0.15710123077879284
2009-12-28,0.002131246126361738,4.542210051131914e-06,0.05288504763186962,0.09973584351195437,0.10200957401354858,0.15681022232515127,0.15815805096397462
2009-12-29,0.0014207788845387265,2.0186126387511077e-06,0.03676971577561919,0.09707778574704225,0.10237679989213183,0.15639593779660813,0.16228603489021382
2009-12-30,0.0003550799046363387,1.260817386765514e-07,0.03801433070936078,0.09214344364107543,0.09411244639969882,0.15401340581274628,0.1653439573474027
2009-12-31,0.009644461719144517,9.3015641852044e-05,0.08616388776953643,0.10802787532604628,0.10114608867143748,0.1532905901885811,0.17435043064094607
2010-01-04,0.016817680298254964,0.00028283437061431315,0.15292370298824778,0.11137648054141139,0.11193374257952166,0.1566507201960203,0.16856530772175016
2010-01-05,0.0026436009645090987,6.988626059553437e-06,0.153098893349175,0.11066804677817453,0.11097015089064764,0.15611433258150448,0.16836449019983776
2010-01-06,0.000703458727856422,4.948541817973756e-07,0.15118194118800096,0.10373524235286392,0.1104597483391878,0.15577813780991687,0.1981158432266093
2010-01-07,0.004212624388973103,1.7746204242571006e-05,0.15011024217473534,0.10403093172386178,0.09998849695452769,0.15580311902595403,0.19717962029315275
2010-01-08,0.0033221611977381524,1.1036755023756995e-05,0.10215590144895009,0.10417632427857786,0.0999217040608088,0.1557333107089181,0.19595796277832975
2010-01-11,0.0013955142594139114,1.9474600482275574e-06,0.02254402028986702,0.1033569025820381,0.09917984100757363,0.1521651078708998,0.20375735953939983
2010-01-12,0.009369970840824365,8.779635355789886e-05,0.08658802311184632,0.11797892229535484,0.10673339890831071,0.15349214553824006,0.20256477939714068
2010-01-13,0.008410725103548638,7.074029676746324e-05,0.10546682095273037,0.12294453954365925,0.10794906550322703,0.15333383810564372,0.20417961422804992
2010-01-14,0.0027010152973527893,7.295483636533777e-06,0.10363253433168315,0.1223910356492638,0.10552955281100086,0.1526285208392333,0.20327391936465863
2010-01-15,0.011288129524017492,0.00012742186815099536,0.1332688820255566,0.12700567367866716,0.11539413359654577,0.15414582715218683,0.2111612478168818
2010-01-19,0.01241841134713467,0.00015421694038664314,0.16759097833776196,0.11382689732213697,0.11062539562187404,0.15460320359952398,0.20602080839269724
2010-01-20,0.010220346468578657,0.00010445548193778822,0.17084699613210838,0.12772479078370289,0.11857098023985276,0.15516063276318473,0.20556099911734071
2010-01-21,0.01941641988525548,0.00037699736116054446,0.2003591007878221,0.16118229406983053,0.13568898576214541,0.15864414834137036,0.19432327286609882
2010-01-22,0.022544183923103284,0.0005082402287587086,0.21738481322330605,0.18718091313699015,0.15698378642483285,0.1639715516637385,0.17558513753313354
2010-01-25,0.005114913931962996,2.6162344531389154e-05,0.24205121092475956,0.1894700014929041,0.15820331568542698,0.16390456322639946,0.18075086840374469
2010-01-26,0.004200051972590072,1.764043657245775e-05,0.1788708190653019,0.1868408906065175,0.15710123077879284,0.15904219971092515,0.1828222771854796
2010-01-27,0.004746380743757427,2.2528130164711304e-05,0.20819823727656472,0.19065590161768514,0.15815805096397462,0.1535152847723151,0.18230709082655658
2010-01-28,0.01153915521813468,0.0001331521031482048,0.185494172925313,0.18208055836994813,0.16228603489021382,0.1425913820254279,0.17678779736040698
2010-01-29,0.010927469802335853,0.00011940959628096197,0.12857578096621627,0.17785905542609692,0.1653439573474027,0.14396839562332928,0.17386213283159718
2010-02-01,0.015431003911363454,0.0002381158817125142,0.18141860375047233,0.20709280388322307,0.17435043064094607,0.14707326180698918,0.16659689628977098
2010-02-02,0.012030837851783318,0.00014474105941590225,0.20063629448207596,0.2062338481300569,0.16856530772175016,0.14883296920713115,0.16180981071541328
2010-02-03,0.004995216742676102,2.4952190306311648e-05,0.20396902300208236,0.2035802032881227,0.16836449019983776,0.1448645936568097,0.1604576184352938
2010-02-04,0.031352549310755436,0.0009829823482833512,0.30032695252178504,0.23576943357020175,0.1981158432266093,0.15884542613680197,0.11170940417820772
2010-02-05,0.0020648829364871882,4.263741541395953e-06,0.29546953094092937,0.21547054830633877,0.19717962029315275,0.1518252373281245,0.11224075278116867
2010-02-08,0.007245773392001297,5.2501232048233985e-05,0.2554040476594044,0.2123719051652218,0.19595796277832975,0.15247388154261432,0.10522106211573072
2010-02-09,0.012481988000944947,0.00015580002445573363,0.25741161205391033,0.2270528054395951,0.20375735953939983,0.1543676235416747,0.10026911350496721
2010-02-10,0.0019599400519577357,3.841365007268092e-06,0.25891393021685016,0.22400626814808963,0.20256477939714068,0.1530365205461222,0.09818972775073057
2010-02-11,0.010411543269710626,0.00010840023325705663,0.1316668372928258,0.22657017672182658,0.20417961422804992,0.1541638456502809,0.09577321031997478
2010-02-12,0.0008326380227547894,6.932860769370052e-07,0.13474292453065218,0.21898449219931454,0.20327391936465863,0.1511595042727032,0.09522802176286173
2010-02-16,0.015612649153503551,0.00024375481359039517,0.12734221201725254,0.21933049839036475,0.2111612478168818,0.15465466119121113,0.0855009149560296
2010-02-17,0.004727084489819624,2.234532777389326e-05,0.1184479937619283,0.2116214862605626,0.20602080839269724,0.15497327728510712,0.08592879371614817
2010-02-18,0.005877627736280237,3.454650780629075e-05,0.09832768959123532,0.2116306359330848,0.20556099911734071,0.15301585945002535,0.08609332879910987
2010-02-19,0.00207175176647459,4.292155381890585e-06,0.09877353177628465,0.11146565017115787,0.19432327286609882,0.15285170626450026,0.09040287808577668
2010-02-22,0.00017980607229703538,3.233022363488671e-08,0.09487434603973562,0.11292606638584032,0.17558513753313354,0.1506957853417793,0.09062515742175054
2010-02-23,0.012218601933770685,0.00014929423321594472,0.11513922662225291,0.12862366083482785,0.18075086840374469,0.15277402038364962,0.07292554648116699
2010-02-24,0.009155744872269219,8.38276641660841e-05,0.12966163385504584,0.12318666670352424,0.1828222771854796,0.15377709139446574,0.0755720853665315
2010-02-25,0.0013548582434046697,1.8356408597215873e-06,0.12253834216872306,0.12249843063424637,0.18230709082655658,0.14997294652480975,0.07577924819979098
2010-02-26,0.0006324956224230254,4.000507123842903e-07,0.12110234273626419,0.11642925532593006,0.17678779736040698,0.1498348926849534,0.07637864427093277
2010-03-01,0.010330942929433342,0.00010672838181120876,0.1449536144723956,0.12118056127791751,0.17386213283159718,0.14921143368555548,0.07234099218930633
2010-03-02,0.0027666449536237563,7.654324299411796e-06,0.08238300912448877,0.10065152453832316,0.16659689628977098,0.14929925958607762,0.07264559157503946
2010-03-03,0.0008912194676058898,7.942721394397257e-07,0.07196816237856447,0.09981133246201025,0.16180981071541328,0.14834982684716555,0.07543975889732703
2010-03-04,0.0030230057409340776,9.138563709720392e-06,0.06272503328337037,0.09757626964378635,0.1604576184352938,0.14804197638258473,0.07713261602101512
2010-03-05,0.014192231351345069,0.00020141943073010189,0.09084480816501149,0.1165280248933015,0.11170940417820772,0.15067991218402751,0.06724058867817122
2010-03-08,0.0001747334850291918,3.0531790790446796e-08,0.09064985171411667,0.1165311723855979,0.11224075278116867,0.14868076340516428,0.06683905916467268
2010-03-09,0.0016614759963431134,2.7605024864243415e-06,0.09208627938330122,0.0824155759695582,0.10522106211573072,0.14856573749414087,0.07260176133972991
2010-03-10,0.004445949017167824,1.976646266325554e-05,0.0879173941982404,0.07765542247233377,0.10026911350496721,0.14842083605600195,0.0722224797847513
2010-03-11,0.004166286959198425,1.7357947026386856e-05,0.08691285227412993,0.07240826668554748,0.09818972775073057,0.14841348795930814,0.07372093373434897
2010-03-12,8.637415097276932e-05,7.460493956266747e-09,0.03341802561881788,0.0732150858615633,0.09577321031997478,0.14787420658533587,0.07340939168204201
2010-03-15,0.0002598723125887675,6.753361885023409e-08,0.03311195825721156,0.06666287734526287,0.09522802176286173,0.14746782452348098,0.07327313695531847
2010-03-16,0.007934612440403015,6.295807457939828e-05,0.05209774745267983,0.07071899763988242,0.0855009149560296,0.1482045592722162,0.07767589625319193
2010-03-17,0.005909544299641455,3.492271382942481e-05,0.05494512928809399,0.06964967768792095,0.08592879371614817,0.14609163069930123,0.0765594277436362
2010-03-18,0.0005124022041671074,2.6255601883531e-07,0.06189063067343656,0.07345877059593237,0.08609332879910987,0.14581943791903587,0.09959508571835006
2010-03-19,0.0050744154881297646,2.5749692546171235e-05,0.08303900012309737,0.059769504148600786,0.09040287808577668,0.1450869707994507,0.09713602192262365
2010-03-22,0.005331738144021851,2.842743163641757e-05,0.08526098453573872,0.0611787034862907,0.09062515742175054,0.14527668259754253,0.09972309617598998
2010-03-23,0.007008948023195295,4.912535239185323e-05,0.08187897491775481,0.06508473161361508,0.07292554648116699,0.14581938129296038,0.09853241040742848
2010-03-24,0.0048669608923501435,2.3687308327665705e-05,0.08928625976700448,0.07512922782802915,0.0755720853665315,0.14605908105412027,0.09585001043580033
2010-03-25,0.001627540378756219,2.6488876844819363e-06,0.09033123191849626,0.07612731369252991,0.07577924819979098,0.14610514534857394,0.09638703728309879
2010-03-26,0.0005999813306267627,3.5997759710066075e-07,0.07887267535620979,0.07654709881679438,0.07637864427093277,0.1460653828797246,0.09824247487696622
2010-03-29,0.006327278342549058,4.0034451224090356e-05,0.08251083906657049,0.08004878759860759,0.07234099218930633,0.1465096508275894,0.1331193505192325
2010-03-30,0.0006818346287426301,4.648984609526002e-07,0.06506324722198437,0.07291194331476958,0.07264559157503946,0.1448955762905073,0.1354727256060846
2010-03-31,0.0034130505181434027,1.164891383939895e-05,0.058747770402880824,0.07125861989751973,0.07543975889732703,0.1413124589999117,0.14035134004014255
2010-04-01,0.006814146918178345,4.643259822251944e-05,0.07085648624947341,0.07801721642077919,0.07713261602101512,0.14182764875232312,0.1536703419801332
2010-04-05,0.008116445370802307,6.58766854572182e-05,0.0776919563474428,0.07708025374665127,0.06724058867817122,0.14264660403722565,0.15770811020509432
2010-04-06,0.0023550861698715606,5.546430867520297e-06,0.0742899198731561,0.07531377005580529,0.06683905916467268,0.1425071195171828,0.1797679711237399
2010-04-07,0.005728643053625562,3.28173512358524e-05,0.09690508832986847,0.07902312634967647,0.07260176133972991,0.1430187820019119,0.1798620966078821
2010-04-08,0.003457948947786484,1.1957410925497652e-05,0.08605261831062125,0.07311960919984528,0.0722224797847513,0.14312952368453608,0.21391038469615734
2010-04-09,0.006545529945852907,4.284396227205716e-05,0.08532114946536752,0.07439785737862324,0.07372093373434897,0.14208553335470905,0.215461134585112
2010-04-12,0.0015882612077397673,2.5225736640109843e-06,0.07195374471679161,0.07267231888245235,0.07340939168204201,0.14123271934143955,0.27173529181811223
2010-04-13,0.0007517044788072434,5.650596234588694e-07,0.07185527110826949,0.07017221023517903,0.07327313695531847,0.14117695371656228,0.2716367866089858
2010-04-14,0.011285709567767473,0.0001273672404479983,0.06808889992030472,0.08309933648328853,0.07767589625319193,0.14052413440780964,0.27343799848138267
2010-04-15,0.0008245984926182905,6.799626740283569e-07,0.07352744236569797,0.0761188840894388,0.0765594277436362,0.13854472061171766,0.27597493802371326
2010-04-16,0.016040380922616837,0.00025729382014265015,0.1563302498185294,0.12183812955499028,0.09959508571835006,0.14103945678393212,0.2775639440346362
2010-04-19,0.003762520613314456,1.415656136561619e-05,0.1587439669460107,0.11689338451767495,0.09713602192262365,0.1346690430003397,0.2768562125252335
2010-04-20,0.00889129063176156,7.905504909845087e-05,0.17085054995995252,0.12361429327647315,0.09972309617598998,0.12609596001080065,0.2761304499727696
2010-04-21,0.0018214302611808141,3.317608196345209e-06,0.1486323991236779,0.11864291703979774,0.09853241040742848,0.12610912573717858,0.27613639004854773
2010-04-22,0.0029793922769003863,8.876778339653669e-06,0.15095531842038418,0.11849396538160874,0.09585001043580033,0.12554491411264426,0.3007137998845941
2010-04-23,0.006506259980650227,4.2331418935810696e-05,0.06407725042066506,0.11845079750020686,0.09638703728309879,0.12577503646665156,0.30636935904021534
2010-04-26,0.003783470454704181,1.4314648681619464e-05,0.08521760928787878,0.1218332546110758,0.09824247487696622,0.12324222968346889,0.3074013557688367
2010-04-27,0.023934509061696096,0.0005728607240244125,0.18804266543189901,0.176089955986043,0.1331193505192325,0.1316323276819229,0.3007408996513146
2010-04-28,0.0075676196985608795,5.726886790204666e-05,0.2058956778227657,0.16961811420077147,0.1354727256060846,0.1290924548859677,0.2972290779846347
2010-04-29,0.01232062916889566,0.00015179790311744255,0.22980005354128755,0.18330391786651895,0.14035134004014255,0.12919402906016375,0.3215605139600664
2010-04-30,0.01710725396307042,0.0002926581381569886,0.24650632328440336,0.18591965562031323,0.1536703419801332,0.1341177618934413,0.31959369690780487
2010-05-03,0.012879104409737906,0.00016587133039693038,0.278003810967782,0.19702088396655892,0.15770811020509432,0.11763276866983383,0.3160541590240418
2010-05-04,0.02379631986948061,0.0005662648393306376,0.27730696367183666,0.2242557771371742,0.1797679711237399,0.1290644327404879,0.326977447206485
2010-05-05,0.005973926063776723,3.568779261547085e-05,0.2654290456338374,0.2247069394471236,0.1798620966078821,0.1287144033892599,0.32760805736999205
2010-05-06,0.03377740934316373,0.0011409133819356443,0.2842693492401231,0.2678618032018029,0.21391038469615734,0.14593391626974694,0.33018151027003767
2010-05-07,0.014986859546179692,0.00022460595905691736,0.28299585396693516,0.25931307464982367,0.215461134585112,0.1494375186701176,0.32909007262877465
2010-05-10,0.04309858914050169,0.0018574883859017704,0.4745003917408403,0.3694347350247706,0.27173529181811223,0.17183078451846567,0.28667066265593594
2010-05-11,0.0028448791567792097,8.093337416676786e-06,0.4507374115219693,0.35296663937492545,0.2716367866089858,0.1719849908159638,0.28664212128951616
2010-05-12,0.013888600650473017,0.0001928932280283195,0.4640551760528679,0.35926560290065107,0.27343799848138267,0.17140444627216445,0.30366754493134646
2010-05-13,0.01250813514952667,0.00015645344491882458,0.3804519199012845,0.35384981020411416,0.27597493802371326,0.17351608992055184,0.3032114895702115
2010-05-14,0.018270905149364754,0.0003338259749770835,0.3920381501062172,0.3550923606241614,0.2775639440346362,0.17757509001856678,0.29765178684098437
2010-05-17,0.0005263720771556707,2.770675636091754e-07,0.19727650275573466,0.34365843755514053,0.2768562125252335,0.1775452936448147,0.31003139576672806
2010-05-18,0.013695672426560468,0.0001875714432156487,0.20854046272183072,0.3321188854904721,0.2761304499727696,0.17990854602477988,0.3063017227678583
2010-05-19,0.005710026298810324,3.260440033310552e-05,0.1170688853392124,0.3320877192756206,0.27613639004854773,0.17847010233212782,0.305655204459891
2010-05-20,0.038491067099652,0.0014815622464699125,0.23699315286648548,0.34436806564407113,0.3007137998845941,0.19444083292909062,0.26939508923359473
2010-05-21,0.014493570476441056,0.0002100635851555638,0.3119244202078184,0.35190502510836563,0.30636935904021534,0.1968178279507882,0.2658689796010349
2010-05-24,0.01291408615435722,0.00016677362120216083,0.30164155483554833,0.24817639403784897,0.3074013557688367,0.1985330015520752,0.2688316500387329
2010-05-25,0.001021090371153548,1.0426255460624906e-06,0.3120790418885506,0.25097281595982,0.3007408996513146,0.1972978813595267,0.26924547258643844
2010-05-26,0.006046912890287503,3.6565155502725164e-05,0.3119106548359049,0.22247990569159218,0.2972290779846347,0.19749195039491702,0.2754759959779709
2010-05-27,0.03294959662792831,0.0010856759179431847,0.28903294723220724,0.30503528399652924,0.3215605139600664,0.20917511492390398,0.247871878931526
2010-05-28,0.01262965839573811,0.0001595082711930381,0.3020782333180709,0.29922243985481506,0.31959369690780487,0.2106120411745693,0.24427466820584606
2010-06-01,0.01696652195359893,0.00028786286720195446,0.3145091624709787,0.3045695205836118,0.3160541590240418,0.21105704059337535,0.2617752532379592
2010-06-02,0.025706207182281345,0.000660809087698373,0.36584665201231986,0.3383218575253292,0.326977447206485,0.21800548536426473,0.24269709577303314
2010-06-03,0.0034380562310130183,1.182023064760744e-05,0.354472512149546,0.33852272813669676,0.32760805736999205,0.21811166473008936,0.24149465031134884
2010-06-04,0.035769306292936405,0.0012794432726779,0.3669251212435897,0.33024451975867747,0.33018151027003767,0.22950095749696323,0.209622497252241
2010-06-07,0.012528335273134841,0.00015695918471607466,0.366832125080107,0.32328536270670605,0.32909007262877465,0.23039556774806816,0.2078052063805043
2010-06-08,0.01065437119003797,0.00011351562545511112,0.37297499778328835,0.3254535009336218,0.28667066265593594,0.23170788714186893,0.23389757740979528
2010-06-09,0.005360154515251789,2.873125642737414e-05,0.28368170737677456,0.32591067944060625,0.28664212128951616,0.23183675142235752,0.23550068457114492
2010-06-10,0.02881218832357856,0.0008301421959933566,0.38628530603811134,0.3581434755389327,0.30366754493134646,0.23923897691134646,0.21286327501169772
2010-06-11,0.004844241586270978,2.3466676546157162e-05,0.2526475719736286,0.31495140963368895,0.3032114895702115,0.23911740385717692,0.21203493582537034
2010-06-14,0.0015511849807236032,2.4061748444224854e-06,0.21275956610144667,0.30831769272047943,0.29765178684098437,0.2391174152811874,0.21897220899557002
2010-06-15,0.022482784067659786,0.0005054755794330167,0.2388500470110351,0.3106650706888119,0.31003139576672806,0.24375573658631627,0.20270640528401293
2010-06-16,0.00035729647381170423,1.2766077019827785e-07,0.22073898728648295,0.28645463148303657,0.3063017227678583,0.24344500033320204,0.20273802312760097
2010-06-17,0.0016065580955075744,2.5810289142409245e-06,0.1563429277293197,0.2862491566016726,0.305655204459891,0.24296794746317354,0.22407590081465042
2010-06-18,0.0010838989053026334,1.1748368369162471e-06,0.1594411326717678,0.19923752686232032,0.26939508923359473,0.24284492288273218,0.22567268022864773
2010-06-21,0.0028685181045403647,8.228396116075846e-06,0.16290710407543274,0.18050494542639234,0.2658689796010349,0.24287921996944473,0.2303304423376485
2010-06-22,0.016653428296094286,0.0002773366740131538,0.1204679901691028,0.210134634176158,0.2688316500387329,0.24507303049753268,0.22751184931813628
2010-06-23,0.003107319587574019,9.65543501932117e-06,0.11758530715334743,0.2078557903506086,0.26924547258643844,0.24463804990294263,0.24175977495124998
2010-06-24,0.016709996135226595,0.00027922397083928775,0.133507525029761,0.17526496399505195,0.2754759959779709,0.24668139702693007,0.23502750497562525
2010-06-25,0.004180536735966768,1.747688740076768e-05,0.1473625890804746,0.17466287543764147,0.247871878931526,0.24690770602854634,0.23702279354812544
2010-06-28,0.0031570252238000114,9.966808263709513e-06,0.146862475039465,0.17494181443561624,0.24427466820584606,0.24635742973095787,0.23644164316375063
2010-06-29,0.03136146751425516,0.000983541644647682,0.22404359588729372,0.1783315780681132,0.2617752532379592,0.25301093735967367,0.20443510366377207
2010-06-30,0.00954552505370637,9.1117048550936e-05,0.21602779390175308,0.17506667912344254,0.24269709577303314,0.2532914150935155,0.20126213387677833
2010-07-01,0.004466840226945633,1.9952661613059712e-05,0.21425658824568103,0.16860760557941354,0.24149465031134884,0.25323160243986736,0.19963347789202923
2010-07-02,0.005464247646521693,2.9858002342517864e-05,0.18637204278071365,0.1615006970596027,0.209622497252241,0.25302871141949645,0.2072639606893455
2010-07-06,0.0065344437915344665,4.269895566472333e-05,0.220907604510294,0.1774672457285597,0.2078052063805043,0.25302703368232243,0.20997792396585624
2010-07-07,0.03101053898571576,0.000961653528184597,0.26084321135218924,0.25608839182859794,0.23389757740979528,0.2620443941324892,0.18531324796685322
2010-07-08,0.009846659062988154,9.695669470272674e-05,0.23417740491753739,0.26435487731227025,0.23550068457114492,0.26310343437152545,0.18411303024131123
2010-07-09,0.007437833769360117,5.532137118063372e-05,0.20986546776320744,0.25410392138296956,0.21286327501169772,0.2624043085583896,0.18462846712821124
2010-07-12,0.0006474235427866024,4.191572437543556e-07,0.18470323132259753,0.2532892742174704,0.21203493582537034,0.26239685349147074,0.18491659583485812
2010-07-13,0.014976415376842862,0.00022429301753973535,0.181261467993689,0.2628410499588602,0.21897220899557002,0.262931499561614,0.1804059938378347
2010-07-14,9.179995101228211e-05,8.427231005857396e-09,0.10090423236203744,0.18807935345008325,0.20270640528401293,0.26273100212579203,0.2077982013860892
2010-07-15,0.0002739923620920025,7.507181448475502e-08,0.10411474583001004,0.17250089468348537,0.20273802312760097,0.2618817690920467,0.2088681913641983
2010-07-16,0.027920809105193362,0.0007795715810886486,0.24784241418528932,0.23970543107299572,0.22407590081465042,0.26740500708229087,0.18250174591260712
2010-07-19,0.005889094271265533,3.4681431335852515e-05,0.2546339359978197,0.23423171968731182,0.22567268022864773,0.2677016557380756,0.18152763268821542
2010-07-20,0.011030274422247516,0.00012166695383008777,0.23977762846008488,0.23621034426701493,0.2303304423376485,0.26846988991332915,0.18248537983086735
2010-07-21,0.01308283750535297,0.0001711606371914703,0.2502148943288428,0.20329585998832178,0.22751184931813628,0.26943029491652015,0.1752891144331627
2010-07-22,0.02207611740368179,0.00048735495962114195,0.31685742589416344,0.2263289610459211,0.24175977495124998,0.26993665426090724,0.1691882077867216
2010-07-23,0.008641563684006422,7.467662290473866e-05,0.2024765144998076,0.22719934211249457,0.23502750497562525,0.2700952586127375,0.1656840050065479
2010-07-26,0.010362096250864974,0.00010737303871218995,0.20354182339348215,0.23049782264984559,0.23702279354812544,0.26970534209010455,0.15996899862445188
2010-07-27,8.987402422063606e-05,8.077340229611477e-09,0.2077093779670374,0.22119350935569657,0.23644164316375063,0.26768057160311476,0.16615890851240883
2010-07-28,0.006475196707641426,4.1928172402650365e-05,0.17263990333280252,0.22493791661392362,0.20443510366377207,0.26633845813318013,0.16716102842720826
2010-07-29,0.004884268410551262,2.385607790630895e-05,0.12204503887728682,0.22693092288750782,0.20126213387677833,0.26230343116326343,0.16767168593725387
2010-07-30,0.00018155126671336722,3.29608624452282e-08,0.1043609632407513,0.1632621105249576,0.19963347789202923,0.26210086147608114,0.17904028138537734
2010-08-02,0.022329945947059036,0.0004986264859985782,0.18471097002521167,0.18927119772531611,0.2072639606893455,0.25720120216759146,0.16071535754829264
2010-08-03,0.004800468510234787,2.30444979177558e-05,0.19120643112045127,0.19175188131726822,0.20997792396585624,0.2554987182513814,0.16107048069246316
2010-08-04,0.0066612606984898315,4.4372394093245235e-05,0.18043595728427572,0.1684620604213861,0.18531324796685322,0.23981267252887808,0.1960961745932723
2010-08-05,0.0010633975655991237,1.1308143825221428e-06,0.17058732117639802,0.1421852917366616,0.18411303024131123,0.239762408654625,0.20016443672059472
2010-08-06,0.0040840776658695194,1.667969038085422e-05,0.17948107630939866,0.1425231665736613,0.18462846712821124,0.23802484757070522,0.20625478197461086
2010-08-09,0.005324329926207466,2.83484891631084e-05,0.08427909321611782,0.13612695708260408,0.18491659583485812,0.2370354079409586,0.20829936019086362
2010-08-10,0.005413630137704998,2.9307391267867832e-05,0.08674258297545052,0.14018306002591466,0.1804059938378347,0.23433446440279806,0.2098639375953847
2010-08-11,0.027789522734476314,0.0007722575738099759,0.19915654932445465,0.19928191869616832,0.2077982013860892,0.24107708921058418,0.1847859386490542
2010-08-12,0.00614856751445709,3.780488247983704e-05,0.19343158292495222,0.20000237791159547,0.2088681913641983,0.23982096385629362,0.18352005596713206
2010-08-13,0.002950405867565895,8.704894783367263e-06,0.19489987192581146,0.1999678629934344,0.18250174591260712,0.23963099257578363,0.18594499363126282
2010-08-16,0.00046154028616917996,2.1301943575712853e-07,0.17435629089492694,0.1492919215497824,0.18152763268821542,0.22613495627836186,0.18597385206373826
2010-08-17,0.012210000080239486,0.00014908410195944825,0.23027069243439216,0.16996027310647435,0.18248537983086735,0.2255657445735635,0.18220191757391696
2010-08-18,0.001823804492217926,3.3262628258342868e-06,0.1108749701078981,0.16440569194988813,0.1752891144331627,0.22393561482100136,0.18231383491255268
2010-08-19,0.017549988582193102,0.00030800209923510823,0.17018527135391867,0.1795115934697833,0.1691882077867216,0.22692909007298848,0.16806687042219629
2010-08-20,0.003249777791215403,1.0561055692276861e-05,0.1703718534778143,0.17961506071584563,0.1656840050065479,0.22667835126436955,0.17257580171836423
2010-08-23,0.0038199940144138435,1.4592354270157593e-05,0.17081763099371022,0.1714018425393068,0.15996899862445188,0.21622773852464128,0.17170808373267724
2010-08-24,0.014954179731998904,0.0002236274914569268,0.13164713090867888,0.17808531148982984,0.16615890851240883,0.21683732873951364,0.16085995352485846
2010-08-25,0.0038777229201999784,1.5036735045844247e-05,0.14131338339785907,0.13732094511443024,0.16716102842720826,0.2142759607125833,0.16641904110228434
2010-08-26,0.006724743551427161,4.522217583246118e-05,0.10805362530377888,0.13770640213673294,0.16767168593725387,0.20775746214579963,0.17256583721689517
2010-08-27,0.015371101551096548,0.00023627076289412272,0.18220048739830177,0.16630574873137305,0.17904028138537734,0.21019999817580623,0.17075637043288291
2010-08-30,0.01461081524398725,0.0002134759220939302,0.20630059580095558,0.17888680188225822,0.16071535754829264,0.19922738064548023,0.1566294204785346
2010-08-31,0.0,0.0,0.1790963046570813,0.15974881120235285,0.16107048069246316,0.19755227263617578,0.15741895633519887
2010-09-01,0.029472592931855487,0.000868633734126858,0.2809693839078143,0.2318962852904032,0.1960961745932723,0.20547213994355704,0.12844497684191034
2010-09-02,0.009269263429475259,8.591924452500744e-05,0.26231583242210404,0.21765593514932147,0.20016443672059472,0.20591819039648365,0.12630849842701666
2010-09-03,0.012887890669930346,0.00016609772592007766,0.2584239171700178,0.22288497488582407,0.20625478197461086,0.19907464231926386,0.12495643495888312
2010-09-07,0.011336660115200976,0.0001285198625675886,0.24133220211805964,0.2323889937268415,0.20829936019086362,0.20027018285721662,0.13135010708582687
2010-09-08,0.0069986508240038854,4.898111335633027e-05,0.23152440323744083,0.21191183356151122,0.2098639375953847,0.20073998011117078,0.1309704848625267
2010-09-09,0.004608482585567506,2.1238111741478963e-05,0.14852559016035594,0.211881519161073,0.1847859386490542,0.19554650285767614,0.1315015581760872
2010-09-10,0.0050362084011680245,2.536339505999539e-05,0.14286874432071758,0.20229939651916634,0.18352005596713206,0.19582631689264873,0.13166121232713437
2010-09-13,0.01106163981843274,0.0001223598754727367,0.1358356065498042,0.19767633873088575,0.18594499363126282,0.19711056322562567,0.127761775249376
2010-09-14,0.000621284683657176,3.859946581469972e-07,0.06717335201704738,0.16846069808150285,0.18597385206373826,0.19710759140229184,0.12743730579604065
2010-09-15,0.0038099715492494165,1.4515883206089999e-05,0.06625058364420519,0.16524910507831067,0.18220191757391696,0.197147877421319,0.1288693590165456
2010-09-16,0.0002654848998933704,7.04822320713929e-08,0.07543964685572792,0.1112037195428031,0.18231383491255268,0.19398246581471243,0.13049332117722273
2010-09-17,0.00037353584373950343,1.3952902655818271e-07,0.0778657001985105,0.10866310552159186,0.16806687042219629,0.19383548501769754,0.13032122120817427
2010-09-20,0.015174761410928972,0.00023027338387861902,0.10564184316664986,0.11477393854419343,0.17257580171836423,0.1926992750342705,0.12163969169911787
2010-09-21,0.002016225908149087,4.065166912691612e-06,0.1096211145514343,0.08733065595244016,0.17170808373267724,0.19269608036152372,0.13223590485338793
2010-09-22,0.004924885073934975,2.4254492991467502e-05,0.1242088334098616,0.09739034794020078,0.16085995352485846,0.19289321807491172,0.133461949774838
2010-09-23,0.008144644525532182,6.633523444728134e-05,0.143096387626773,0.11222507414992385,0.16641904110228434,0.18181842757610348,0.12805260879638933
2010-09-24,0.0204126833881991,0.00041667764310685944,0.2035316936505783,0.14564184584920384,0.17256583721689517,0.18448665256478514,0.10904238686203235
2010-09-27,0.004802281685727919,2.3061909389077786e-05,0.1834758348002489,0.14430329948405904,0.17075637043288291,0.18453709245953373,0.10653017860773924
2010-09-28,0.0034947742667246423,1.2213447175360761e-05,0.18363329236951098,0.14376826371791768,0.1566294204785346,0.1839310517903242,0.10652475037639055
2010-09-29,0.0017459482747949023,3.0483353782592957e-06,0.17825362895829605,0.1448477985049774,0.15741895633519887,0.18384344884117193,0.10708424807944801
2010-09-30,0.002974368446910308,8.846867657975639e-06,0.1631416322046269,0.14653464229790827,0.12844497684191034,0.17375095517888958,0.10584657687135314
2010-10-01,0.004196799611390532,1.7613126978167722e-05,0.0635541411242875,0.14697906857163867,0.12630849842701666,0.17294835835266764,0.10553271028077818
2010-10-04,0.0075321634163634625,5.673348573080411e-05,0.07707514549776798,0.1329442588704949,0.12495643495888312,0.17336620962950014,0.09998804374091118
2010-10-05,0.01993188394315146,0.00039727999752325904,0.16936563175651925,0.16682766831332285,0.13135010708582687,0.1776691932516008,0.07821058353006023
2010-10-06,8.585733470580314e-05,7.371481922784309e-09,0.167217162912807,0.16309997219323627,0.1309704848625267,0.17537691141269954,0.07848997345575973
2010-10-07,0.001207548324148605,1.4581729551541044e-06,0.16387211722345282,0.15416380188403386,0.1315015581760872,0.17542229661938238,0.09899761357424933
2010-10-08,0.005593463202024807,3.128683059240561e-05,0.1647796360849245,0.12175534373061324,0.13166121232713437,0.17566535659564617,0.09849279191829603
2010-10-11,0.0009432571227453282,8.897339996097951e-07,0.1384280709889489,0.11675919239138263,0.127761775249376,0.16492986843079563,0.09961741894531607
2010-10-12,0.003081278063092879,9.494274502097403e-06,0.04294678948134429,0.11663544679315152,0.12743730579604065,0.16471686787817455,0.10527989622650598
2010-10-13,0.007747125074161809,6.001794691470662e-05,0.05664637024641493,0.11778262246130619,0.1288693590165456,0.16404450022635014,0.10336169886255764
2010-10-14,0.003908595649656895,1.5277119952516805e-05,0.0713250832591412,0.11918765887611192,0.13049332117722273,0.16162560987519609,0.103265492482449
2010-10-15,0.0020411954976418305,4.16647905959328e-06,0.06651526808623866,0.11900987346977415,0.13032122120817427,0.15591626983059945,0.11404997820211968
2010-10-18,0.004915798393510224,2.41650738456377e-05,0.068558657887454,0.10470453502411925,0.12163969169911787,0.15535276934456554,0.11341684468940352
2010-10-19,0.01319112756194513,0.00017400584635550846,0.13197929753480034,0.09425019712476272,0.13223590485338793,0.15693434739025036,0.11777283155352057
2010-10-20,0.00971842470976526,9.444777883937598e-05,0.14020576430318787,0.10455983431660244,0.133461949774838,0.15796896734474328,0.11275488329928052
2010-10-21,0.0022034674835944095,4.85526895125788e-06,0.13636616384534755,0.10341550911922347,0.12805260879638933,0.1572125851218069,0.12381438889671854
2010-10-22,0.0018606942223190692,3.4621829889715656e-06,0.13629681211864692,0.10137478050938346,0.10904238686203235,0.1567133346642824,0.12395789544907568
2010-10-25,0.002952989878880224,8.72014922476904e-06,0.13352023063477247,0.10154476600260623,0.10653017860773924,0.15672145556751418,0.12381916168713926
2010-10-26,0.00016869208712371123,2.845702025815378e-08,0.05852236909591961,0.10152188311043965,0.10652475037639055,0.15048696815877058,0.13509659854609934
2010-10-27,0.002868245992009938,8.226835070681072e-06,0.03685875050216506,0.09697166446986132,0.10708424807944801,0.15022361605519516,0.1443742176955266
2010-10-28,0.00016897824415590474,2.8553646998012555e-08,0.03498129000840962,0.09402706144342748,0.10584657687135314,0.1497633576406673,0.15103258222001012
2010-10-29,0.0007597944201672241,5.772875609172482e-07,0.03301531192422752,0.0937720164408683,0.10553271028077818,0.1497093535517401,0.15136403308119983
2010-11-01,0.0003377839066804624,1.1409796761231533e-07,0.023228553649843976,0.09073355375995931,0.09998804374091118,0.14935420854654383,0.15281449309970918
2010-11-02,0.007899025509737284,6.239460400348035e-05,0.06320471234700122,0.060105453726564374,0.07821058353006023,0.14976705130492948,0.16819586411440127
2010-11-03,0.004009673015279895,1.6077477689463762e-05,0.052932945737627,0.04548381998480374,0.07848997345575973,0.14928282143068963,0.17328198153000607
2010-11-04,0.019074876032749575,0.0003638508956647642,0.12223739278435222,0.09834087789667587,0.09899761357424933,0.14111716038984873,0.15995781391426075
2010-11-05,0.0037556756023404904,1.4105099230015606e-05,0.11514833120180377,0.09795001424132993,0.09849279191829603,0.14014388503499836,0.15947329607405963
2010-11-08,0.0018758694862224732,3.5188863293405654e-06,0.12397030337296024,0.10180269272381619,0.09961741894531607,0.13999500480014734,0.15932465149843117
2010-11-09,0.00721046546447019,5.199081221431731e-05,0.1560438791742751,0.11386428451969462,0.10527989622650598,0.1412085668076518,0.1573337724323313
2010-11-10,0.004021177995115224,1.616987246839889e-05,0.15604603207333334,0.11012114132090098,0.10336169886255764,0.13967526719470763,0.15729642387279724
2010-11-11,0.003774452408135134,1.4246490981277111e-05,0.07730652454803132,0.11473663373997184,0.103265492482449,0.14015706545324091,0.1573759349000651
2010-11-12,0.01190877296945898,0.00014181887363811684,0.09446528086970514,0.13632743801531777,0.11404997820211968,0.13727829087382054,0.14967641210573102
2010-11-15,0.0014155205677117357,2.0036984776149542e-06,0.09521690990684308,0.13700422509972937,0.11341684468940352,0.13703614573909761,0.14924704060786195
2010-11-16,0.01570229626460119,0.00024656210798130844,0.1267837938470303,0.15501366420953483,0.11777283155352057,0.1412611572242456,0.13653420340454092
2010-11-17,0.0005077076361275371,2.577670437822116e-07,0.11121139299651635,0.1527603194799278,0.11275488329928052,0.13695239576170465,0.13682193882223553
2010-11-18,0.014611494324936348,0.0002134957664076471,0.18874234541564472,0.13677304436279888,0.12381438889671854,0.13933314003455796,0.129452222395238
2010-11-19,0.0027467011955663173,7.544367457725437e-06,0.1720301199979666,0.13569454245012652,0.12395789544907568,0.1381000117320467,0.1294333506856156
2010-11-22,0.0008314739216689343,6.913488824155171e-07,0.1717450897514421,0.1358225228113527,0.12381916168713926,0.13552707923617033,0.129830926546826
2010-11-23,0.014582822696714588,0.00021265871780381412,0.1652485740886024,0.14836332527139937,0.13509659854609934,0.13551239405189772,0.11331039121303377
2010-11-24,0.014666210294066362,0.00021509772438977812,0.1934979408280347,0.16980534209115003,0.1443742176955266,0.1378780286547856,0.10599878694796709
2010-11-26,0.011715709930769726,0.00013725785918193638,0.1868824087962781,0.1772121472612596,0.15103258222001012,0.12873449108905013,0.09235652966331771
2010-11-29,0.0030257671894493164,9.155267084748016e-06,0.18733359347772108,0.17041375296122135,0.15136403308119983,0.12777953982538173,0.09253879515471106
2010-11-30,0.005638708992295563,3.1795039099794836e-05,0.18872965623439444,0.17210331185395603,0.15281449309970918,0.1263619722113611,0.08728444614030362
2010-12-01,0.02104444064806355,0.0004428684821898693,0.21660653918263462,0.18437058163130055,0.16819586411440127,0.1300197049063693,0.058495161352689264
2010-12-02,0.012727613909499958,0.0001619921558292968,0.21111597785288128,0.19097641831387369,0.17328198153000607,0.1315319070259514,0.043472582348731546
2010-12-03,0.0026891659936152178,7.231613741216521e-06,0.16341904991553566,0.18084720856311595,0.15995781391426075,0.13141743862818916,0.05335706208809453
2010-12-06,0.0010584531956439897,1.120323167368974e-06,0.17167745961127295,0.18165766146999304,0.15947329607405963,0.13136936188462095,0.0530098112963339
2010-12-07,0.0005698803769781721,3.247636440647836e-07,0.14949266497203492,0.18117459186504153,0.15932465149843117,0.12992609403817446,0.053936364609883415
2010-12-08,0.0036573085677501713,1.337590595973881e-05,0.08510294053434427,0.15522051886417074,0.1573337724323313,0.12992072061589996,0.055561804740616394
2010-12-09,0.0038859113048402075,1.5100306669084923e-05,0.03382847443121513,0.14346046865585693,0.15729642387279724,0.1299263512987797,0.05666100639009848
2010-12-10,0.005800618986778476,3.364718062977496e-05,0.04384706541716678,0.11814266797396354,0.1573759349000651,0.13015027884356684,0.05525925294649753
2010-12-13,0.0006424770025647589,4.1277669882459717e-07,0.03592373755856224,0.11966754540481654,0.14967641210573102,0.1301397890512685,0.055785680642554784
2010-12-14,0.0008826316369482212,7.790386065418966e-07,0.034686879118763336,0.1082323494336003,0.14924704060786195,0.12707873560969782,0.061866992783073005
2010-12-15,0.004582321574500877,2.0997671012136194e-05,0.06257224980198009,0.07320712230765397,0.13653420340454092,0.12748675812822835,0.05862997560521212
2010-12-16,0.005784773218285232,3.346360118699008e-05,0.06862594908275846,0.05104767485132072,0.13682193882223553,0.12709971862808653,0.0600755860483901
2010-12-17,0.0010707621641958484,1.146531612273377e-06,0.058280293507533394,0.050928863628929066,0.129452222395238,0.1254758997806953,0.05998439745314689
2010-12-20,0.002410448608978699,5.810262496527345e-06,0.05939717062267094,0.04866070442163105,0.1294333506856156,0.11931191289313874,0.07333690282669089
2010-12-21,0.006320568003928474,3.994957989228438e-05,0.06971648881323962,0.052313862345709644,0.129830926546826,0.11899959168064525,0.0715949123694879
2010-12-22,0.003105494009571784,9.644093043486237e-06,0.03561656555674049,0.05207061678883857,0.11331039121303377,0.11897628091529085,0.07133747984005939
2010-12-23,0.0014323026339563196,2.0514908352382107e-06,0.04508679521050272,0.0549628016504598,0.10599878694796709,0.11894001429094468,0.07254553340524282
2010-12-27,0.00039810304150401737,1.5848603165474936e-07,0.04646916652599633,0.051055646949192166,0.09235652966331771,0.11858219227432737,0.07252162202124518
2010-12-28,0.0014313355763634274,2.048721532163625e-06,0.04665682839626773,0.05085512001073663,0.09253879515471106,0.11846788711369938,0.07305560004182074
2010-12-29,0.0007147811226652597,5.109120533186091e-07,0.026152489519221694,0.05092270959463786,0.08728444614030362,0.11693520449126706,0.07306930296156805
2010-12-30,0.0015891499256001761,2.5253974860350455e-06,0.021370910964619103,0.04237536735466312,0.058495161352689264,0.1108255839069582,0.09963851653177042
2010-12-31,0.00023844606451892803,5.685652568456479e-08,0.017775688134917304,0.03660453216296657,0.043472582348731546,0.11080871949077092,0.10239190194406933
2011-01-03,0.010285012109587944,0.00010578147409437065,0.07376446632452073,0.05812273304759897,0.05335706208809453,0.11213626683422365,0.11061111887330397
2011-01-04,0.0005510559269087529,3.0366263458126485e-07,0.07638899133941403,0.05968603251726425,0.0530098112963339,0.11191308350167743,0.11104000705683692
2011-01-05,0.005184304020093946,2.687700817276225e-05,0.07886638675300256,0.05756016572705176,0.053936364609883415,0.11215740439302774,0.11018235389503489
2011-01-06,0.001960934410533143,3.845263762412966e-06,0.08017749641434206,0.05986257753285701,0.055561804740616394,0.11234654207261933,0.10966103760783862
2011-01-07,0.0019642366376734334,3.858225568778635e-06,0.08566942302392706,0.060590517920003945,0.05666100639009848,0.11180308971911504,0.11013096853732839
2011-01-10,0.0012591329718874091,1.585415840894019e-06,0.047893184666577736,0.06177841808645119,0.05525925294649753,0.1114027619267115,0.10987195495189937
2011-01-11,0.003537641314947528,1.2514906073223675e-05,0.05393703557681409,0.06303179076783062,0.055785680642554784,0.11148252094015994,0.11082958227543961
2011-01-12,0.008983841874345365,8.070941482324123e-05,0.07602645819377382,0.07376985287032994,0.061866992783073005,0.11233719179292544,0.10766152633196181
2011-01-13,0.0016346931196614567,2.672221595468506e-06,0.07512961213887084,0.07383378659563493,0.05862997560521212,0.10831588582778635,0.1081612083244627
2011-01-14,0.007218502732257571,5.210678169561002e-05,0.07647416262348954,0.07718196605456248,0.0600755860483901,0.10764171190899784,0.10630379769518589
2011-01-18,0.0017003132902414105,2.891065284971571e-06,0.06755623527877738,0.06487006603104191,0.05998439745314689,0.10763520084765114,0.10761404438588702
2011-01-19,0.00985384906871454,9.709834146900642e-05,0.11965252974613184,0.08763068600683806,0.07333690282669089,0.1101715790723608,0.10038021519850429
2011-01-20,0.00132630422562908,1.7590828989215537e-06,0.09833603607042446,0.08497048851572875,0.0715949123694879,0.11026731876907547,0.09957056324021576
2011-01-21,0.002261337271844602,5.1136462570335874e-06,0.10007518078498696,0.08440507333914034,0.07133747984005939,0.11025455594341428,0.09957470929204883
2011-01-24,0.005670694233658851,3.2156773091651746e-05,0.09342379411386283,0.08617252127653413,0.07254553340524282,0.11023476267941498,0.12691229641764737
2011-01-25,0.0005421642397884862,2.9394206290542715e-07,0.0922079861252087,0.08500669716101941,0.07252162202124518,0.1102177026692876,0.12947154880517664
2011-01-26,0.0038632175858411286,1.4924450115552157e-05,0.043473398185568085,0.08521814626447002,0.07305560004182074,0.11030752928535292,0.12900895147451655
2011-01-27,0.002465077568548986,6.076607418963381e-06,0.030476028440074,0.07542903331367727,0.07306930296156805,0.11029052240258744,0.1338434827459995
2011-01-28,0.017616973839748546,0.00031035776727038463,0.15031758126402409,0.12068826682620477,0.09963851653177042,0.11632316601611159,0.11560866744077838
2011-01-31,0.00748780797189254,5.6067268223937476e-05,0.15586070927424403,0.12117756885377827,0.10239190194406933,0.11689892032981938,0.13161113806305774
2011-02-01,0.015881994432082523,0.00025223774714070026,0.1961117212122788,0.1465752197767191,0.11061111887330397,0.11498796248678833,0.1192781476401419
2011-02-02,0.0019137813753595915,3.6625591526732497e-06,0.19770830467929043,0.1351839750683429,0.11104000705683692,0.11503784164460791,0.13310631674261275
2011-02-03,0.0022200016022522863,4.9284071140027184e-06,0.1976218967382303,0.1341058013382698,0.11018235389503489,0.11488982835564436,0.13649487206756902
2011-02-04,0.0028249743112615153,7.980479859287473e-06,0.10778776045279709,0.13415625623287947,0.10966103760783862,0.11359342677058809,0.1394822523877734
2011-02-07,0.006232976997271959,3.8850002248521365e-05,0.10654426886093879,0.13459926822614363,0.11013096853732839,0.1139059069486361,0.14119346849446715
2011-02-08,0.0045361107826424815,2.0576301032405388e-05,0.04851096083624168,0.13471611195821642,0.10987195495189937,0.11357153516295851,0.14036684278031825
2011-02-09,0.0022655967641492156,5.1329286977233965e-06,0.05067172235759717,0.1366045782458993,0.11082958227543961,0.1103753962979658,0.15509394283225147
2011-02-10,0.000378107247420348,1.4296509055179227e-07,0.05340651874387087,0.13680091913518563,0.10766152633196181,0.11022148986838455,0.15751097828265564
2011-02-11,0.005952898859862985,3.543700483575803e-05,0.05946414615842096,0.0843581293069052,0.1081612083244627,0.10438831728815491,0.15668885005893698
2011-02-14,0.002400997390159591,5.764788467553168e-06,0.05195289516990592,0.08254005930397702,0.10630379769518589,0.104339156325453,0.16024345962941794
2011-02-15,0.003153014441056144,9.941500065508588e-06,0.058447231140740345,0.0536470368402616,0.10761404438588702,0.10155860495767854,0.17103014486154575
2011-02-16,0.006295819769046264,3.963734656431376e-05,0.0628605396892158,0.0538999815495011,0.10038021519850429,0.10195831643567609,0.17738769147379174
2011-02-17,0.0029834678957271657,8.901080684834682e-06,0.06031616299367005,0.053908402367581154,0.09957056324021576,0.10182663108659937,0.17765770409489579
2011-02-18,0.00208385761267872,4.342462549919054e-06,0.05387283269602291,0.05395734489601147,0.09957470929204883,0.09583409327528701,0.18794048531871194
2011-02-22,0.020274018725041237,0.00041103583526332267,0.16738965636079398,0.12305440971887903,0.12691229641764737,0.10292467957708587,0.1747975096974072
2011-02-23,0.006162981667303826,3.7982343031523044e-05,0.16957787393643908,0.123473265878809,0.12947154880517664,0.10044954446087487,0.1740277621764652
2011-02-24,0.000687635424879663,4.7284247754943473e-07,0.1517302320333654,0.12333740467018561,0.12900895147451655,0.10053149481962387,0.17746652701052834
2011-02-25,0.010636182799021612,0.00011312838453420322,0.18194557930358957,0.13662358685546794,0.1338434827459995,0.10101832298275594,0.17355273755781084
2011-02-28,0.006177342446413931,3.8159559700267244e-05,0.19107447600350227,0.1369014243309045,0.11560866744077838,0.09330226105866357,0.1720592564104337
2011-03-01,0.016813525245435425,0.00028269463117889436,0.17079885512163517,0.15967017195811303,0.13161113806305774,0.09789221774895994,0.16266622756861954
2011-03-02,0.002136336572464208,4.56393395084812e-06,0.1662280815772127,0.16070441892003565,0.1192781476401419,0.09786257118162389,0.16413553288680724
2011-03-03,0.017077691470525853,0.0002916475459624715,0.20334839974230418,0.18270020643126225,0.13310631674261275,0.10301392690104094,0.15253300713119292
2011-03-04,0.007520483043726562,5.6557665210978736e-05,0.20597131640462243,0.18503396859014135,0.13649487206756902,0.10464119418121412,0.15065154612492118
2011-03-07,0.007882006328127498,6.212602375664193e-05,0.20449475922942878,0.1866347342429771,0.1394822523877734,0.10621330984118257,0.14738204377340727
2011-03-08,0.008711991139263821,7.589878961061134e-05,0.17012892322787307,0.16395236721440554,0.14119346849446715,0.10719935346908767,0.14448702814094347
2011-03-09,0.00143424911396958,2.057070520922525e-06,0.17248806150556234,0.16019249884154935,0.14036684278031825,0.10690819123099093,0.14460344253668067
2011-03-10,0.018679025294334784,0.0003489059859463987,0.159113156708615,0.18857204645930442,0.15509394283225147,0.1143466942373199,0.12609125411872874
2011-03-11,0.0069024767553446074,4.764418535807262e-05,0.17853972790857967,0.18310689079627743,0.15751097828265564,0.11503051659569163,0.12556563886083974
2011-03-14,0.0060564155281444135,3.6680169049548775e-05,0.17550193860737356,0.17969944406556784,0.15668885005893698,0.11536934883631576,0.1237555019023193
2011-03-15,0.011523118981992066,0.00013278227107314588,0.1544118796379807,0.1694517304171615,0.16024345962941794,0.11764903708801779,0.11903355121808747
2011-03-16,0.01868634447830172,0.00034917946996175725,0.16904247427532884,0.18713377927278654,0.17103014486154575,0.12408796115715236,0.09299848270736656
2011-03-17,0.01314813730570516,0.00017287351460967574,0.20797614464958047,0.175470677896601,0.17738769147379174,0.1268078225115202,0.0837048118322799
2011-03-18,0.003630677491408175,1.318181904661796e-05,0.1990254529039581,0.17864391377165575,0.17765770409489579,0.12639319514963032,0.0837082992727762
2011-03-21,0.015378911812364797,0.00023651092853249349,0.23861567009299783,0.19857636925876804,0.18794048531871194,0.129973894274893,0.07905089486977485
2011-03-22,0.0034744308053001275,1.2071669420818493e-05,0.21936559540585224,0.1914215693592218,0.1747975096974072,0.13017675344128213,0.07994407644264657
2011-03-23,0.002857736519595643,8.166658015430619e-06,0.1239425127781197,0.1930323233712999,0.1740277621764652,0.13026167127845764,0.09175479215535358
2011-03-24,0.009517768925600927,9.058792532113462e-05,0.11356598074606071,0.17437892787852205,0.17746652701052834,0.13153120056815976,0.08776354135502053
2011-03-25,0.0030511538704907277,9.309539941410549e-06,0.11426571630485291,0.1718876037828807,0.17355273755781084,0.13161712301524708,0.08775332977806699
2011-03-28,0.0024399954309847196,5.953577703226308e-06,0.08248363383453262,0.1687884063994445,0.1720592564104337,0.1316937781708398,0.09086872112375624
2011-03-29,0.006696015909971833,4.483662906659591e-05,0.07159946547198454,0.15468788923400054,0.16266622756861954,0.13224929886682557,0.0907262817018032
2011-03-30,0.0068776877701384985,4.730258906351267e-05,0.07344740292461893,0.09693833741812982,0.16413553288680724,0.13139404577809533,0.08872238488043623
2011-03-31,0.0013564537128308005,1.8399666750524638e-06,0.06934484458104796,0.09222925150560383,0.15253300713119292,0.13143993929225775,0.08825653950107547
2011-04-01,0.004214099942073636,1.7758638321785022e-05,0.0703420745396633,0.09219724184199951,0.15065154612492118,0.1313164682894385,0.08821056188910222
2011-04-04,0.0008259137798891927,6.821335718108538e-07,0.05770625253398275,0.06835030708439438,0.14738204377340727,0.13119246686042701,0.08980659633447338
2011-04-05,0.00014974855497086414,2.2424629715861916e-08,0.053789692410974074,0.0616849689499584,0.14448702814094347,0.13108046419630554,0.09371370731850599
2011-04-06,0.003147246196728839,9.905158622824142e-06,0.036615624805792654,0.06168215635893284,0.14460344253668067,0.13108822217903293,0.09919680269596605
2011-04-07,0.0025471168218167907,6.487804103982069e-06,0.04261593817706406,0.055633955561984555,0.12609125411872874,0.1311636914268695,0.09991417930856329
2011-04-08,0.003456215976355453,1.1945428875214678e-05,0.04206934652218186,0.06097486328290907,0.12556563886083974,0.13033380023574545,0.09961581754244578
2011-04-11,0.003015423641321114,9.092779736638286e-06,0.04362059744420003,0.061991657649215784,0.1237555019023193,0.13046637977453196,0.10227760487256989
2011-04-12,0.00750197110517585,5.627957046289337e-05,0.060417436979018156,0.06702459613524918,0.11903355121808747,0.13076196408312246,0.10628474141890057
2011-04-13,7.657257521738884e-05,5.863359275422672e-09,0.042534626528229674,0.05401133485561852,0.09299848270736656,0.13073427403701596,0.10694426765590156
2011-04-14,0.0007607695859828865,5.787703629565724e-07,0.05179367427002586,0.054652821128198054,0.0837048118322799,0.12900449059883823,0.11171297951807081
2011-04-15,0.0036417437179796204,1.3262297307444029e-05,0.06714018931667583,0.05324583247672248,0.0837082992727762,0.12910633018973,0.1141144159438198
2011-04-18,0.01127179718760429,0.000127053411838484,0.09895561657238955,0.07346144887098026,0.07905089486977485,0.13131357566992036,0.10548616271762594
2011-04-19,0.0057281048123578844,3.2811184741357555e-05,0.10452340149021166,0.08301621599828982,0.07994407644264657,0.13132355589907127,0.10794514042190283
2011-04-20,0.01353989605450582,0.00018332878516682226,0.1433743185149113,0.11087978357548295,0.09175479215535358,0.13407532933864186,0.09773931779524504
2011-04-21,0.005095480279132849,2.5963919275031777e-05,0.14340271584614356,0.11338344174265198,0.08776354135502053,0.13422823380162066,0.10071639874468595
2011-04-25,0.0010467935190560061,1.095776671537657e-06,0.14662177067171023,0.11175549400182279,0.08775332977806699,0.13421190649037804,0.10882273423538251
2011-04-26,0.008568271636933723,7.341527884428291e-05,0.08448043331195279,0.11633961514236105,0.09086872112375624,0.12974051947671394,0.10330034546170143
2011-04-27,0.006507507824023239,4.234765807972366e-05,0.08428425857905979,0.10595882399291187,0.0907262817018032,0.1295455885181645,0.10079579844689895
2011-04-28,0.0032380884372493106,1.0485216727447683e-05,0.05794254053828616,0.10443282795771291,0.08872238488043623,0.12586156842286378,0.1017050057514469
2011-04-29,0.0023483586081273302,5.514788152365731e-06,0.05934692579939268,0.10357761239861728,0.08825653950107547,0.1257803483823624,0.1025129847078852
2011-05-02,0.0015405452611358841,2.3732797016082295e-06,0.06199624516807052,0.10678532597681097,0.08821056188910222,0.1258369187895738,0.11021727862756463
2011-05-03,0.003603813068217347,1.298746863065413e-05,0.0635223509585971,0.08189206517835974,0.08980659633447338,0.1260739600665712,0.1353929165579685
2011-05-04,0.006652531111454651,4.425617018887205e-05,0.06540557530093645,0.09638488421224643,0.09371370731850599,0.12639952211040703,0.13398664468990845
2011-05-05,0.00908992567401516,8.262674875911996e-05,0.07055838458082378,0.09159099358655899,0.09919680269596605,0.12758782897566256,0.13473267502590158
2011-05-06,0.004406168586353278,1.9414321611366442e-05,0.08223226711100994,0.09065843879681737,0.09991417930856329,0.12776910364647098,0.13698192485081323
2011-05-09,0.00386739076766202,1.4956711349797428e-05,0.09712047945519185,0.09194114080808188,0.09961581754244578,0.12797655900095334,0.13536640481819268
2011-05-10,0.008500020340627178,7.225034579107577e-05,0.12123272764808622,0.091780273368411,0.10227760487256989,0.12855615082671296,0.1294473848141055
2011-05-11,0.010580221102472639,0.00011194107857720734,0.13736522381136707,0.10157926109778524,0.10628474141890057,0.13043821227103308,0.13106914364606942
2011-05-12,0.004749054797739444,2.255352147193203e-05,0.1169684910070234,0.10357086713773107,0.10694426765590156,0.13057637430559527,0.13527214951910976
2011-05-13,0.00772898651930051,5.973723261552901e-05,0.13308916140866506,0.10738778504948263,0.11171297951807081,0.13100202152532298,0.134571563833444
2011-05-16,0.00636177898365281,4.0472231836846576e-05,0.13302004011711496,0.10980282698780297,0.1141144159438198,0.13152115282999824,0.14373848689287072
2011-05-17,0.0001503506383818482,2.2605314461829283e-08,0.09854584726771239,0.10997855687463162,0.10548616271762594,0.1314452920074939,0.15500184411620738
2011-05-18,0.00889693319030529,7.915542019275586e-05,0.11277331724945985,0.11854749542204499,0.10794514042190283,0.12579333550926608,0.15030117618671301
2011-05-19,0.0023784644258284813,5.657093024931607e-06,0.10745690112669615,0.10841742608687804,0.09773931779524504,0.12510920745644166,0.15058524712984178
2011-05-20,0.007976694864707699,6.362766096465418e-05,0.1085025193239028,0.11452558286856666,0.10071639874468595,0.12629872501864678,0.1516244197058077
2011-05-23,0.011668589189378936,0.00013615597367049097,0.13044650822307421,0.12430011491950095,0.10882273423538251,0.1268558946028121,0.15674355424350012
2011-05-24,0.0008332707435579643,6.943401320696428e-07,0.13002347732810304,0.1102757298562902,0.10330034546170143,0.12621880346148118,0.157867160604119
2011-05-25,0.003328849805662277,1.108124102865778e-05,0.10457265011767196,0.1052390334511071,0.10079579844689895,0.12147314222202597,0.15713990188430912
2011-05-26,0.004597097906408311,2.1133309161103675e-05,0.11258007359103808,0.10498736790217993,0.1017050057514469,0.12174013452421185,0.15961224559689793
2011-05-27,0.003827117905701409,1.4646831464140338e-05,0.10754892878538029,0.10193208542599605,0.1025129847078852,0.11687078359275918,0.1630789004255327
2011-05-31,0.010357597223750514,0.00010727982024944436,0.06364176086226135,0.10885326937573707,0.11021727862756463,0.11764724803376611,0.1659167903500585
2011-06-01,0.02271725162486935,0.0005160735213876292,0.20547236164003618,0.16274120188574817,0.1353929165579685,0.12574438948465305,0.14984508428052049
2011-06-02,0.0010622653826821472,1.1284077432448487e-06,0.20317920243836946,0.1532159205054897,0.13398664468990845,0.12448363644415625,0.1536853621845564
2011-06-03,0.00999431442452058,9.988632081618015e-05,0.2042618343888483,0.15593317438786294,0.13473267502590158,0.12611998531766289,0.1565987514311068
2011-06-06,0.010637825812117079,0.00011316333800894438,0.19532670904950086,0.15875559400159117,0.13698192485081323,0.12209401222634209,0.15019366409450402
2011-06-07,0.0006198864727990067,3.8425923915919367e-07,0.143105818404257,0.152359022328396,0.13536640481819268,0.12123638895389403,0.14990170520574916
2011-06-08,0.004196156149008419,1.7607726426861165e-05,0.07596962932548727,0.15234119391401277,0.1294473848141055,0.12091004449111263,0.15060278484875492
2011-06-09,0.0076020559889388205,5.779125525896059e-05,0.11909479924328983,0.15847239637285288,0.13106914364606942,0.11956354283933232,0.15351528551832794
2011-06-10,0.014007716148178561,0.00019621611168794243,0.13507212233174762,0.16329911244571546,0.13527214951910976,0.11676181819317259,0.16002771551161296
2011-06-13,0.0007834621563586971,6.138129504462195e-07,0.12570510292752934,0.15981635266385058,0.134571563833444,0.11363985591249982,0.16153574882242397
2011-06-14,0.012605938669263418,0.00015890968973323075,0.1645108557082312,0.16593052329896346,0.14373848689287072,0.11630423067822068,0.1564900619333621
2011-06-15,0.01794498290449275,0.00032202241144253704,0.21172147135312705,0.15219952722649488,0.15500184411620738,0.11777282295491867,0.1428970655149132
2011-06-16,0.002201818855591908,4.848006272840059e-06,0.1990764605132266,0.15467369906411094,0.15030117618671301,0.11770477159979158,0.1436083577016765
2011-06-17,0.002979318693271301,8.876339876075811e-06,0.1766269961523201,0.15293676505094414,0.15058524712984178,0.11771878308351329,0.14798453816401058
2011-06-20,0.00510338020371026,2.6044489503621773e-05,0.1802664469485832,0.14875589902111047,0.1516244197058077,0.1164945291523125,0.15655344218616288
2011-06-21,0.013611124077352972,0.00018526269864909778,0.1844403108789704,0.16485021035697958,0.15674355424350012,0.11976786099819184,0.15050235044837376
2011-06-22,0.006043905074583657,3.6528788550578086e-05,0.11163724994102188,0.16669205124651568,0.157867160604119,0.12028825867323623,0.15421075867490963
2011-06-23,0.0028799699729546422,8.294227045120362e-06,0.12099880357124547,0.16277944171544126,0.15713990188430912,0.11953719659999892,0.1531675454807341
2011-06-24,0.011681675112836841,0.00013646153344187164,0.15712485849178764,0.15765675318329408,0.15961224559689793,0.12077327240618714,0.14715212689151758
2011-06-27,0.008872071372236338,7.871365043405558e-05,0.16735296420595488,0.16406272434004213,0.1630789004255327,0.1223387110735062,0.1469409433950101
2011-06-28,0.012968436339828493,0.00016818034110018424,0.16418292098167894,0.1648087891503643,0.1659167903500585,0.12506844568629347,0.16164235719718126
2011-06-29,0.008527605769989689,7.272006016836143e-05,0.16157740616837812,0.13097325839228688,0.14984508428052049,0.12637129801051333,0.15907552166474548
2011-06-30,0.0095171321134588,9.057580366502878e-05,0.1562577230301239,0.1342598239153,0.1536853621845564,0.1279433573218593,0.15641756790967262
2011-07-01,0.01466765606522284,0.0002151401344476684,0.04356545598668286,0.14400225485732507,0.1565987514311068,0.13131736031678026,0.1452891766278332
2011-07-05,0.0008214880526691283,6.748426206781165e-07,0.09551754333442798,0.14722530161377864,0.15019366409450402,0.13121553469879385,0.168125167573052
2011-07-06,0.0011948166542604703,1.427586837298184e-06,0.10090164263022978,0.13908964620435812,0.14990170520574916,0.13101659797303095,0.17023835195007647
2011-07-07,0.010322062046670875,0.00010654496489532334,0.10380458236687706,0.1319505463100188,0.15060278484875492,0.13245275847787447,0.2262771742164057
2011-07-08,0.007117338628213662,5.065650914866233e-05,0.13926722697860522,0.14053317262021517,0.15351528551832794,0.13235652143761667,0.22675953606766264
2011-07-11,0.01824570808527132,0.00033290586353293525,0.16822143035046536,0.16381935571355571,0.16002771551161296,0.13779128053050174,0.3133932370011297
2011-07-12,0.0043288580033986925,1.8739011613588913e-05,0.16728741787467336,0.1661868696825622,0.16153574882242397,0.13808891513514518,0.36660879189368273
2011-07-13,0.003343056720848357,1.1176028238809372e-05,0.1718284046452293,0.15620781688008958,0.1564900619333621,0.13805719770281275,0.3905927633667656
2011-07-14,0.006926365212164919,4.797453505228838e-05,0.1229644299823712,0.15657463166323804,0.1428970655149132,0.136815800096605,0.43197459139748035
2011-07-15,0.005788150522113167,3.350268646663892e-05,0.15087318706689976,0.15136759401246722,0.1436083577016765,0.1368263496682607,0.43230595770285307
2011-07-18,0.008234646507866022,6.780940310951007e-05,0.09968801868153236,0.1305596934225061,0.14798453816401058,0.13497623247186472,0.4420986622214911
2011-07-19,0.016100805086296036,0.00025923592442689627,0.15862866921938948,0.16079595683721032,0.15655344218616288,0.13866560745128953,0.4358673450120863
2011-07-20,0.0006026616230774208,3.632010319303112e-07,0.1590190611588534,0.16042105909103152,0.15050235044837376,0.13865494296002384,0.4360690412218195
2011-07-21,0.013775527762140433,0.0001897651651255018,0.16007631172434086,0.16799755068067002,0.15421075867490963,0.14043525538903343,0.45087102607340446
2011-07-22,0.0006690738599638637,4.4765983008694395e-07,0.16331718164208497,0.16409975596019488,0.1531675454807341,0.1397960315964277,0.4505827789629353
2011-07-25,0.005588280822708509,3.122888255345169e-05,0.1511026451291815,0.13393400994330265,0.14715212689151758,0.140078773123168,0.4517738666283511
2011-07-26,0.0037435649467168334,1.4014278510287007e-05,0.12083175416558878,0.13326362627106347,0.1469409433950101,0.14016191146447393,0.47452661826143633
2011-07-27,0.02068767169584264,0.00042797976019496876,0.196824716860273,0.1725542647607604,0.16164235719718126,0.14624613601278666,0.476996308698774
2011-07-28,0.002913813506572471,8.49030915108416e-06,0.13137640301495052,0.16981363421471546,0.15907552166474548,0.1461928291658166,0.4783054301110135
2011-07-29,0.00685806932519357,4.7033114869160985e-05,0.11558866717298709,0.16847159797263284,0.15641756790967262,0.14622972728167485,0.483538996146109
2011-08-01,0.004261608093766829,1.816130354485895e-05,0.11766740377966968,0.16538038001265434,0.1452891766278332,0.14536629401369408,0.49747805038625814
2011-08-02,0.025879823740634814,0.0006697652768463253,0.16591212392344803,0.17491038774706053,0.168125167573052,0.1539688215761681,0.4903042773131169
2011-08-03,0.005403999518259287,2.9203210793346602e-05,0.18349905415282344,0.18217268284961274,0.17023835195007647,0.15420985104622756,0.4901330735502029
2011-08-04,0.047973908932529744,0.0023014959382666573,0.3366930936979076,0.2536138772408946,0.2262771742164057,0.18052073304667804,0.4602447630842778
2011-08-05,0.001497861311903981,2.243588509698715e-06,0.34774487005361976,0.2509981149439153,0.22675953606766264,0.17962388637071824,0.469540548833577
2011-08-08,0.06734065079687565,0.004534763249746749,0.48721156063739257,0.3728252941611477,0.3133932370011297,0.22373792120085093,0.40017248925490156
2011-08-09,0.045450839530160984,0.0020657788139964444,0.7127373074570443,0.487944472679446,0.36660879189368273,0.24451819790256096,0.37915869506701405
2011-08-10,0.045183714999697304,0.002041568101173871,0.7200313696137077,0.5140321910383562,0.3905927633667656,0.25986030526035053,0.3409423606322412
2011-08-11,0.04390611502234497,0.0019277469363553866,0.8114042210951296,0.5928200682220301,0.43197459139748035,0.27687996192429376,0.3196749821720328
2011-08-12,0.006710170732875851,4.502639126434363e-05,0.8156746081543499,0.5989857659209722,0.43230595770285307,0.27654749142518303,0.3195969549528445
2011-08-15,0.020944356863721442,0.0004386660844349155,0.5879432490733595,0.6177191957621165,0.4420986622214911,0.28041198391714633,0.3116784460788631
2011-08-16,0.008576477696718002,7.355596968230132e-05,0.5302651351951972,0.608594976749221,0.4358673450120863,0.2804715101032918,0.31473839441802487
2011-08-17,0.0006689512742851236,4.4749580736769064e-07,0.32485572081473163,0.606830256555426,0.4360690412218195,0.2797495872207999,0.32062126063494156
2011-08-18,0.04407587295252246,0.001942682576526901,0.38738350789727427,0.5994232432168394,0.45087102607340446,0.29299355328757415,0.2736231533916349
2011-08-19,0.0164651717587996,0.00027110188104677193,0.3785931956168541,0.6017494997483048,0.4505827789629353,0.29418083384957033,0.26836799862497757
2011-08-22,0.0007988095569177527,6.380967082231364e-07,0.29412082925887806,0.4965411057206864,0.4517738666283511,0.2938862139517654,0.2687253452311363
2011-08-23,0.03238077056904574,0.0010485143026451786,0.4434138437845724,0.4667945445079774,0.47452661826143633,0.30228961239624436,0.2707361218552461
2011-08-24,0.013986202974836267,0.00019561387365331885,0.4643647122412235,0.39919143975608523,0.476996308698774,0.30302389616529163,0.2898105889286564
2011-08-25,0.015361362835659594,0.00023597146816878374,0.3277212384577587,0.34472573243647264,0.4783054301110135,0.30125993745595164,0.2866556414614602
2011-08-26,0.014429288234957326,0.00020820435896747792,0.2819045037028311,0.3516057042998621,0.483538996146109,0.3031361309825206,0.2947984884124399
2011-08-29,0.028330892310072412,0.0008026394590849201,0.29726738713250583,0.36567418450164957,0.49747805038625814,0.30880987233380214,0.2783616792882783
2011-08-30,0.0026332921381752787,6.934227484975731e-06,0.2586425794811435,0.36210001850628537,0.4903042773131169,0.30825958016610977,0.28609688887803736
2011-08-31,0.00442775830873833,1.960504364060132e-05,0.255458523922483,0.36228245650186947,0.4901330735502029,0.308452428929156,0.2874618134063215
2011-09-01,0.010527982421387267,0.0001108384138650393,0.22996535926752523,0.26989724756697253,0.4602447630842778,0.3090215517750595,0.2976563520175525
2011-09-02,0.025882150583620717,0.0006698857188332183,0.31845065206378104,0.29435220113190513,0.469540548833577,0.3126761285298857,0.30086606301640145
2011-09-06,0.007324097149376895,5.364239905351076e-05,0.19310889932128816,0.2999989438373322,0.40017248925490156,0.3118308581055154,0.31299649428602766
2011-09-07,0.027817251921453807,0.0007737995044616255,0.31762611768008414,0.288438845866148,0.37915869506701405,0.317496416967045,0.3027600795421718
2011-09-08,0.010446077581333216,0.00010912053683523241,0.3153282720159264,0.28905775930561867,0.3409423606322412,0.3168178134735563,0.3092488035773542
2011-09-09,0.026559002869197105,0.00070538063340602,0.35071322599311844,0.311214533573016,0.3196749821720328,0.3192336461404523,0.295043857159329
2011-09-12,0.006448655285391643,4.158515498980957e-05,0.32370709573989903,0.30310432859084424,0.3195969549528445,0.3195591470151604,0.3166591628488607
2011-09-13,0.009129543678850703,8.334856778404283e-05,0.3277487191872298,0.2636440587328484,0.3116784460788631,0.3201647430245802,0.3153700565245741
2011-09-14,0.013749350420267979,0.00018904463697932324,0.2652385905188933,0.2759463660095871,0.31473839441802487,0.32138765249395673,0.31319333834258106
2011-09-15,0.017109923685875227,0.0002927494885364741,0.2787183152751673,0.2910417872939116,0.32062126063494156,0.3221519051710896,0.30731052596582414
2011-09-16,0.0059013031304694956,3.4825378637689066e-05,0.07682496254122628,0.28708497833782815,0.2736231533916349,0.3222936352546109,0.3126390067675968
2011-09-19,0.010007128452213652,0.00010014261985910402,0.16698308392440311,0.2547061978857402,0.26836799862497757,0.3228143361230228,0.318420475167343
2011-09-20,0.0011644076912602276,1.3558452714659734e-06,0.17518836822591316,0.24982865035169777,0.2687253452311363,0.32204458279984666,0.32570245098118633
2011-09-21,0.029900807353690113,0.0008940582804024888,0.2815086535259626,0.25843794928319874,0.2707361218552461,0.3268329576127297,0.30889004825093647
2011-09-22,0.03285845405419267,0.0010796780028314908,0.2731681449226906,0.2988793433310573,0.2898105889286564,0.3316523057963807,0.28028187333469823
2011-09-23,0.006007195016392687,3.608639196497313e-05,0.2736451589120997,0.2764062213662555,0.2866556414614602,0.3313435158388207,0.28528622803323783
2011-09-26,0.023502080261343056,0.0005523477766106109,0.3828568144746901,0.30228429780432814,0.2947984884124399,0.33468969224830086,0.2779678389572641
2011-09-27,0.011121308417066702,0.00012368350090751867,0.4037806972439673,0.30410144079699725,0.2783616792882783,0.3340122615314924,0.28850550996245383
2011-09-28,0.020629785548765364,0.00042558805178804826,0.3709611182371584,0.31057641899399113,0.28609688887803736,0.33615140437287866,0.2764988195195359
2011-09-29,0.007872226421011446,6.197194882367068e-05,0.25649694722292443,0.29691335523949547,0.2874618134063215,0.33673601535049835,0.29671979546282057
2011-09-30,0.0253067487804624,0.0006404315338374352,0.33690392413431025,0.3088195666688069,0.2976563520175525,0.33893788410206893,0.275153939015524
2011-10-03,0.028870977233306658,0.0008335333264061114,0.3035071775408236,0.327672589124897,0.30086606301640145,0.3430013400175213,0.26791705727577536
2011-10-04,0.021686537588753007,0.00047030591258839707,0.3569418431240036,0.3613640318477001,0.31299649428602766,0.3453064420739631,0.28857567234304665
2011-10-05,0.018345967178553392,0.0003365745117165583,0.38353835512896967,0.35589447561927506,0.3027600795421718,0.3479377995191438,0.28725916526811796
2011-10-06,0.017929649907562916,0.0003214723458077709,0.4046795704860546,0.32194677238160246,0.3092488035773542,0.3502107092688634,0.2873454352858894
2011-10-07,0.0067183839844516015,4.513668336253578e-05,0.34660583860544786,0.32512414883985186,0.295043857159329,0.35019841426014053,0.287055476302037
2011-10-10,0.0328987296078953,0.0010823264098134067,0.2300193446123494,0.34540072901977414,0.3166591628488607,0.35710417297474023,0.26637008822798297
2011-10-11,0.0010026687315093019,1.0053445851464725e-06,0.24861675327273178,0.342323254081552,0.3153700565245741,0.35686420691775045,0.2686206029923061
2011-10-12,0.00873354678099377,7.627483937580664e-05,0.24416994543629073,0.31936801570155177,0.31319333834258106,0.35564119185019355,0.30420841509998164
2011-10-13,0.0019895346029442443,3.958247936312512e-06,0.24828421747975732,0.3205097589216682,0.30731052596582414,0.35563776010040393,0.30540524326931273
2011-10-14,0.01694970334307636,0.0002872924434182939,0.22272701899740288,0.28091816683538445,0.3126390067675968,0.3562795251769145,0.3065968867934554
2011-10-17,0.0192755129809517,0.0003715454006788375,0.21506869538895954,0.2478396796809717,0.318420475167343,0.35811022101714673,0.2996459757823209
2011-10-18,0.019357054609928318,0.00037469556317174717,0.25108758873434456,0.24474596303881224,0.32570245098118633,0.3606213526937409,0.2929455827244551
2011-10-19,0.01189936127984259,0.0001415947988682171,0.27231971962815726,0.2581761208858906,0.30889004825093647,0.36123673534271533,0.2957563623407413
2011-10-20,0.004365589320080529,1.905837011160118e-05,0.2722080255688002,0.24899988511420468,0.28028187333469823,0.35919994607001615,0.301647626854543
2011-10-21,0.018809574516112745,0.000353800093477198,0.27892377362620624,0.2502219139137083,0.28528622803323783,0.36148200564751015,0.2935118434079204
2011-10-24,0.012186422286084452,0.0001485088881347758,0.20559779482663412,0.2079919174294068,0.2779678389572641,0.3622101813660566,0.2962145438869951
2011-10-25,0.019635406658466813,0.00038554919464336285,0.2566548140565604,0.24168270674410727,0.28850550996245383,0.36427173027200593,0.28924384825648497
2011-10-26,0.010107472596984827,0.00010216100229879921,0.23486789493901036,0.24272966006913962,0.2764988195195359,0.3610874138225091,0.29469088203561544
2011-10-27,0.03424220262960498,0.0011725284409269262,0.31166442821590784,0.2865009945436536,0.29671979546282057,0.36773116072177264,0.2595995084588284
2011-10-28,0.00023329006383637064,5.442425388477788e-08,0.3114704553069895,0.281936233534966,0.275153939015524,0.3536491896415185,0.2854660108889262
2011-10-31,0.024401255631944722,0.000595421276415514,0.376974698415749,0.2950618734150212,0.26791705727577536,0.3574904861882808,0.2753111258148655
2011-11-01,0.028284649782138835,0.0008000214132982465,0.40901888827867416,0.32258419093916996,0.28857567234304665,0.3338636047204549,0.2960940164944552
2011-11-02,0.01617966024422042,0.0002617814056184068,0.42213653770860576,0.325521015605452,0.28725916526811796,0.3225941007226324,0.29077075470941294
2011-11-03,0.018063352778660474,0.00032628471360634105,0.3472313440968945,0.33503856291806716,0.2873454352858894,0.30971565988210414,0.2831787137982063
2011-11-04,0.006117893895767536,3.742862571986968e-05,0.3460033704651517,0.3268368193095691,0.287055476302037,0.29756186213165187,0.28514679241379637
2011-11-07,0.006197214932716199,3.8405472922280644e-05,0.30293191810586007,0.322560108623232,0.26637008822798297,0.29752318426147667,0.28429487868650793
2011-11-08,0.012748759623551199,0.0001625308719390893,0.1553946318726965,0.30619381913601634,0.2686206029923061,0.2956680915781166,0.280707817778603
2011-11-09,0.03760767646885119,0.0014143373293857833,0.3522894010010145,0.36661770189358084,0.30420841509998164,0.30553110368631853,0.2580512354590524
2011-11-10,0.009374620575544328,8.788351093541907e-05,0.32659877370654267,0.3178425748204481,0.30540524326931273,0.3060628375879207,0.2628093987588258
2011-11-11,0.0186468532150741,0.00034770513482451924,0.35791130047453634,0.33669480955497777,0.3065968867934554,0.2935906194820354,0.25922734650890444
2011-11-14,0.009519013720653951,9.061162221399818e-05,0.3632963202777326,0.31603075528887287,0.2996459757823209,0.29208950209319384,0.25916822513974047
2011-11-15,0.004929512716789326,2.4300095624987686e-05,0.3482137237595811,0.2740905456319073,0.2929455827244551,0.2921467118142293,0.26038607984465584
2011-11-16,0.015989857679411065,0.00025567554860782103,0.2238107023701271,0.279254519442529,0.2957563623407413,0.28740751873203674,0.25541766076005473
2011-11-17,0.016004591417356797,0.00025614694643653083,0.23944887116585314,0.27001474381277446,0.301647626854543,0.2882550725977881,0.2490483949202078
2011-11-18,0.0010649678156392924,1.134156448347526e-06,0.14729545278976103,0.2697474506042302,0.2935118434079204,0.2863469791069461,0.2520053133121441
2011-11-21,0.019202584473093146,0.000368739250446278,0.16985039109021807,0.27601231323267894,0.2962145438869951,0.28784301824851344,0.26326021725333515
2011-11-22,0.003935528264716952,1.5488382722386025e-05,0.1293435907377993,0.25742944248683963,0.28924384825648497,0.2819689151173988,0.26230726225672707
2011-11-23,0.02231274907537586,0.0004978587713006864,0.15009741690361256,0.21443199469633267,0.29469088203561544,0.28550524851113596,0.2462511500555591
2011-11-25,0.0018892878207333664,3.5694084695714328e-06,0.16231226106042057,0.1994763408291331,0.2595995084588284,0.2853206849729205,0.24585381383230706
2011-11-28,0.028555282784848916,0.0008154041749226889,0.3205005488783285,0.23726068411175294,0.2854660108889262,0.29078192723397406,0.22893287183833133
2011-11-29,0.0028361409713092505,8.043695609138979e-06,0.29036107792537236,0.2397037761381065,0.2753111258148655,0.28581333962491234,0.2361238354538471
2011-11-30,0.0403255399790056,0.0016261491745983789,0.3968223392589776,0.3279310613700946,0.2960940164944552,0.29678885069312844,0.191827220846238
2011-12-01,0.0001598661197607295,2.555717624735191e-08,0.305607083993322,0.31693631543744716,0.29077075470941294,0.29155959047122065,0.19287633013752709
2011-12-02,0.0008807865309274902,7.757849130632826e-07,0.30238439517211846,0.30340147824360125,0.2831787137982063,0.2906522219186616,0.20022007522449772
2011-12-05,0.010833346175946789,0.00011736138936790092,0.2739815945023058,0.3056574582808534,0.28514679241379637,0.2856327223554825,0.1970836737760939
2011-12-06,0.00031685334445030446,1.0039604188934329e-07,0.2790114342023083,0.27982626854409426,0.28429487868650793,0.2854557876608157,0.1971672861357915
2011-12-07,0.0037154092407089678,1.3804265825945588e-05,0.07688962995842598,0.27530231716714615,0.280707817778603,0.28504517529793455,0.1972906523861366
2011-12-08,0.02218049979638025,0.0004919745712172243,0.19612930075938856,0.27492022696407226,0.2580512354590524,0.28784634095959666,0.17781236522298266
2011-12-09,0.01680021563286282,0.00028224724531068833,0.23645738780341782,0.27563078420398013,0.2628093987588258,0.28777168003962156,0.17098679028601368
2011-12-12,0.014705211899905682,0.00021624325702112768,0.245006518049837,0.2708792455300981,0.25922734650890444,0.28927819033267543,0.16000659535465042
2011-12-13,0.009382726985785473,8.803556568978696e-05,0.2458837032806015,0.2787871605969934,0.25916822513974047,0.28918538308732566,0.15396269850100178
2011-12-14,0.010702595099823287,0.00011454554187076145,0.23415669339631046,0.18750916679940677,0.26038607984465584,0.29006162090378745,0.14866500206856184
2011-12-15,0.0036070588027208596,1.3010873206286042e-05,0.20586532412885095,0.1898402102015967,0.25541766076005473,0.28325037310805035,0.148678857011074
2011-12-16,0.0014817230035260914,2.1955030591783815e-06,0.12739031059556113,0.19068862052424324,0.2490483949202078,0.2744401776834458,0.15106748245498897
2011-12-19,0.01074892203065957,0.00011553932482119864,0.11246308590981238,0.18045369632930597,0.2520053133121441,0.27537176497369303,0.1412111377548286
2011-12-20,0.029811230983015816,0.0008887094927227221,0.26298894406561385,0.24882252400957314,0.26326021725333515,0.2778594709415843,0.10468251240769162
2011-12-21,0.0019345715825717935,3.7425672080943337e-06,0.2364056693882352,0.24799059228121725,0.26230726225672707,0.27709139813378875,0.10657866742190307
2011-12-22,0.008819504622277189,7.77836617823687e-05,0.2370644275011299,0.2228370952635755,0.2462511500555591,0.27381707584119347,0.10510720877687744
2011-12-23,0.00890128197243931,7.923282075287306e-05,0.23346813061909574,0.21105799725446042,0.24585381383230706,0.27392728921772413,0.10465988700491244
2011-12-27,0.000790931581188164,6.255727661208093e-07,0.1852852329032153,0.19249267789889699,0.22893287183833133,0.26816846044253656,0.10792575341384095
2011-12-28,0.013210373015847647,0.00017451395521783566,0.14318482255071271,0.1998980115196534,0.2361238354538471,0.26233467574430286,0.09231613223428384
2011-12-29,0.010281029135850168,0.00010569956009220006,0.15660616223803256,0.1898632731980524,0.191827220846238,0.25974909251882816,0.09022753837152744
2011-12-30,0.004928107467221704,2.428624320848632e-05,0.15547394488691907,0.195323833080159,0.19287633013752709,0.2578789147659375,0.08695470525570771
2012-01-03,0.01581068131863558,0.0002499776437594521,0.1844128164632954,0.20458678617168932,0.20022007522449772,0.25734342761599327,0.07514631954737096
2012-01-04,0.001567252435491643,2.4562801965544867e-06,0.18424104651682455,0.1870594324984413,0.1970836737760939,0.2567575967073078,0.07514533999173069
2012-01-05,0.002659248040390336,7.071600140319842e-06,0.12812209398561086,0.13164511840159787,0.1971672861357915,0.2484320022377611,0.08641671048245789
2012-01-06,0.0025807849625395928,6.660451022870487e-06,0.12775295895247804,0.13483334801989294,0.1972906523861366,0.24855542640324726,0.08519062229794248
2012-01-09,0.002424257167940738,5.877022816312048e-06,0.11026640370612943,0.1306095944270749,0.17781236522298266,0.24807286715873625,0.08518905723892274
2012-01-10,0.0086331550368815,7.453136589083241e-05,0.06365797865177707,0.1302291444160167,0.17098679028601368,0.24846642339688418,0.08216636515068329
2012-01-11,0.0005416684224681508,2.9340467989913505e-07,0.0650471587899593,0.1303076862113703,0.16000659535465042,0.24630617623821344,0.08200319767068183
2012-01-12,0.0023965608231693086,5.743503779149954e-06,0.0649915023910658,0.09858916725893803,0.15396269850100178,0.2426702300573899,0.0889935132219993
2012-01-13,0.005186522815041045,2.6900018910941284e-05,0.07850469869112102,0.10015754099851808,0.14866500206856184,0.24008823144303007,0.08702017455367578
2012-01-17,0.0038733281703196916,1.500267111499209e-05,0.07993601833433793,0.09221177384924445,0.148678857011074,0.23865855470249528,0.08782338647845793
2012-01-18,0.010995372752436871,0.00012089822196503117,0.0928973718579586,0.0750771545453165,0.15106748245498897,0.2394198927883101,0.08458838831386714
2012-01-19,0.005262701566825283,2.7696027781465287e-05,0.09259592812969285,0.07603286146915286,0.1412111377548286,0.23678563161250205,0.0903135143364809
2012-01-20,0.0037202684486206433,1.3840397329802248e-05,0.09210627845727314,0.07612455380117703,0.10468251240769162,0.23572328863057054,0.09007695194454812
2012-01-23,0.0025799006342755383,6.655887282735325e-06,0.07678880436227689,0.07612273603309692,0.10657866742190307,0.23192497783151853,0.08881975875525465
2012-01-24,0.0011403678143451562,1.3004387519943486e-06,0.08604729252453633,0.07893934340845406,0.10510720877687744,0.231229791480761,0.09004220802493844
2012-01-25,0.008332531052536056,6.943107374147764e-05,0.07185637451354027,0.07831346428136146,0.10465988700491244,0.22121891167938706,0.08724416291224232
2012-01-26,0.005142935954852824,2.6449790235717927e-05,0.08535515034108385,0.08723210006458672,0.10792575341384095,0.22152716778244338,0.08363372788350758
2012-01-27,0.0004551614265427433,2.0717192421242508e-07,0.0808860262180567,0.0880881651303084,0.09231613223428384,0.21536893616671535,0.08318572023793211
2012-01-30,0.003419472946818104,1.1692795234020889e-05,0.08264463324226118,0.084557875989338,0.09022753837152744,0.20682445357515764,0.08072913648341698
2012-01-31,0.0003806227851967342,1.4487370461091925e-07,0.08237117454551879,0.08453756969530622,0.08695470525570771,0.20452066915807315,0.08324079550123027
2012-02-01,0.008719209865070129,7.602462067113625e-05,0.08490526504004457,0.07790560668218972,0.07514631954737096,0.20208513629565186,0.08041607102794696
2012-02-02,0.001583725347421157,2.5081859760642643e-06,0.07242619849955198,0.07478121671296814,0.07514533999173069,0.2015573437066439,0.08235569652637494
2012-02-03,0.013921066359686504,0.00019379608859079525,0.11245701769143297,0.09905532712868508,0.08641671048245789,0.2030185002093903,0.07097747169809089
2012-02-06,0.0006687691303711075,4.472521497373274e-07,0.10211286117007798,0.09705594513882866,0.08519062229794248,0.20160560694685623,0.08990871852334874
2012-02-07,0.0025257650199263185,6.379488935883396e-06,0.09495289826034789,0.0953211935404348,0.08518905723892274,0.18491651884832813,0.09281078695356101
2012-02-08,0.0029628365651552377,8.778400511820887e-06,0.09025161960944576,0.08977382314922222,0.08216636515068329,0.1842320871990072,0.09850985549390547
2012-02-09,0.001257056899802672,1.5801920493415048e-06,0.09084525231597221,0.08089625359346707,0.08200319767068183,0.1807339263392333,0.0991433504897548
2012-02-10,0.0074149480667282915,5.498145483227763e-05,0.06726030493612749,0.09464343138698476,0.0889935132219993,0.1802511013407028,0.09435169790597144
2012-02-13,0.007414948066728303,5.498145483227779e-05,0.0860744630968225,0.09318150833327951,0.08702017455367578,0.1805396809151294,0.10957061821528921
2012-02-14,0.0012570568998026086,1.5801920493413456e-06,0.08700114305500961,0.09416836640196338,0.08782338647845793,0.17700735619959063,0.1095060923509145
2012-02-15,0.004670744005091011,2.1815849561093618e-05,0.09069887719791009,0.09500335029139734,0.08458838831386714,0.1737038011123313,0.10768728802368709
2012-02-16,0.011012426968677838,0.00012127354774046296,0.12536384773189105,0.1061866717195078,0.0903135143364809,0.1746366270026283,0.10258476999106216
2012-02-17,0.00264215858062581,6.981001965174595e-06,0.10064288763594068,0.0852810143298911,0.09007695194454812,0.16899605578057889,0.1028291343710283
2012-02-21,0.00044013641277888544,1.9372006185386543e-07,0.09341193319069556,0.08471475899174857,0.08881975875525465,0.1685450170156289,0.10410831915169098
2012-02-22,0.0032293904788357848,1.0428962864795219e-05,0.0981843442788739,0.08762334265942258,0.09004220802493844,0.16098006327547143,0.10326891522931267
2012-02-23,0.0044008270879390245,1.9367279057937876e-05,0.08386240938420055,0.08885272349731511,0.08724416291224232,0.16073345780205642,0.10744994464167458
2012-02-24,0.0021936370146928255,4.812043352230452e-06,0.0459191199582435,0.08903522254246148,0.08363372788350758,0.1514947918085195,0.10764561800689214
2012-02-27,0.001677942861851134,2.815492247637174e-06,0.04462156182726447,0.07515255608811139,0.08318572023793211,0.15149735961355554,0.11677410834138548
2012-02-28,0.0029120727542350754,8.480167725958258e-06,0.04576655051448734,0.06934823271496017,0.08072913648341698,0.12917367258999302,0.11797541534862657
2012-02-29,0.003933212039056485,1.547015694417887e-05,0.050468055761405686,0.07361830848373623,0.08324079550123027,0.12963667374523155,0.11866643144521691
2012-03-01,0.005168482343250425,2.6713209732491404e-05,0.053498766665121336,0.06741550436880246,0.08041607102794696,0.12972709909654262,0.1183282421624752
2012-03-02,0.0030541969308589584,9.328118892468281e-06,0.06212966761886655,0.05187080479273094,0.08235569652637494,0.12868733087390596,0.11771406967908558
2012-03-05,0.004086564742004403,1.6700011390593515e-05,0.06869258971811502,0.05642074058810191,0.07097747169809089,0.1291770441624096,0.11750791628169224
2012-03-06,0.014733084938964153,0.00021706379181873236,0.11227360646993507,0.09392859090288896,0.08990871852334874,0.1332549226785159,0.10246764380400394
2012-03-07,0.006951673066666489,4.832575842581627e-05,0.1372718160672494,0.1015706398656008,0.09281078695356101,0.12458258993375594,0.11018675699217084
2012-03-08,0.009900009891496352,9.801019585172562e-05,0.15561541505284046,0.11185251411281961,0.09850985549390547,0.12176056273202103,0.10606908727018516
2012-03-09,0.003859661385793947,1.4896986012988852e-05,0.15760617256597187,0.1129496903461995,0.0991433504897548,0.11706173850621164,0.11436757866887727
2012-03-12,7.247796616042131e-05,5.253055578751177e-09,0.15287812511581472,0.11275482269716845,0.09435169790597144,0.11478265807729057,0.1299747529076197
2012-03-13,0.017865735986131323,0.00031918452232614775,0.10698082910275279,0.14328725275639817,0.10957061821528921,0.1162382054362833,0.115565351683855
2012-03-14,0.0010717411556177001,1.1486291046447634e-06,0.1244032439671201,0.14077888810543887,0.1095060923509145,0.11643319214693526,0.12559568184810058
2012-03-15,0.005772843562160234,3.332572279317486e-05,0.11988195354763981,0.141181379044894,0.10768728802368709,0.11662629708785052,0.13013318610131175
2012-03-16,0.001383698944910818,1.914622770147311e-06,0.12300380044190184,0.13833188959867201,0.10258476999106216,0.1133733012134656,0.12982416213461553
2012-03-19,0.003912918863955919,1.5310934035902083e-05,0.11654797099070614,0.13325440548640177,0.1028291343710283,0.09827926114595152,0.14062933340769032
2012-03-20,0.002915406656239381,8.49959597124489e-06,0.05621888749446755,0.09634049346045914,0.10410831915169098,0.09883747477034635,0.1407402706510706
2012-03-21,0.001639077295263651,2.686574379848806e-06,0.057919368255182895,0.09998514329746928,0.10326891522931267,0.098133371788766,0.14220994593392552
2012-03-22,0.007229806597077384,5.227010343114367e-05,0.06747312515055477,0.10703987999929425,0.10744994464167458,0.09881941625023377,0.14045037481765937
2012-03-23,0.003227694164209314,1.041800961767086e-05,0.07312294826484368,0.10677933619112129,0.10764561800689214,0.09885175948188099,0.1424919597868133
2012-03-26,0.013937909924281115,0.000194265333057374,0.1285609516555495,0.12164732683947518,0.11677410834138548,0.09697475958193627,0.13255829803994362
2012-03-27,0.003112413950624938,9.687120600044735e-06,0.12895332215458666,0.09383725373912441,0.11797541534862657,0.09607334347911195,0.14280873070463235
2012-03-28,0.004971010312231652,2.4710943524313423e-05,0.1353215095010461,0.09844011238226777,0.11866643144521691,0.09608650510438269,0.14434439851783723
2012-03-29,0.0017098680859764796,2.92364887144087e-06,0.1206710245021122,0.09504231464987864,0.1183282421624752,0.09191057080946562,0.14434179619184154
2012-03-30,0.004127441340866622,1.703577202229486e-05,0.12165959830175427,0.09706576414969278,0.11771406967908558,0.09204931074674354,0.14409142454223017
2012-04-02,0.007288186508702682,5.3117662585635785e-05,0.08208392927865889,0.1018816485635716,0.11750791628169224,0.09274121979420501,0.1433782537075069
2012-04-03,0.004097407644325868,1.678874940378006e-05,0.08493067017263795,0.10322021724877727,0.10246764380400394,0.09309712987426184,0.14305158799487033
2012-04-04,0.009960124432685938,9.920407871458739e-05,0.1080406710923308,0.11590646324943378,0.11018675699217084,0.0961264054479401,0.14121604753568054
2012-04-05,0.0005006303317891778,2.506307291073422e-07,0.10778948321679539,0.10929391443966834,0.10606908727018516,0.09506731516888327,0.152319993102579
2012-04-09,0.011294549009904462,0.00012756683733713387,0.1198498119724597,0.12238792487101006,0.11436757866887727,0.09855185648915553,0.14745212688536027
2012-04-10,0.016927275856834532,0.00028653266793337326,0.10174479159696358,0.11452441088817082,0.1299747529076197,0.10527528401314151,0.13485157765417077
2012-04-11,0.00806152374523894,6.498816509505126e-05,0.15695155853630086,0.12996180849064182,0.115565351683855,0.10551769727503982,0.13323242984779926
2012-04-12,0.01298092862403837,0.0001685045079423787,0.20017721693981616,0.15175051255642888,0.12559568184810058,0.10815921606456697,0.12393298490923188
2012-04-13,0.011959685629873857,0.00014303408036541124,0.21258887463082365,0.1611413479408198,0.13013318610131175,0.10954545199048045,0.11734237621392196
2012-04-16,0.0006562106409074449,4.3061240524015963e-07,0.20221119639363813,0.15760909516029512,0.12982416213461553,0.10920174800458658,0.12319096127099188
2012-04-17,0.01470291258447768,0.00021617563846679214,0.17500493712378995,0.1742874839118415,0.14062933340769032,0.11273284626550846,0.10900655275935132
2012-04-18,0.003384954146106981,1.145791457124684e-05,0.17965291769399794,0.17407998986971143,0.1407402706510706,0.11285252288277135,0.10908760588966479
2012-04-19,0.006441433417042368,4.149206446619012e-05,0.15886622176810103,0.17037138101568639,0.14220994593392552,0.11378826131044968,0.1174007267720224
2012-04-20,0.0016687582486939452,2.784754092584083e-06,0.1293077691753182,0.17108918396830983,0.14045037481765937,0.11273079620066845,0.1181543622501694
2012-04-23,0.008444637336477276,7.131189974462602e-05,0.1468929815088187,0.16698829971812182,0.1424919597868133,0.11366556924379559,0.1360524711305391
2012-04-24,0.003794255154370495,1.4396372176467068e-05,0.08272811082798946,0.14237217888851939,0.13255829803994362,0.11381748489660087,0.1351261733991013
2012-04-25,0.01359912851445995,0.0001849362963527977,0.14007251259199388,0.15238913467576617,0.14280873070463235,0.11646585267555346,0.12263462167695786
2012-04-26,0.006944603751744225,4.822752126873996e-05,0.12797731349910832,0.14243861502703078,0.14434439851783723,0.11705118860030064,0.11873253836590764
2012-04-27,0.0016395225928365093,2.68803433242135e-06,0.12800401297567418,0.12285432820696124,0.14434179619184154,0.11599246543524909,0.11757123781503018
2012-04-30,0.0037106491191856135,1.376891688571297e-05,0.10191091648382,0.125861688411326,0.14409142454223017,0.11639338316926084,0.12911093984924552
2012-05-01,0.006200624427100174,3.844774328595136e-05,0.10236130054532962,0.10785234777916829,0.1433782537075069,0.11376497298076142,0.13213658641948603
2012-05-02,0.002988715232196843,8.932418739165431e-06,0.07897066675245965,0.10739947504430924,0.14305158799487033,0.11399409165982959,0.13219021030946687
2012-05-03,0.007654379995427436,5.8589533114399717e-05,0.08472484375204616,0.1099660986511099,0.14121604753568054,0.11523258512418857,0.15351842350462844
2012-05-04,0.016290068380503734,0.0002653663278414875,0.12935801516596254,0.14018885437555892,0.152319993102579,0.1202052982417966,0.1470604629411087
2012-05-07,0.0007294335870903302,5.320733579754663e-07,0.135595445087533,0.1333807999652723,0.14745212688536027,0.12019211611775371,0.15149505863494847
2012-05-08,0.004020020673644774,1.616056621653138e-05,0.10253687911037741,0.13329636491781832,0.13485157765417077,0.11946223646697132,0.17586533910723112
2012-05-09,0.005949059160277484,3.539130489248144e-05,0.09907364749967583,0.10910122771337101,0.13323242984779926,0.1192221475916212,0.17530600530537008
2012-05-10,0.002060589325681415,4.246028369112188e-06,0.11544171225399669,0.09959088452048392,0.12393298490923188,0.11925239442389102,0.17804277995229936
2012-05-11,0.003018944785571733,9.114027618330757e-06,0.0530337781005433,0.09620465998443672,0.11734237621392196,0.1190135271024527,0.18275687322960682
2012-05-14,0.011122842440626047,0.000123717623958992,0.07587724223771888,0.10364444215116442,0.12319096127099188,0.11907164318879987,0.18464648159424524
2012-05-15,0.005757862554213182,3.315298119321035e-05,0.07631620706846617,0.08589115677568131,0.10900655275935132,0.11946912485158943,0.18491187449139582
2012-05-16,0.00383218723383611,1.4685658995176458e-05,0.07571146984516067,0.0853303433214377,0.10908760588966479,0.1196757473672031,0.18846125205602918
2012-05-17,0.014942319546344134,0.00022327291342505798,0.0812571416401987,0.09749308292696489,0.1174007267720224,0.12322265762355156,0.1826228128011081
2012-05-18,0.008595456757415467,7.388187686859921e-05,0.06968833075654719,0.08158002208137474,0.1181543622501694,0.12385894122748063,0.17868788290476156
2012-05-21,0.017042511027447544,0.00029044718212067113,0.1917620083564529,0.1378472304970381,0.1360524711305391,0.12901739664659914,0.17224265253993418
2012-05-22,0.0017413293364297521,3.0322278579108807e-06,0.19288924307306993,0.14061192922076457,0.1351261733991013,0.12902212045706135,0.17263292957378398
2012-05-23,0.0005291441075758309,2.799934865822225e-07,0.1923608548922376,0.1408742729280087,0.12263462167695786,0.12884202238921413,0.19283580960573352
2012-05-24,0.001963754092326119,3.856330135127579e-06,0.1462124536951563,0.1407855821172781,0.11873253836590764,0.12875340198349336,0.19453735649751813
2012-05-25,0.0032498211528837525,1.0561337525730682e-05,0.1237761552725864,0.1408096203098378,0.11757123781503018,0.12833048956246526,0.20314577669535774
2012-05-29,0.012039047298652522,0.00014493865985919257,0.09006124705588457,0.14940149441934994,0.12911093984924552,0.13081285956058442,0.1990966984125095
2012-05-30,0.01461593194365392,0.00021362546658152304,0.152890329246122,0.16432421858347432,0.13213658641948603,0.1338350947246659,0.19429116294000076
2012-05-31,0.0022037556626302484,4.856539020574885e-06,0.1527745815383702,0.16379410513337775,0.13219021030946687,0.13058632861685474,0.19443867156180422
2012-06-01,0.025499148348923494,0.0006502065665204077,0.22440704585842158,0.19458207844986594,0.15351842350462844,0.13948090059237248,0.18587409429557514
2012-06-04,0.0004680829190449334,2.1910161910162568e-07,0.22794710082788025,0.19121598218439032,0.1470604629411087,0.13766539987445356,0.18535724245584653
2012-06-05,0.007543632151773135,5.6906386041265375e-05,0.20658160882054039,0.17057284161662037,0.15149505863494847,0.13843162979703805,0.18510351684567078
2012-06-06,0.022219833040379014,0.0004937209803423189,0.2755727666096184,0.21025771775059396,0.17586533910723112,0.14637098462121523,0.17296275428916988
2012-06-07,0.0006059884295608624,3.6722197676164027e-07,0.2746730669044138,0.21026526836450746,0.17530600530537008,0.14124438751593218,0.1777779782524744
2012-06-08,0.007919936929437146,6.272540096626229e-05,0.1437166525178931,0.21404672904794497,0.17804277995229936,0.14239739766797252,0.17639168259393728
2012-06-11,0.012778677321327966,0.0001632945940826217,0.20187095627442994,0.22375725185828463,0.18275687322960682,0.1438311405424492,0.1727398364354249
2012-06-12,0.011425582316534011,0.0001305439312718947,0.20665329169971183,0.2228120505146124,0.18464648159424524,0.14601790598664624,0.16854797017457068
2012-06-13,0.006415236037332843,4.1155253414693996e-05,0.1583420713158457,0.21188776121337907,0.18491187449139582,0.14609779331218453,0.1677616446737063
2012-06-14,0.010544228474243357,0.0001111807541170444,0.1749835559040211,0.217372265120108,0.18846125205602918,0.14796478644731886,0.17374446623861967
2012-06-15,0.010175457078207563,0.00010353992675044438,0.18032891449541358,0.15926167899851176,0.1826228128011081,0.14966639132502071,0.17073687544636196
2012-06-18,0.0019363220884082361,3.749343230057633e-06,0.12221406710808953,0.15736360717636408,0.17868788290476156,0.14912350009440864,0.17217518491475067
2012-06-19,0.009625909425907991,9.265813227578431e-05,0.11731743883334252,0.15853115992352473,0.17224265253993418,0.15037760773805284,0.17081394617482112
2012-06-20,0.001622459628515266,2.632375246161895e-06,0.08901058436436694,0.13102681763109578,0.17263292957378398,0.1473959714589466,0.17074144272311906
2012-06-21,0.022694125375207163,0.0005150233265456217,0.21242692072948452,0.1848177695798869,0.19283580960573352,0.1541028736587346,0.15174337126935405
2012-06-22,0.007672406981934162,5.8865828896432076e-05,0.205107575477805,0.18455519448874283,0.19453735649751813,0.15487996370283075,0.15528515449168379
2012-06-25,0.0161650987202578,0.0002613104166356804,0.2277032535150288,0.19215147150581924,0.20314577669535774,0.15805640958431155,0.1465436947197696
2012-06-26,0.005013646319624879,2.513664941828809e-05,0.2112635759080351,0.18443599923744647,0.1990966984125095,0.15818977135310658,0.145781104222575
2012-06-27,0.008975952030636745,8.056771485629191e-05,0.23569168290794282,0.18607298532245867,0.19429116294000076,0.15860442897407245,0.153468447382858
2012-06-28,0.002857805689503485,8.167053358958489e-06,0.16509768509304318,0.17957230113007625,0.19443867156180422,0.15852018799007705,0.1641610728412244
2012-06-29,0.024621091706953268,0.000606198156842203,0.23873113427709566,0.213849193804697,0.18587409429557514,0.16579497614949235,0.14115239338583147
2012-07-02,0.003007960331355098,9.04782535500587e-06,0.16432929549792025,0.21398497045243073,0.18535724245584653,0.1659388556687836,0.14366805148041017
2012-07-03,0.006571220651035799,4.318094084459935e-05,0.16306116227942527,0.21129257300557563,0.18510351684567078,0.1649236265295783,0.14187153975491504
2012-07-05,0.004522154613805107,2.0449882351158816e-05,0.18498706908771964,0.21289257210263376,0.17296275428916988,0.16141131315282964,0.1431550298536075
2012-07-06,0.009549050722104008,9.118436969331509e-05,0.2083472922518873,0.1796205915491494,0.1777779782524744,0.161779935254943,0.15452202700987497
2012-07-09,0.001255819039091029,1.5770814589435155e-06,0.10003225087489397,0.17769254159439316,0.17639168259393728,0.15947837303264592,0.15420821051841943
2012-07-10,0.008757995747372337,7.670248951099193e-05,0.10401986424186623,0.16024330618396174,0.1727398364354249,0.15861429012499886,0.14966023207783954
2012-07-11,0.00014905322482482768,2.2216863830680628e-08,0.0688988103648328,0.15964729626806146,0.16854797017457068,0.15861477179217318,0.14950969451608973
2012-07-12,0.004856982703693534,2.3590280983978153e-05,0.06885865857490946,0.15692408423903237,0.1677616446737063,0.15576868266127222,0.14723826487851616
2012-07-13,0.01663864868777498,0.00027684463015519603,0.1543182200875109,0.1755148735387912,0.17374446623861967,0.15959525234467994,0.1375664613722952
2012-07-16,0.0023600978863626814,5.570062033213596e-06,0.155253500029379,0.12361454594533137,0.17073687544636196,0.15913874794420413,0.1369695306006386
2012-07-17,0.006843752408121214,4.683694702366491e-05,0.13724285648495493,0.12807601165808746,0.17217518491475067,0.15974960504400973,0.13584433376874633
2012-07-18,0.007379428768808646,5.4455968953920686e-05,0.13643838351563067,0.12931478086908155,0.17081394617482112,0.15951360732731967,0.1341172503121452
2012-07-19,0.0026172061478297315,6.849768020237742e-06,0.11137065139642839,0.12732020668797062,0.17074144272311906,0.15941717118460605,0.13578274289989622
2012-07-20,0.009190133762775027,8.445855857769747e-05,0.11014613827655316,0.1265226750332384,0.15174337126935405,0.15803285139393652,0.1297754277556835
2012-07-23,0.010163508930588127,0.00010329691378214462,0.13624241831540163,0.13781684007621106,0.15528515449168379,0.15859784651747008,0.12184365512498972
2012-07-24,0.008624310922854836,7.437873889407323e-05,0.1276823644006927,0.13758502644460474,0.1465436947197696,0.15939164152182925,0.11653404992956189
2012-07-25,0.00022432039507242673,5.0319639645449605e-08,0.09480494322457483,0.13759022849879635,0.145781104222575,0.15927804012907254,0.11647690877272752
2012-07-26,0.01636279265329946,0.0002677409834148708,0.1781865361524806,0.15711068391644092,0.153468447382858,0.1624699410596335,0.11121342846625284
2012-07-27,0.018264745109561,0.0003336009139172325,0.21407896644008284,0.16151127637931184,0.1641610728412244,0.16683912314173954,0.09408811144188912
2012-07-30,0.0,0.0,0.1841364409114757,0.16010029904349898,0.14115239338583147,0.16609652406928446,0.09406094335624525
2012-07-31,0.0070190940101753155,4.926768072367899e-05,0.17672244559617012,0.16432605681718873,0.14366805148041017,0.16327134515177463,0.08955242814925503
2012-08-01,0.0008717913071290896,7.600200831858467e-07,0.17896701518554578,0.1605121151128458,0.14187153975491504,0.16328098406348834,0.08920721658013762
2012-08-02,0.006928691393977713,4.8006764432980824e-05,0.1644490107972951,0.1635448887602431,0.1431550298536075,0.16370618846369103,0.08959101221064283
2012-08-03,0.01963920554006475,0.00038569839424490996,0.1737310766378397,0.18476272153089326,0.15452202700987497,0.16801221589236745,0.0601060158784172
2012-08-06,0.0019355000689137306,3.7461605167650556e-06,0.1735978628991315,0.1718284025841553,0.15420821051841943,0.16800752373515052,0.06014814760208765
2012-08-07,0.005001272627450446,2.5012727894085088e-05,0.157293909294381,0.15844944739053637,0.14966023207783954,0.16808963757498152,0.057887317238663645
2012-08-08,0.001211166622018595,1.4669245862919338e-06,0.15409641525945536,0.15775167972591964,0.14950969451608973,0.1662892391321001,0.09135165786420756
2012-08-09,0.0008538031045806391,7.289797413915377e-07,0.12614801479679474,0.14446254544036796,0.14723826487851616,0.16571631239953544,0.09185270892647088
2012-08-10,0.0016339906148336418,2.6699253293644227e-06,0.02632603541952032,0.11754650646564704,0.1375664613722952,0.165417988127236,0.09513306568376238
2012-08-13,0.000496719261894288,2.467300251368063e-07,0.032402822243285154,0.11775563614608192,0.1369695306006386,0.16206361199886982,0.09518900583840981
2012-08-14,0.00014189574600867832,2.013440273535935e-08,0.013507433634404905,0.1083697860799178,0.13584433376874633,0.1607683572878501,0.09543437183721286
2012-08-15,0.001135680684667201,1.2897706175261624e-06,0.01332590096736381,0.10723289732963649,0.1341172503121452,0.15744910858181557,0.10735542965451426
2012-08-16,0.0073513351998923575,5.404212922117641e-05,0.04969064786953376,0.09574711986842246,0.13578274289989622,0.15795298942225172,0.10589944457483012
2012-08-17,0.0013375067425080182,1.78892428625441e-06,0.049854958058322345,0.03763652295400963,0.1297754277556835,0.15794533388331497,0.1075069094521601
2012-08-20,7.028092105836721e-05,4.9394078648124446e-09,0.04827966836728963,0.03888467766893322,0.12184365512498972,0.15795851741305408,0.10771840228154765
2012-08-21,0.0030290810137204847,9.17533178768192e-06,0.059858402639940404,0.04133123110350462,0.11653404992956189,0.15793225244974415,0.10644985324498465
2012-08-22,0.00042333936838142325,1.7921622082158237e-07,0.060248787647241606,0.04141885005505757,0.11647690877272752,0.15633284874560774,0.1065144088465894
2012-08-23,0.008213158318622727,6.74559695667617e-05,0.061936307464712334,0.06190390111856053,0.11121342846625284,0.15412418986541557,0.1003102967522697
2012-08-24,0.006024944565891665,3.62999570220675e-05,0.08273527672770384,0.06863685287151068,0.09408811144188912,0.15427610370813832,0.09994975545923739
2012-08-27,0.0002118946242460944,4.489933178439353e-08,0.08285075749654668,0.06844798743809814,0.09406094335624525,0.14383598812854034,0.10919197586197577
2012-08-28,0.000989386041117428,9.788847383580167e-07,0.08081442156384251,0.0688690399524282,0.08955242814925503,0.14387415013831548,0.1116260688387277
2012-08-29,0.0007774914168713074,6.044929033085531e-07,0.08111024906652549,0.06879004068271573,0.08920721658013762,0.14337423894196655,0.1155748302973002
2012-08-30,0.007233818353584276,5.232812797265272e-05,0.07528437732011624,0.06642518587117172,0.08959101221064283,0.13790096003244584,0.11336453840875822
2012-08-31,0.004757268549940434,2.2631604056252355e-05,0.06890402746305735,0.07187861156890894,0.0601060158784172,0.13809602832271584,0.11280226363058111
2012-09-04,0.000921535788477637,8.492282094451001e-07,0.06864047367400049,0.07174558684000899,0.06014814760208765,0.1374450670349884,0.11248515838002596
2012-09-05,0.000851122130964353,7.244088818173013e-07,0.06861355441660841,0.07069254822981752,0.057887317238663645,0.13446040358252573,0.11248935860086948
2012-09-06,0.02009385707488001,0.00040376309214570547,0.1646068356871123,0.12600342678684567,0.09135165786420756,0.13837883602328413,0.09196513119289562
2012-09-07,0.003887273237517658,1.5110893223121015e-05,0.13693752715956217,0.11434960035672886,0.09185270892647088,0.13750356308793432,0.09141653120178181
2012-09-10,0.005697418825042479,3.246058126794842e-05,0.15842433279594828,0.1194754599401253,0.09513306568376238,0.13700161381744647,0.08958417614348273
2012-09-11,0.0027834994387422518,7.74786912547843e-06,0.15433189596061758,0.11945476613643609,0.09518900583840981,0.13578724316445195,0.09727836843558631
2012-09-12,0.0033297892774404605,1.1087496632157464e-05,0.14873134888889578,0.11873748029323468,0.09543437183721286,0.13585077104760482,0.09945467774377412
2012-09-13,0.015121193845744169,0.00022865050332057134,0.1176204545220958,0.13500734285677546,0.10735542965451426,0.13776079341655117,0.08170590979366087
2012-09-14,0.004424624685421737,1.9577303606843404e-05,0.11768299384450226,0.1209411811502935,0.10589944457483012,0.13777281810538514,0.07966453566724052
2012-09-17,0.0034014878608274635,1.1570119667356593e-05,0.1063571201033769,0.12757246522207624,0.1075069094521601,0.1287473151953081,0.086006428277713
2012-09-18,0.0008186506757335749,6.701889288790387e-07,0.112795696905669,0.12746511019098533,0.10771840228154765,0.12824244943027752,0.09404858832960596
2012-09-19,0.0005458195311927601,2.9791896063148445e-07,0.11512716233722212,0.12619770709223962,0.10644985324498465,0.12283188232514837,0.09546264194206402
2012-09-20,6.791718272612249e-05,4.612743709453511e-09,0.04489023846156185,0.08951892653966383,0.1065144088465894,0.12270522226847794,0.09594223268080497
2012-09-21,0.0004175619621448179,1.7435799223023036e-07,0.024436871878887254,0.08961872391605542,0.1003102967522697,0.1218540906856172,0.1129316994238366
2012-09-24,0.0015097171650158888,2.2792459183436125e-06,0.012592685552023225,0.08224097202034314,0.09994975545923739,0.12167430862924579,0.11295711149973792
2012-09-25,0.010698756570109902,0.0001144633921464698,0.07461038218948589,0.10374071103247766,0.10919197586197577,0.11448643719144393,0.11728802456173883
2012-09-26,0.005637222959392897,3.177828269390641e-05,0.07208748488546232,0.10700432351774394,0.1116260688387277,0.11522050834836588,0.11621541646616655
2012-09-27,0.009377838527253917,8.794385544324792e-05,0.11795544391503848,0.08569152061888236,0.1155748302973002,0.11595214198815153,0.11084415918033294
2012-09-28,0.004643103581371008,2.155841086734028e-05,0.11869942956429899,0.0822109171925361,0.11336453840875822,0.11597675464836817,0.11006856151220756
2012-10-01,0.0026361005391258635,6.949026052379668e-06,0.12464729020842623,0.08430016413298647,0.11280226363058111,0.11393974716377972,0.10933481236550481
2012-10-02,0.0010382993298634082,1.0780654983948026e-06,0.09648610943428648,0.08499225494656264,0.11248515838002596,0.11383027637725636,0.11654044735690008
2012-10-03,0.004075008566540929,1.660569481738196e-05,0.0805403624623494,0.08847626033365691,0.11248935860086948,0.11206815891253512,0.11877166964857207
2012-10-04,0.007141906391006304,5.1006826897896685e-05,0.06928311493762748,0.09665526511381319,0.09196513119289562,0.11265048121402722,0.11533445084501377
2012-10-05,6.87445732258703e-05,4.725816348007044e-09,0.0441097586584884,0.09660805907532663,0.09141653120178181,0.11191066636284991,0.11988721498253828
2012-10-08,0.0034277244243221734,1.1749294729094775e-05,0.06380288904732208,0.09801958377310566,0.08958417614348273,0.10787263257638738,0.14271144115488218
2012-10-09,0.009936215260839392,9.872837370973762e-05,0.10566720009679338,0.09573883450772173,0.09727836843558631,0.11005412495251027,0.14448512566022273
2012-10-10,0.006400293083161237,4.096375155036158e-05,0.10377317975904889,0.09707961274106873,0.09945467774377412,0.11046579420205435,0.14397403584565974
2012-10-11,0.00055786309116721,3.1121122848663483e-07,0.07032766127881888,0.08215527963667692,0.08170590979366087,0.10964198340280987,0.14402871669481482
2012-10-12,0.0032835067853850142,1.078141680966943e-05,0.06218226258457574,0.08068605848023283,0.07966453566724052,0.10989088995916381,0.14405673665967725
2012-10-15,0.008293400420314779,6.878049053167735e-05,0.11122696893084,0.091599444031205,0.086006428277713,0.10900678429829669,0.14462882462851065
2012-10-16,0.010082179139842381,0.00010165033620787285,0.11374836158992953,0.10522499601760128,0.09404858832960596,0.10804864623839444,0.1364035748394932
2012-10-17,0.0045244868773231806,2.0470981503069665e-05,0.08716281942196832,0.10564994673458684,0.09546264194206402,0.10621912126061603,0.13672331291760145
2012-10-18,0.0026023705273573914,6.772332361658387e-06,0.09739208879198347,0.10036601247205733,0.09594223268080497,0.10652729242239282,0.16024622669672964
2012-10-19,0.016804927658436695,0.00028240559360529063,0.1734684710154714,0.13031766405819065,0.1129316994238366,0.10843485636537832,0.15103745089077608
2012-10-22,0.00013977491819388877,1.9537027756108298e-08,0.1601229713269202,0.13037694874275885,0.11295711149973792,0.10225947984002294,0.15140783467711433
2012-10-23,0.013973493569665442,0.00019525852254148143,0.14635554773367496,0.13894786685823166,0.11728802456173883,0.10655703858073266,0.15258922023087199
2012-10-24,0.0028323667322749067,8.022301306097633e-06,0.12095408485829112,0.1368848449334318,0.11621541646616655,0.1056510862858902,0.1524371117981144
2012-10-25,0.0029027866341692636,8.426170243511722e-06,0.13912827314892123,0.1384126500908491,0.11084415918033294,0.10572727168368927,0.1530761311158768
2012-10-26,0.0005655462890241077,3.198426050289396e-07,0.1037879687769031,0.1380244668664456,0.11006856151220756,0.10460369627148458,0.1559527887698024
2012-10-31,0.0,0.0,0.10353740663321324,0.12817587125597213,0.10933481236550481,0.09683352841277801,0.15681034678314526
2012-11-01,0.01041604523446559,0.00010849399832643333,0.08155596445714842,0.12905862944684818,0.11654044735690008,0.0989715906802969,0.15216954359659118
2012-11-02,0.008931332745898296,7.976870461795521e-05,0.1105780123682717,0.12803594291121242,0.11877166964857207,0.10035477569768986,0.14978487647975666
2012-11-05,0.002046110403510551,4.186567783354109e-06,0.10969805849135196,0.13076639751623687,0.11533445084501377,0.10040402728268036,0.1496496786984568
2012-11-06,0.007795180332622952,6.076483641811168e-05,0.11973379452856474,0.11402651314175069,0.11988721498253828,0.10158337061150385,0.14687618228583202
2012-11-07,0.02292485653357738,0.0005255490470851055,0.2176395136475229,0.16074664192784693,0.14271144115488218,0.1121879214434185,0.12105128284964489
2012-11-08,0.012096893548838925,0.0001463348335319408,0.191792884127043,0.15726951732079444,0.14448512566022273,0.11487439629666321,0.11117739304014126
2012-11-09,0.0008688088442865613,7.548288079105504e-07,0.19753700196876955,0.15809253503640144,0.14397403584565974,0.11489431297566031,0.11122552819473856
2012-11-12,0.000796239924204185,6.339980168966862e-07,0.19496572568458978,0.1565916143137676,0.14402871669481482,0.11487924094085936,0.11271894034989623
2012-11-13,0.0034775593910972096,1.2093419318608396e-05,0.1615018736382616,0.15639171074665553,0.14405673665967725,0.11396636957356787,0.11110726771417724
2012-11-14,0.013591047163706654,0.0001847165630060987,0.11034743635945042,0.16483869256742084,0.14462882462851065,0.11705248965583628,0.09979290432458277
2012-11-15,0.0016935948200303159,2.868263414433518e-06,0.0947844210207836,0.1454379348314212,0.1364035748394932,0.11706127196209011,0.10114936053966532
2012-11-16,0.004925234201283454,2.4257931937492263e-05,0.10956805155734696,0.1517693241556306,0.13672331291760145,0.11751653433509524,0.10619181429573271
2012-11-19,0.020037683520064166,0.00040150876085025104,0.1972779136110963,0.1923953102072218,0.16024622669672964,0.12486106005363536,0.09028428808428844
2012-11-20,0.0004307832561835758,1.8557421380812427e-07,0.19330081261201568,0.18538993561381464,0.15103745089077608,0.12375239569171621,0.09645748168316592
2012-11-21,0.0018661315316798339,3.482446893529723e-06,0.13783801344256943,0.14744812663763313,0.15140783467711433,0.12316731124289386,0.09746582398244394
2012-11-23,0.013533066954847801,0.00018314390120439353,0.13276026741098745,0.145636230660401,0.15258922023087199,0.12632228133175089,0.09502835529260081
2012-11-26,0.002124643811611157,4.514111326217585e-06,0.15166522078221562,0.14726608980507294,0.1524371117981144,0.12638421601994995,0.09548908785736086
2012-11-27,0.0051177900140907465,2.6191774628326964e-05,0.1130239911811405,0.15162657149197223,0.1530761311158768,0.1268155057436379,0.0948031211500326
2012-11-28,0.008020438022217002,6.432742606822418e-05,0.12019615141856337,0.15208813218314046,0.1559527887698024,0.1269782752556538,0.09117530825644159
2012-11-29,0.0046548814517277486,2.1667921329639033e-05,0.11982458330609466,0.12225965160272857,0.15681034678314526,0.12696276414955188,0.09793963138846659
2012-11-30,0.00021067965313396788,4.438591624464902e-08,0.08338864529782317,0.11993044581987822,0.15216954359659118,0.12694118226286488,0.11552569360826578
2012-12-03,0.004936580064941396,2.43698227375768e-05,0.0922217733629691,0.12914579876681648,0.14978487647975666,0.12736391749524978,0.14336735936472592
2012-12-04,0.0014150855425288354,2.0024670926741285e-06,0.08089480066617402,0.09272408341194054,0.1496496786984568,0.12041867163967881,0.1436628268023758
2012-12-05,0.001768629514124082,3.1280503582307863e-06,0.05679252637054097,0.09253021793641182,0.14687618228583202,0.12018913331349637,0.1439269214872516
2012-12-06,0.0033863997373366557,1.146770318103377e-05,0.050710299261491315,0.09294529079189705,0.12105128284964489,0.11986915487180728,0.14480866213931107
2012-12-07,0.003024012844994617,9.144653686692438e-06,0.055812406090851294,0.06719933733034601,0.11117739304014126,0.11989479067244757,0.14562842158465703
2012-12-10,0.0004214056229633903,1.7758269906516307e-07,0.031344185728592794,0.06534261808784549,0.11122552819473856,0.11968887231253449,0.14562521703267212
2012-12-11,0.0067853937125221045,4.604156783393451e-05,0.03774557285358829,0.06132716257543666,0.11271894034989623,0.11632262989040369,0.1462195172759017
2012-12-12,0.00048791388393481703,2.380599581363581e-07,0.04145545938327077,0.05227130594906961,0.11110726771417724,0.11592263999964994,0.14628922643584624
2012-12-13,0.006150945404388388,3.783412936776663e-05,0.07499048859274572,0.06106253633177518,0.09979290432458277,0.11636897631312457,0.14372174209105132
2012-12-14,0.00372300348141102,1.3860754922598575e-05,0.07825435267960373,0.06442877864579867,0.10114936053966532,0.11656728538590998,0.14229918945869988
2012-12-17,0.01168409030103899,0.0001365179661628334,0.11718964182257965,0.08093500094761771,0.10619181429573271,0.11917270984128059,0.1378249692985122
2012-12-18,0.011067046167323204,0.00012247951086966324,0.13167357264029178,0.0913804826206356,0.09028428808428844,0.12140795513822893,0.13449487237349705
2012-12-19,0.007457031786076076,5.560732305854895e-05,0.150687478565454,0.10519922294653002,0.09645748168316592,0.12234896139582192,0.13051383421450372
2012-12-20,0.005735792465108985,3.2899315202801005e-05,0.13781120006090575,0.1067455869350267,0.09746582398244394,0.12291277430056377,0.13037484729672438
2012-12-21,0.009118418831624222,8.314556198891925e-05,0.15919547698162637,0.12058707760882328,0.09502835529260081,0.1223700463523178,0.1239535970791501
2012-12-24,0.003086158853290773,9.524376467745018e-06,0.13793969380533266,0.12230972697180063,0.09548908785736086,0.12198223014053818,0.12260204959079007
2012-12-26,0.004223935796056619,1.7841633609208463e-05,0.09158349640242347,0.11922441695183413,0.0948031211500326,0.12069803487726222,0.12048372259240961
2012-12-27,0.0013409421945871896,1.7981259692243082e-06,0.08557788149211243,0.11916281210369027,0.09117530825644159,0.12037028626606996,0.1204183114400854
2012-12-28,0.01086728455466688,0.00011809787359210132,0.0646752238940279,0.1273193040616684,0.09793963138846659,0.1221961372046157,0.10884899853176308
2012-12-31,0.01685346883117999,0.0002840394116435554,0.16456764993994788,0.15458082194814524,0.11552569360826578,0.12718165566422499,0.10007546976623805
2013-01-02,0.02530746253171301,0.0006404676597940579,0.24203429534875326,0.19178300008163676,0.14336735936472592,0.13722386859142838,0.05495242804303796
2013-01-03,0.002262146466697924,5.117306636793901e-06,0.23761001548522065,0.18629064645439075,0.1436628268023758,0.13655209799050308,0.06188487199588475
2013-01-04,0.004382240204115196,1.9204029206563594e-05,0.23054008799693015,0.1807204655148438,0.1439269214872516,0.1368374867641942,0.07667367663699605
2013-01-07,0.002736845773371899,7.490324787223628e-06,0.19621799812285268,0.1810023506702924,0.14480866213931107,0.13676777071533722,0.08152740732130448
2013-01-08,0.0028810218674985644,8.300287001004915e-06,0.19204990898263233,0.17351195782994044,0.14562842158465703,0.13530067266756127,0.07982032621078355
2013-01-09,0.002538947064288108,6.446252195257202e-06,0.05405166780826474,0.171255777281993,0.14562521703267212,0.1346562225834667,0.08057834214236882
2013-01-10,0.007917883970383677,6.269288656845877e-05,0.07408807338416351,0.1687820416179775,0.1462195172759017,0.13552988003800776,0.07856650694258348
2013-01-11,6.808477814956766e-05,4.635537015675846e-09,0.07116230856823273,0.16783776774479456,0.14628922643584624,0.13530195784278612,0.07860388189953317
2013-01-14,0.0006800596660190926,4.624811493459998e-07,0.06573232008865706,0.14968890692206174,0.14372174209105132,0.13436872629080104,0.07815198536187967
2013-01-15,0.0006800596660190631,4.624811493459597e-07,0.05526718910080258,0.13459303045633028,0.14229918945869988,0.1328627657168036,0.07812455075938819
2013-01-16,0.00013572731666653271,1.842190448949725e-08,0.05709282000116881,0.05438567488216262,0.1378249692985122,0.13257163921029153,0.07788543476401784
2013-01-17,0.00643951156853805,4.146730924133538e-05,0.046714323092175325,0.058603845074668474,0.13449487237349705,0.133045282225371,0.07648625411021782
2013-01-18,0.002227294342118963,4.960840086435144e-06,0.04546853205833929,0.0566491656218959,0.13051383421450372,0.12818300636544297,0.07946814680115767
2013-01-22,0.005379097319741574,2.893468797525098e-05,0.04578133862880457,0.05495974753545728,0.13037484729672438,0.12853751625755913,0.09262868717836929
2013-01-23,0.0016076540104022746,2.584551417162517e-06,0.04333275545552124,0.04759984655377117,0.1239535970791501,0.12481676832596854,0.09565505301566853
2013-01-24,0.0002676698604293103,7.164715418224647e-08,0.041488339418815634,0.0490134856901729,0.12260204959079007,0.12456855374028321,0.10127241470786079
2013-01-25,0.005606620638953082,3.1434194989134666e-05,0.03761148319323305,0.04263841492749636,0.12048372259240961,0.1248603535233513,0.12193016337693288
2013-01-28,0.0011990078943740236,1.4376199307712297e-06,0.048451129450505,0.04460521895257608,0.1204183114400854,0.12490375069652832,0.12454489619591926
2013-01-29,0.003923825611560862,1.5396407429940978e-05,0.04353844024587463,0.04275293481330083,0.10884899853176308,0.1250128861995613,0.13168489703077346
2013-01-30,0.00392382561156086,1.5396407429940954e-05,0.06115530457070929,0.05315943405944582,0.10007546976623805,0.12393789528552668,0.13101422798927617
2013-01-31,0.0024686499143843845,6.094232399790029e-06,0.06593510179650285,0.056961559575098734,0.05495242804303796,0.12243754449220802,0.13087277098726388
2013-02-01,0.01023513743087081,0.00010475803822881272,0.09203667695661942,0.06779965601401258,0.06188487199588475,0.12386409487070485,0.1272815033071053
2013-02-04,0.011304299243074372,0.00012778718137697182,0.12967856339303382,0.09573009323671808,0.07667367663699605,0.12568264628641815,0.12244702413282249
2013-02-05,0.010047297867065262,0.00010094819442953416,0.14926404900318269,0.10443767648751683,0.08152740732130448,0.11687930128961767,0.11827578490269769
2013-02-06,0.0007274364168273658,5.291637405266371e-07,0.14410918997412386,0.10445364842812874,0.07982032621078355,0.11345058128278555,0.11828949719194941
2013-02-07,0.0013235537146218095,1.7517944354891905e-06,0.1423675933803768,0.10515068764566468,0.08057834214236882,0.11360236174290614,0.11837898625063528
2013-02-08,0.005548769960232978,3.078884807158388e-05,0.12775616503784823,0.10508059598386932,0.07856650694258348,0.11387691720985789,0.1177361529939296
2013-02-11,0.0001976636491464817,3.907091819390342e-08,0.075397868204017,0.1046059938795562,0.07860388189953317,0.11344075936150752,0.1183217766688338
2013-02-12,0.0016460254846941485,2.7093998962626064e-06,0.04171680505149905,0.10351973892668392,0.07815198536187967,0.10885736206962171,0.11831488528329646
2013-02-13,0.0008545588725462561,7.302708666475284e-07,0.041620336322113594,0.10000639091992888,0.07812455075938819,0.10861483049704435,0.11916622156819126
2013-02-14,0.0009198993021297371,8.462147260587773e-07,0.03525217327308808,0.09778026042441389,0.07788543476401784,0.1084680696857195,0.11957161530516523
2013-02-15,0.0011826851880088825,1.3987442539356057e-06,0.017554203213993504,0.08601564298213239,0.07648625411021782,0.10187865749076201,0.12178142928029526
2013-02-19,0.0074663450024692254,5.574630769589718e-05,0.051803494202402184,0.06157988220662713,0.07946814680115767,0.10255059354554122,0.119996023096967
2013-02-20,0.012541202203603656,0.0001572817527116732,0.11556371372832086,0.08390890421434519,0.09262868717836929,0.10663319899536705,0.11117613908768872
2013-02-21,0.006097596132978098,3.718067860090946e-05,0.11940246146307015,0.08949761602143752,0.09565505301566853,0.10472921151508427,0.11378530039758139
2013-02-22,0.00972488587934401,9.457340536626451e-05,0.14738462029210608,0.10281364957691584,0.10127241470786079,0.10595295042024971,0.11229031026097931
2013-02-25,0.019209835839478006,0.00036901779297969365,0.1989789419423007,0.13847806449191616,0.12193016337693288,0.11330885410598078,0.08501896433470289
2013-02-26,0.006822338265614604,4.6544299410469284e-05,0.196653041313886,0.1451627287072584,0.12454489619591926,0.11302331958338165,0.0859435158974473
2013-02-27,0.01251965719954256,0.00015674181639405783,0.21018461397689436,0.16049999910117757,0.13168489703077346,0.11520891323491603,0.07711287109895167
2013-02-28,0.001977467823249645,3.910378991987688e-06,0.20365981215740908,0.16067158837373138,0.13101422798927617,0.11537859493682402,0.07607153710099245
2013-03-01,0.003292875652339031,1.0843030061767199e-05,0.1922451776623694,0.16163772238297225,0.13087277098726388,0.11474256247936225,0.07858419726935884
2013-03-04,0.005310883533612884,2.8205483907600468e-05,0.08376515594504093,0.1637140285266573,0.1272815033071053,0.11488345731962327,0.0783462097807451
2013-03-05,0.008919039423654865,7.95492642407097e-05,0.08756962714537933,0.16558880551450758,0.12244702413282249,0.11590068593486035,0.08348133543207316
2013-03-06,0.0013599454890524177,1.8494517331940194e-06,0.0650660891092739,0.14832380242627616,0.11827578490269769,0.11583868312576392,0.08437950754833089
2013-03-07,0.0018107599578478148,3.27885162494502e-06,0.04898119180944956,0.14128130411287937,0.11828949719194941,0.11579835900920031,0.08619327921621561
2013-03-08,0.004255326490238127,1.810780353852234e-05,0.04840734499779948,0.136421351535943,0.11837898625063528,0.11591148872401842,0.08812244864392925
2013-03-11,0.0037883400150646755,1.4351520069740225e-05,0.047667185256888484,0.06498974367465044,0.1177361529939296,0.11549750191481543,0.08796197537330898
2013-03-12,0.002245650953652529,5.042948205640513e-06,0.040892639751294216,0.07191986987128295,0.1183217766688338,0.11573744771968393,0.09656784110994737
2013-03-13,0.0014125357323918042,1.9952571952836506e-06,0.040859183395637655,0.052892584311265346,0.11831488528329646,0.11464182336661928,0.09685412884107791
2013-03-14,0.005309894926827432,2.8194984133947703e-05,0.04784801463167587,0.047653483328071566,0.11916622156819126,0.11434450956825248,0.09647449791344574
2013-03-15,0.0013216034251948873,1.746635613486858e-06,0.05124839778053351,0.053054861236434186,0.11957161530516523,0.1126123010856452,0.12948386018254096
2013-03-18,0.005534218573603265,3.062757522041536e-05,0.06471438952115353,0.06549985361710615,0.12178142928029526,0.11174602843909076,0.1380592893743648
2013-03-19,0.0023256022228981344,5.408425699148744e-06,0.06485447959574092,0.054573274973589866,0.119996023096967,0.11052495757784295,0.1483823515380927
2013-03-20,0.006961134212949271,4.8457389530692865e-05,0.08419697348910583,0.06317618958623422,0.11117613908768872,0.11076123931923607,0.14777364695521095
2013-03-21,0.008579560613533991,7.360886032130376e-05,0.09274080276024799,0.0797675994943188,0.11378530039758139,0.11054873118786868,0.14793975218489283
2013-03-22,0.00800107830007584,6.401725396394449e-05,0.11817798122392148,0.08702273914233913,0.11229031026097931,0.11097309989874846,0.14602393691064378
2013-03-25,0.0041861490553128785,1.7523843913296905e-05,0.11475096394454389,0.08790810370670925,0.08501896433470289,0.11096471865012855,0.1492562095443109
2013-03-26,0.007970856152379992,6.353454780193397e-05,0.12460903674093886,0.09600437876239423,0.0859435158974473,0.11156504589623703,0.14690304858986708
2013-03-27,0.0,0.0,0.11682293192372149,0.09600188296578754,0.07711287109895167,0.10851221918822725,0.14740755414923162
2013-03-28,0.003068539160434802,9.41593257912192e-06,0.0833832558652624,0.09357085275402553,0.07607153710099245,0.10397819206946086,0.14739419350564992
2013-04-01,0.00396552025519199,1.5725350894337945e-05,0.08115114677214551,0.09585074834399826,0.07858419726935884,0.09218620729715851,0.14795878040484922
2013-04-02,0.004922586987406489,2.423186264858369e-05,0.07280009915567716,0.09284137577198694,0.0783462097807451,0.09221740693124439,0.14734605008621252
2013-04-03,0.010191015845383037,0.00010385680396084815,0.09578377800372144,0.10828466192390789,0.08348133543207316,0.09493093524843953,0.14603913608632724
2013-04-04,0.004050574136073895,1.6407150831830777e-05,0.10310569078828746,0.10425770873162817,0.08437950754833089,0.09479244604288348,0.14863205759053716
2013-04-05,0.004501522589231433,2.0263705621360864e-05,0.10093909958149054,0.09645992085242788,0.08619327921621561,0.09514550892159793,0.1501816863141954
2013-04-08,0.006744432907926297,4.5487375249519175e-05,0.11503180117932313,0.09390227074179008,0.08812244864392925,0.09579781608293009,0.14914377002717008
2013-04-09,0.0034511562432311565,1.1910479415193389e-05,0.11165481131697856,0.0912677228351569,0.08796197537330898,0.09489497832598079,0.149494646789361
2013-04-10,0.012174192905578172,0.00014821097290222988,0.09596945209203832,0.10187930484676393,0.09656784110994737,0.09751248695357702,0.14487475973828454
2013-04-11,0.003271959774531317,1.0705720766151028e-05,0.09629838130598253,0.10178667562989409,0.09685412884107791,0.09749928737513419,0.1454715529339214
2013-04-12,0.0024531007914259995,6.017703492894865e-06,0.08503967980758094,0.10377040269790944,0.09647449791344574,0.0978097510891691,0.14500785381245904
2013-04-15,0.023446540202329395,0.0005497402474594485,0.21250188556460922,0.16165165848337967,0.12948386018254096,0.11020632601243108,0.11151039016958776
2013-04-16,0.014655059952879551,0.00021477078222249398,0.24152149286906555,0.1775581656017991,0.1380592893743648,0.11319522644194789,0.10621621194011438
2013-04-17,0.014719760402428726,0.0002166713463049087,0.2374442432959657,0.18634247531076398,0.1483823515380927,0.11771323576246105,0.08503640452178296
2013-04-18,0.006272962490215295,3.935005840364808e-05,0.2271083161156482,0.187143763356515,0.14777364695521095,0.1182063211017797,0.08281920577090723
2013-04-19,0.008655628169397486,7.491989900686727e-05,0.25177102063439327,0.1920575058259651,0.14793975218489283,0.11933376197597081,0.08369114727858434
2013-04-22,0.004428384692046881,1.961059098075515e-05,0.1871947164220358,0.19019262591256977,0.14602393691064378,0.11956751869462826,0.08458260322977719
2013-04-23,0.010256480220468043,0.0001051953865128522,0.16924132829457178,0.19663492305788433,0.1492562095443109,0.12073801143300437,0.08071066522100787
2013-04-24,0.000633698490743557,4.0157377717066206e-07,0.10554184387224827,0.18594886436428876,0.14690304858986708,0.12066103585807712,0.08843108966206428
2013-04-25,0.004045671144492906,1.6367455009382542e-05,0.06121077461374053,0.18642815811892088,0.14740755414923162,0.12067425141358255,0.09022345848040388
2013-04-26,0.0017681822773563383,3.1264685659570467e-06,0.07221473267950744,0.1862508153652452,0.14739419350564992,0.12038507855814995,0.08975209097109307
2013-04-29,0.006676174513704595,4.457130613743879e-05,0.07567770015730187,0.13638133670735417,0.14795878040484922,0.12073176678400876,0.08931803767796678
2013-04-30,0.002382442337786339,5.6760314928768365e-06,0.051124537381789244,0.11895773632144267,0.14734605008621252,0.11926032346409261,0.0944486667039059
2013-05-01,0.008806043145192795,7.754639587499701e-05,0.09590863916560528,0.09840411672055042,0.14603913608632724,0.11826706813745806,0.0860443419958292
2013-05-02,0.00924506572433592,8.547124024729085e-05,0.11348955928509404,0.09242499063349352,0.14863205759053716,0.11801670713864368,0.10066720793690537
2013-05-03,0.010089084823494866,0.00010178963257567443,0.12253399175081278,0.09487889879567031,0.1501816863141954,0.11947239550044003,0.09648497735929074
2013-05-06,0.0025376854989468227,6.4398476915649846e-06,0.12016319681687895,0.09495737695491109,0.14914377002717008,0.11939114115005485,0.09835902320901693
2013-05-07,0.0050558981000297645,2.5562105597884583e-05,0.12066977814372024,0.08797308088201981,0.149494646789361,0.11931920107720785,0.1095752745707096
2013-05-08,0.004540797138498528,2.061883865299642e-05,0.051333831616348184,0.08720211428313433,0.14487475973828454,0.11947389985981566,0.11333936809860788
2013-05-09,0.0028202794193037243,7.953976002948152e-06,0.07406256452472558,0.09243299556668735,0.1454715529339214,0.11976866036292863,0.12156412950264092
2013-05-10,0.0032485325716906585,1.0552963869335124e-05,0.049925123927412135,0.08898920174159351,0.14500785381245904,0.11983758897785542,0.12116668723662642
2013-05-13,0.0007951743736298616,6.323022844776427e-07,0.05138118361830605,0.08746850170146644,0.11151039016958776,0.11983939073311882,0.12705029086405684
2013-05-14,0.010280944171494113,0.00010569781305737876,0.07694077938343132,0.09547133167955751,0.10621621194011438,0.12113645447188903,0.12393752722612233
2013-05-15,0.005372316656443034,2.886178625709526e-05,0.07806575516351957,0.06690235751537044,0.08503640452178296,0.12076791196070198,0.13494912616500276
2013-05-16,0.004706711823815619,2.2153136192445748e-05,0.08801281815400168,0.07704026516206677,0.08281920577090723,0.11793414186431128,0.1357077025683298
2013-05-17,0.0096309583178279,9.27553581197384e-05,0.10000375870114651,0.0759598036691113,0.08369114727858434,0.11798372665265419,0.13392096443834378
2013-05-20,6.0576427010511095e-05,3.6695035093597782e-09,0.10204323086328684,0.0778751820370104,0.08458260322977719,0.11687932076871717,0.13738333912935388
2013-05-21,0.0014363871855738119,2.0632081468806565e-06,0.08643530892043605,0.077492395537415,0.08071066522100787,0.10850122988063164,0.14530093269278443
2013-05-22,0.007444561576713279,5.5421497069475705e-05,0.10413692012515602,0.09185681996409982,0.08843108966206428,0.10972091097285079,0.16731263844674138
2013-05-23,0.00289716072318698,8.393540255977305e-06,0.09994286060600846,0.09196053438047533,0.09022345848040388,0.10779202258303966,0.1682815563751144
2013-05-24,0.0008464684791557653,7.165088862042743e-07,0.05461261211761094,0.0921594994786505,0.08975209097109307,0.10766115636091239,0.1726978599124099
2013-05-28,0.0059710972056481225,3.5654001839298815e-05,0.0791300859755339,0.09520447022633655,0.08931803767796678,0.10798938252251303,0.17543236275153917
2013-05-29,0.006515790843382996,4.245553031471369e-05,0.08515788084575372,0.08987424754693984,0.0944486667039059,0.10895074250890581,0.17956031455800645
2013-05-30,0.0036849169255988054,1.3578612748564553e-05,0.07965989317861334,0.08741228308186315,0.0860443419958292,0.10792357885295495,0.18052054373025228
2013-05-31,0.014455824489817103,0.0002089708616803959,0.13085456294704376,0.11184922789156226,0.10066720793690537,0.11263549472970441,0.17405494732382543
2013-06-03,0.005491034297927758,3.0151457661018983e-05,0.1428761594674373,0.10219006488613264,0.09648497735929074,0.11299883471799824,0.17422437926976242
2013-06-04,0.00481829992718059,2.321601418826848e-05,0.12876166406399694,0.10301822794677248,0.09835902320901693,0.11343689292486198,0.17353711003197175
2013-06-05,0.014099348165876414,0.0001987916187026026,0.15009692565338328,0.11692308004767794,0.1095752745707096,0.11736230086110361,0.16588604184937678
2013-06-06,0.009011645171339105,8.12097486941194e-05,0.17228016445859667,0.13017671320705795,0.11333936809860788,0.11844896260956214,0.16719526696410925
2013-06-07,0.01264077550055395,0.00015978920525540498,0.17382862732886523,0.14900857699325362,0.12156412950264092,0.12090183715478496,0.1621639200066089
2013-06-10,0.0,0.0,0.17051445630682793,0.1489971352383689,0.12116668723662642,0.1205825299124088,0.1641468547964545
2013-06-11,0.01036908598515296,0.00010751794416749552,0.1854198463420507,0.15225636453689054,0.12705029086405684,0.12270484189289216,0.15918519589084018
2013-06-12,0.008311784066353954,6.908575436569547e-05,0.16185705941194403,0.1540233649622933,0.12393752722612233,0.12344319682764313,0.16128560957833266
2013-06-13,0.01509407707252208,0.0002278311626712367,0.1857773835353939,0.17525395895743484,0.13494912616500276,0.12672975938791972,0.15370906812758367
2013-06-14,0.006292256066991725,3.959248641259417e-05,0.1635359844597064,0.16196770663388274,0.1357077025683298,0.1269792613744901,0.1512912858740383
2013-06-17,0.0076922009225208424,5.91699550324305e-05,0.17787965883569748,0.16447756165000307,0.13392096443834378,0.1262313795539503,0.1507972917078628
2013-06-18,0.007874225697178983,6.200343033011385e-05,0.15995502310880452,0.1662795534827041,0.13738333912935388,0.12620182683098152,0.14884155802179302
2013-06-19,0.013913184450487153,0.0001935767015532775,0.18788203801462622,0.16579798489455727,0.14530093269278443,0.12945867802385555,0.13877033799373673
2013-06-20,0.02509017033213274,0.0006295166472954339,0.22549266844534605,0.20530327063745654,0.16731263844674138,0.13910618543667808,0.0955016533642853
2013-06-21,0.00320497955489807,1.0271893947314631e-05,0.234474633155849,0.19136657288696612,0.1682815563751144,0.13922783461081167,0.09561147308241479
2013-06-24,0.012716688883843641,0.00016171417616847242,0.21397448421027443,0.1963467702782986,0.1726978599124099,0.14166887190578112,0.07804022626468686
2013-06-25,0.00956856426586351,9.15574221099601e-05,0.22213974177255003,0.20438659228390718,0.17543236275153917,0.14270936783302243,0.07899224194260247
2013-06-26,0.009852282361693717,9.706746773454113e-05,0.24387331922773273,0.20967093312152962,0.17956031455800645,0.143737192146692,0.07478800020470058
2013-06-27,0.005852904424564923,3.425649020309165e-05,0.1474662018000179,0.1950849040458852,0.18052054373025228,0.1424249695407316,0.07401392433769659
2013-06-28,0.004106175366552276,1.6860676140880716e-05,0.1561790072097323,0.1938536420241812,0.17405494732382543,0.1425873846061805,0.07289256938812495
2013-07-01,0.005842484448727624,3.4134624533624125e-05,0.08978855547849775,0.1916941107968857,0.17422437926976242,0.14259225181292418,0.0722695089788307
2013-07-02,0.0009297612080343017,8.64455903965404e-07,0.09002967848254474,0.1847855059996864,0.17353711003197175,0.1420786406940159,0.07156052196146612
2013-07-03,0.0004339804520314388,1.8833903274541196e-07,0.0693051035286396,0.1730807771724661,0.16588604184937678,0.14195571778574634,0.07824275131818516
2013-07-05,0.010731004370156862,0.00011515445479232568,0.09342354616032625,0.11655186311527982,0.16719526696410925,0.14148153634720906,0.07249851074478048
2013-07-08,0.005688332080240791,3.235712185509653e-05,0.07443557221628518,0.11747242616937087,0.1621639200066089,0.14176729674706195,0.07260782261607253
2013-07-09,0.00717170687422515,5.1433379489808264e-05,0.0766754836204295,0.07898710447554606,0.1641468547964545,0.1422594316521243,0.07482844355372076
2013-07-10,0.0003638222381252502,1.3236662095446625e-07,0.07112705172911397,0.07761817788256363,0.15918519589084018,0.1330395247338637,0.0765515267982769
2013-07-11,0.013528590571505267,0.0001830227628514212,0.07980717948856957,0.08689909974451761,0.16128560957833266,0.13256981923788363,0.06211259511198327
2013-07-12,0.0004177231632814872,1.74492641141892e-07,0.08675837635362219,0.08871995094777212,0.15370906812758367,0.12841045563640036,0.0634077940548579
2013-07-15,0.0038128555644148248,1.4537867555089091e-05,0.08743111850801981,0.07677759771222571,0.1512912858740383,0.12750690579253998,0.06245420455134028
2013-07-16,0.003753486402530291,1.4088660173979786e-05,0.10368970874470972,0.08720438367572812,0.1507972917078628,0.12708362192541614,0.06122758371789575
2013-07-17,0.0025637842433715893,6.572989646560433e-06,0.1014874447912258,0.0836499528050504,0.14884155802179302,0.1269468966490828,0.06402942476753781
2013-07-18,0.005463151326179268,2.9846022412734295e-05,0.0565477591385136,0.08126122679736769,0.13877033799373673,0.1258780246050206,0.07876113229226891
2013-07-19,0.0017746482676721847,3.1493764739518863e-06,0.05541728935527848,0.07449274255092575,0.0955016533642853,0.12587704049668436,0.07867399905710692
2013-07-22,0.0019488855392723143,3.7981548451847395e-06,0.05304607376194934,0.07406638304503091,0.09561147308241479,0.12575064501470654,0.0801070037901135
2013-07-23,0.002126500460828812,4.52200420990515e-06,0.04301112297038097,0.07525774708584257,0.07804022626468686,0.12578895801097578,0.0831098389789819
2013-07-24,0.0036720077737188643,1.348364109025177e-05,0.05751264887871202,0.08083455979717727,0.07899224194260247,0.12565179969022666,0.0846167713528495
2013-07-25,0.002429729187293091,5.9035839235839444e-06,0.04407255599987033,0.04970323650322729,0.07478800020470058,0.12565401782881408,0.09140097458648418
2013-07-26,0.0010651932688831955,1.1346367000740678e-06,0.042608239508036626,0.04963870949744993,0.07401392433769659,0.12397204665415423,0.09240243234659637
2013-07-29,0.0030798756876447924,9.485634251345483e-06,0.042546323323489045,0.05056131247592807,0.07289256938812495,0.12312230500691446,0.09264826251652873
2013-07-30,0.0,0.0,0.04191436542456721,0.045470656562778475,0.0722695089788307,0.12166362502294262,0.10753409920906072
2013-07-31,0.0007120242647892846,5.069785536487212e-07,0.032510565408266946,0.04420583683198764,0.07156052196146612,0.12161089012150948,0.1087990538258763
2013-08-01,0.01149169619924203,0.0001320590815356737,0.08782170006517173,0.06754203267256509,0.07824275131818516,0.12327960150590161,0.09836009928718369
2013-08-02,0.001697543781144409,2.881654888902057e-06,0.08749462913526063,0.06752011537138301,0.07249851074478048,0.12305789895112913,0.09748756155517509
2013-08-05,0.0014633587739193215,2.14141890120666e-06,0.08196875397828471,0.06841037383981644,0.07260782261607253,0.12291652526819027,0.10033748223277134
2013-08-06,0.0056985859393685985,3.247388170836949e-05,0.10070599680427943,0.07461916124522762,0.07482844355372076,0.12354294363265594,0.10537847666573169
2013-08-07,0.00324550824610477,1.053332377553406e-05,0.1060571857972316,0.07400394421288878,0.0765515267982769,0.12380974035444511,0.10542618095397957
2013-08-08,0.003657820374906065,1.3379649895077946e-05,0.05955861114534728,0.07519845871316234,0.06211259511198327,0.12234528631969796,0.10417608075535094
2013-08-09,0.002889649221352978,8.350072622465871e-06,0.0551597439972073,0.07698580932781726,0.0634077940548579,0.12212370945921797,0.11051362933367073
2013-08-12,0.0011821067516913466,1.397376372394267e-06,0.055344781917722484,0.07535049100826975,0.06245420455134028,0.12170649660935517,0.11392884184873514
2013-08-13,0.002952371169921691,8.716495524984775e-06,0.05160858895315647,0.07646196269890636,0.06122758371789575,0.1203195986096434,0.11399430026023138
2013-08-14,0.005142717503944404,2.6447543325376165e-05,0.05989060773127757,0.08169801550123891,0.06402942476753781,0.12084375450819065,0.1128617149444604
2013-08-15,0.01408472791605833,0.0001983795604693928,0.10055355758101013,0.08200812840168097,0.07876113229226891,0.12433849498150795,0.09984872703485742
2013-08-16,0.003311077803445404,1.0963236220468841e-05,0.10028622099075621,0.07854285310574301,0.07867399905710692,0.12356632707972523,0.09999817489849848
2013-08-19,0.006412728943406548,4.112309250160406e-05,0.09735408888005449,0.07968116035674079,0.0801070037901135,0.12413658228581878,0.0962016869348819
2013-08-20,0.004903926250330837,2.4048492668683865e-05,0.10804790766886173,0.08886902112470084,0.0831098389789819,0.12452406840951648,0.10165900893024384
2013-08-21,0.006179749699100729,3.8189306343535544e-05,0.1084992953028049,0.090781082398781,0.0846167713528495,0.12457333139680436,0.09792032454466118
2013-08-22,0.009074396273038283,8.234466772013108e-05,0.11110099860196158,0.10454640151560875,0.09140097458648418,0.1252326674191041,0.1000761569302687
2013-08-23,0.0033666454214821544,1.1334301393986754e-05,0.11013140184339186,0.10809357236848714,0.09240243234659637,0.1251962333097627,0.10224115626742171
2013-08-26,0.0037279897658224026,1.3897907694076571e-05,0.10000694349221488,0.108571409977436,0.09264826251652873,0.12172670787814309,0.10147274533480083
2013-08-27,0.016214912034798745,0.0002629233722962612,0.15293427595788756,0.126033797863091,0.10753409920906072,0.1258658575325392,0.07965727722733641
2013-08-28,0.003544409526787559,1.2562838893582409e-05,0.1547114757016094,0.1308429406117264,0.1087990538258763,0.12566965588625345,0.07974138178251407
2013-08-29,0.0015852069216502154,2.512880984447752e-06,0.13210847759196734,0.11617462321477262,0.09836009928718369,0.12214929026242147,0.08310235671305605
2013-08-30,0.0031725827871346046,1.0065281541222775e-05,0.12226050639707153,0.11611079835144665,0.09748756155517509,0.1210209923866481,0.08511100594357286
2013-09-03,0.004511934023079113,2.035754862861887e-05,0.13503255116279522,0.11565336257752717,0.10033748223277134,0.11856842187725186,0.08747318572043582
2013-09-04,0.008238802304785846,6.787786341734457e-05,0.0664612742341225,0.12089209534268332,0.10537847666573169,0.11975094681390384,0.08442624574329205
2013-09-05,0.0012663257389391419,1.6035808770997637e-06,0.06712389548492684,0.11572582357664017,0.10542618095397957,0.11772853441971766,0.09233200081584829
2013-09-06,0.00048157463485179133,2.3191412893263614e-07,0.06850005996866514,0.1062744042617557,0.10417608075535094,0.11632732352320847,0.0954242844677309
2013-09-09,0.009530801631278034,9.083617973477202e-05,0.06420071062263893,0.11583640634782767,0.11051362933367073,0.11388426275656188,0.09596564702229482
2013-09-10,0.007370144528993438,5.43190303782519e-05,0.0665402472250324,0.11759841518023109,0.11392884184873514,0.11388097246770335,0.10079967852415088
2013-09-11,0.0031332615656648327,9.817328038872439e-06,0.06245564145670631,0.06194298295375121,0.11399430026023138,0.11305872282192149,0.09992117903610831
2013-09-12,0.00266009595140305,7.0761104706708975e-06,0.07878117595751678,0.06959429204993899,0.1128617149444604,0.11221521566538922,0.1269243127357421
2013-09-13,0.002246810059379211,5.048155442927613e-06,0.07534151198779546,0.06928867823905908,0.09984872703485742,0.10822267845716121,0.12862436703890276
2013-09-16,0.005770628226706204,3.330015013085839e-05,0.06109525920862281,0.060643750833467354,0.09999817489849848,0.09444218339750135,0.1278109429581128
2013-09-17,0.0044531527341745486,1.983056927388626e-05,0.05117168367613179,0.060630275271233415,0.0962016869348819,0.09459037711486303,0.129681995466357
2013-09-18,0.011507359318815906,0.00013241931849233927,0.0820207266630016,0.06873286323992185,0.10165900893024384,0.09235590110453575,0.13273500248664816
2013-09-19,0.0016771456041644276,2.812817377568063e-06,0.07693235625025041,0.07378510330867767,0.09792032454466118,0.0910867430965429,0.13465750934091925
2013-09-20,0.00701616381962755,4.922655474385065e-05,0.11325335054638186,0.09134960557133477,0.1000761569302687,0.09098371686601418,0.13348522468247342
2013-09-23,0.004638546127397273,2.1516110175992236e-05,0.11890615792696059,0.09183163606036825,0.10224115626742171,0.09120640839958688,0.1318555577693294
2013-09-24,0.002356667101582525,5.55387982768138e-06,0.11448157965759748,0.08837327263096263,0.10147274533480083,0.09086013606420597,0.13202519154206846
2013-09-25,0.0028941658840718892,8.37619616452562e-06,0.034067647779113655,0.08923860693981926,0.07965727722733641,0.09063588576667711,0.1330750982129652
2013-09-26,0.0038378109493693562,1.4728792883099319e-05,0.06411434962103824,0.08921912505474401,0.07974138178251407,0.09076123091941592,0.1329721994987679
2013-09-27,0.004607054309851715,2.122494941392326e-05,0.055378307640153,0.09292928336358174,0.08310235671305605,0.09146543913524909,0.13128180317510274
2013-09-30,0.005342652121532928,2.8543931691720293e-05,0.057568586148178905,0.09113140032148061,0.08511100594357286,0.08996951922927743,0.12838425974452952
2013-10-01,0.007884980329134367,6.217291479083591e-05,0.09215265316617388,0.0981090944239612,0.08747318572043582,0.09061219359618086,0.12724543476996902
2013-10-02,0.0009451498062919351,8.933081563336824e-07,0.08959848494210064,0.07168498577486242,0.08442624574329205,0.08962708182310254,0.12938107557685352
2013-10-03,0.00926385128447858,8.581894062093543e-05,0.1030392431863458,0.08091616308382893,0.09233200081584829,0.09182742937022875,0.12381517028026222
2013-10-04,0.0075480257400244504,5.6972692572071655e-05,0.12152010229334999,0.0907591832445904,0.0954242844677309,0.08892649366728912,0.12230381693623384
2013-10-07,0.008682226614243203,7.538105898107298e-05,0.13254193491840668,0.0972399971685611,0.09596564702229482,0.09077840091453278,0.11548681574153016
2013-10-08,0.011715174767282838,0.0001372453198279805,0.1254923705933235,0.11009549329755035,0.10079967852415088,0.09358073199681574,0.10479949398187592
2013-10-09,0.0007248490790416227,5.254061873874886e-07,0.12907519218927602,0.11115104929795346,0.09992117903610831,0.09330112274319768,0.10460098668067692
2013-10-10,0.021329206533352518,0.00045493505134240776,0.21121363838769475,0.1607408060138606,0.1269243127357421,0.10301881771129798,0.09662407436638414
2013-10-11,0.006422607641508189,4.124988891675938e-05,0.20944153202942123,0.16200999501025018,0.12862436703890276,0.1032466289905995,0.10406237716736996
2013-10-14,0.003985838640658711,1.588690966936808e-05,0.1884579325462133,0.15885000748341746,0.1278109429581128,0.10348821826230822,0.10398938143299069
2013-10-15,0.007280186465102027,5.300111496665475e-05,0.1662600969785065,0.16062639954595362,0.129681995466357,0.10456561858674053,0.09946009966705004
2013-10-16,0.013869122736807854,0.00019235256548864058,0.17090735145923688,0.17427278089246662,0.13273500248664816,0.10818620364639275,0.09215164449846093
2013-10-17,0.006660846777874649,4.436687979832309e-05,0.12165379047309512,0.16428558851915237,0.13465750934091925,0.10861004776676982,0.09116236488427858
2013-10-18,0.0067318002151771405,4.5317134137059e-05,0.1219440031924459,0.1637429246886932,0.13348522468247342,0.10928559274442633,0.08980312000284037
2013-10-21,5.718359737721917e-05,3.2699638089999068e-09,0.12668079301795598,0.1513899726936938,0.1318555577693294,0.10928723235732649,0.09148770425654482
2013-10-22,0.005774808432203155,3.334841242864467e-05,0.07791005997504626,0.12312003264334678,0.13202519154206846,0.10952204859362574,0.09081776220940366
2013-10-23,0.004800374207774639,2.3043592534667995e-05,0.08112611517678549,0.1323129158252512,0.1330750982129652,0.1101012648266872,0.08958457508347697
2013-10-24,0.00331679704989296,1.1001142670178641e-05,0.07452541219599554,0.09741180030326037,0.1329721994987679,0.1102356493800227,0.09264411109776219
2013-10-25,0.004557078209598069,2.076696180839354e-05,0.06749084778021555,0.0962741067256089,0.13128180317510274,0.10823544621494546,0.09285598107724348
2013-10-28,0.0015904482091532697,2.529525505998843e-06,0.06588212548418615,0.09653804520513486,0.12838425974452952,0.1082309871681295,0.09322482399706859
2013-10-29,0.005319687968847947,2.8299080085905597e-05,0.06433862843351992,0.07767203714031116,0.12724543476996902,0.1085740444625521,0.09200343087826271
2013-10-30,0.004979359540060097,2.4794021429187506e-05,0.06553138926668303,0.06995318031367262,0.12938107557685352,0.10840284506972815,0.08935874592167811
2013-10-31,0.0028407258341100294,8.069723264580122e-06,0.07178674760297346,0.07009661280902789,0.12381517028026222,0.10834286782738772,0.08833219899071208
2013-11-01,0.0023864643764906573,5.695212220258941e-06,0.06590862777127715,0.06410635932573999,0.12230381693623384,0.10822688092317263,0.08940569271664674
2013-11-04,0.0035124437127218595,1.233726083503932e-05,0.06959723658492693,0.06496662319020693,0.11548681574153016,0.10811550723088234,0.09104689602574483
2013-11-05,0.0031715407624317298,1.0058670807766038e-05,0.05927366352344174,0.06354279108821258,0.10479949398187592,0.10834833307808987,0.0899088800749268
2013-11-06,0.0050927180473892475,2.593577711020415e-05,0.05999736591697269,0.05978008813087282,0.10460098668067692,0.10862073401269094,0.0904546495117595
2013-11-07,0.012724502876239099,0.0001619129734474171,0.11533057543195376,0.09168833957625273,0.09662407436638414,0.11146878927485786,0.08355748251961154
2013-11-08,0.013401541051490237,0.00017960130255477804,0.15520892719147,0.11268254843694589,0.10406237716736996,0.11014215652515577,0.07137019210046953
2013-11-11,0.00016937434860660563,2.868766996591197e-08,0.15391018990946784,0.1126146421967461,0.10398938143299069,0.10977179739920234,0.07327405213364539
2013-11-12,0.0020324668460189816,4.130921480166347e-06,0.1523781718361148,0.1100357605206022,0.09946009966705004,0.10883781488661934,0.08476272206485273
2013-11-13,0.00799222820631342,6.387571170179183e-05,0.15880158111538864,0.11321297679998328,0.09215164449846093,0.10946040543093698,0.08090823713416231
2013-11-14,0.004977109102903712,2.4771615022206994e-05,0.0979477476270569,0.11223960966027804,0.09116236488427858,0.10857904461899506,0.07868364442100412
2013-11-15,0.0043419148648795826,1.8852224693862283e-05,0.06346331290271723,0.1128749422702648,0.08980312000284037,0.1075992123274854,0.08041693710217046
2013-11-18,0.003505097376206969,1.228570761669298e-05,0.07784671348089578,0.11596828900168248,0.09148770425654482,0.10799159496153468,0.08025241203137076
2013-11-19,0.0021763819394676823,4.73663834644111e-06,0.07836267711159534,0.1149600680984856,0.09081776220940366,0.10772863739385001,0.10022732575823524
2013-11-20,0.0031329286542199947,9.815241952432707e-06,0.06660226355571075,0.1152851042817,0.08958457508347697,0.10179590038139097,0.09945691331681308
2013-11-21,0.008036056898271186,6.457821047225192e-05,0.08238251160953922,0.09224171205036814,0.09264411109776219,0.10258332099133015,0.09761035188123801
2013-11-22,0.004990042803723328,2.4900527182990976e-05,0.08428775317717756,0.07280855918861905,0.09285598107724348,0.10281355581302294,0.09781356666024905
2013-11-25,0.000995893029828315,9.918029268606213e-07,0.07776416218200297,0.07384132888432603,0.09322482399706859,0.10247004123243698,0.0977153547628575
2013-11-26,0.0002765331914167342,7.647060595512417e-08,0.07254254555311633,0.07130881226340821,0.09200343087826271,0.10234583308766752,0.09878384740373747
2013-11-27,0.0024325987797743655,5.917536823359732e-06,0.057792217631865234,0.06342924001840783,0.08935874592167811,0.10143841111413761,0.09874767876996701
2013-11-29,0.0006631339753249049,4.3974666923021163e-07,0.03970960404124485,0.061109634526168466,0.08833219899071208,0.10153921152972427,0.09865064037818791
2013-12-02,0.002600026248743112,6.7601364941531795e-06,0.0293841839490233,0.06028447953776355,0.08940569271664674,0.10187056693059501,0.0984870410716993
2013-12-03,0.004329822646554797,1.874736415061879e-05,0.041373467993002976,0.06185089861520288,0.09104689602574483,0.10114710125411007,0.1042141772665319
2013-12-04,0.00011138654188875812,1.2406961713936067e-08,0.04071964283521324,0.060498527757746126,0.0899088800749268,0.10037098194846074,0.10422279343866424
2013-12-05,0.004405183276839673,1.9405639702547916e-05,0.03178574467891486,0.06286391180997004,0.0904546495117595,0.10091260385275529,0.10329401133462367
2013-12-06,0.011114634556039974,0.0001235351013143179,0.10301278486723459,0.07436927696932766,0.08355748251961154,0.10271456435807663,0.09835173843735583
2013-12-09,0.002539273315729773,6.4479089719772754e-06,0.10149944213708297,0.07124353889897117,0.07137019210046953,0.10272875412201675,0.09820483393592648
2013-12-10,0.0035894134474448165,1.2883888896697683e-05,0.09917726704626027,0.07373668580598983,0.07327405213364539,0.1027521071924219,0.09680481524600015
2013-12-11,0.011294608403783117,0.00012756817899480823,0.1336406838479891,0.09313969018416637,0.08476272206485273,0.1055689436839609,0.0851560953568057
2013-12-12,0.0033060995796357737,1.0930294430467839e-05,0.132161814957281,0.09150207849676593,0.08090823713416231,0.10350264630757568,0.09945277144797475
2013-12-13,0.00011314183815390217,1.2801075540843792e-08,0.08254072316595948,0.09171203380104384,0.07868364442100412,0.10340763432322983,0.10489612720289396
2013-12-16,0.006213248729592602,3.860445977578408e-05,0.10063922580294393,0.0993964175287281,0.08041693710217046,0.10280423113072032,0.10447074088633561
2013-12-17,0.0031859506199172468,1.0150281352551089e-05,0.10038380247384414,0.09839672373427003,0.08025241203137076,0.10251812206353493,0.10349495585203686
2013-12-18,0.016928649857517675,0.0002865791859984332,0.135535319624627,0.1322064397280055,0.10022732575823524,0.10745417627243382,0.08885856045454249
2013-12-19,0.0011564675499525661,1.337417194093291e-06,0.1296589473054959,0.12940152084694487,0.09945691331681308,0.10723324775607009,0.08884983986352159
2013-12-20,0.005799946776713581,3.3639382612710253e-05,0.12531925185941456,0.12070511388102315,0.09761035188123801,0.10751564360560499,0.0870265613782723
2013-12-23,0.0053284808340849565,2.8392707999210713e-05,0.12490069498528772,0.12257401898070473,0.09781356666024905,0.1071442976938053,0.09078604383376421
2013-12-24,0.0021886996013544104,4.790405944968955e-06,0.10810455766157066,0.11970023595845564,0.0977153547628575,0.10623299534728665,0.11839991771591407
2013-12-26,0.005071384486228314,2.5718940607157216e-05,0.04661417886051965,0.09555859296477039,0.09878384740373747,0.10566661803811736,0.1167787034900645
2013-12-27,5.415274406053013e-05,2.932519689285281e-09,0.03993521553621261,0.09044837584962662,0.09874767876996701,0.10559570105560333,0.11974069211524044
2013-12-30,0.00016319119028603563,2.663136458697309e-08,0.04224095632920929,0.0905078170927492,0.09865064037818791,0.10326354782257655,0.12321415315958632
2013-12-31,0.0047214604537120074,2.2292188815966395e-05,0.03980658754903663,0.08965234789418108,0.0984870410716993,0.10273251933570773,0.12889933312278698
2014-01-02,0.0096299290840877,9.273553416455815e-05,0.09417465160165739,0.1073031267454092,0.1042141772665319,0.1031543893548349,0.12642389431563958
2014-01-03,0.00016422643915160861,2.6970323316417005e-08,0.08305241322985232,0.07383532325419515,0.10422279343866424,0.0994526309074469,0.1474087706696122
2014-01-06,0.0029018752417512817,8.42087991868906e-06,0.0833440282477199,0.07588271476868384,0.10329401133462367,0.09989024350476358,0.15112701991792946
2014-01-07,0.006122728727392225,3.748780706923401e-05,0.10048623567935405,0.07646711321785662,0.09835173843735583,0.09164632438668052,0.14814058880913242
2014-01-08,0.0002180538345676544,4.7547474769658e-08,0.09072142464371528,0.07267376778851997,0.09820483393592648,0.0910869821290223,0.15780760660745513
2014-01-09,0.0006540809531455869,4.2782189326783945e-07,0.05224377038905472,0.07210557414300443,0.09680481524600015,0.09092943764837222,0.16534203991085328
2014-01-10,0.002718565269162933,7.39059712269893e-06,0.052945232761840606,0.06871366298265268,0.0851560953568057,0.0891992618298414,0.16510168090913133
2014-01-13,0.01339445049831658,0.00017941130415185326,0.11827709369533962,0.09674900372415406,0.09945277144797475,0.09047829907362918,0.16367611913684718
2014-01-14,0.010838724974644724,0.00011747795907598726,0.1385138357763784,0.11418516856102305,0.10489612720289396,0.09198789285442144,0.15870067580054106
2014-01-15,0.005375471632548384,2.889569527233239e-05,0.14329639449911288,0.11499976086657433,0.10447074088633561,0.09167256770050666,0.1585928765259239
2014-01-16,0.0012997281643976628,1.689293301328518e-06,0.14446494065246437,0.10241557033250027,0.10349495585203686,0.09177706918279739,0.15994183402754844
2014-01-17,0.004238583213641808,1.7965587658966118e-05,0.14720593861071576,0.10550402197963236,0.08885856045454249,0.09185614610421658,0.15924232449703843
2014-01-21,0.0029360416161522676,8.62034037177802e-06,0.09310367236094648,0.10443872193850619,0.08884983986352159,0.09118782542438075,0.16065415019398882
2014-01-22,0.00065102419821834,4.2383250666583247e-07,0.05899771274756213,0.10044960373840538,0.0870265613782723,0.091060031292843,0.16213842584648186
2014-01-23,0.008226642715419596,6.76776503671663e-05,0.06903988558230739,0.10952153482285845,0.09078604383376421,0.09264553680811113,0.1593280819870795
2014-01-24,0.021567364360497637,0.0004651512054584637,0.1535920418761877,0.152081052308435,0.11839991771591407,0.10326934698819884,0.13754721552660945
2014-01-27,0.004930634591372962,2.4311157473643613e-05,0.15314467340146304,0.14938542599989194,0.1167787034900645,0.10329476775830355,0.13559175716433639
2014-01-28,0.005936867346718801,3.524639389253594e-05,0.16544460881866396,0.1445618824419677,0.11974069211524044,0.10339344155932934,0.1348647168409137
2014-01-29,0.009651445903506136,9.315040802830537e-05,0.15675264383984977,0.13181329340148018,0.12321415315958632,0.10521748449514548,0.12861663271561583
2014-01-30,0.010544629852021637,0.00011118921871614586,0.20262283505455772,0.14358877210329943,0.12889933312278698,0.10723811938052888,0.12492267149369278
2014-01-31,0.005875355898529537,3.451980693438582e-05,0.13638580605250022,0.1439222456333082,0.12642389431563958,0.10778885139228994,0.12596814481440555
2014-02-03,0.02276288335645042,0.0005181488586993675,0.20956985053378083,0.17374457543353103,0.1474087706696122,0.11746309729983298,0.09413398910515128
2014-02-04,0.006980006928924908,4.872049672783972e-05,0.21290362740861757,0.18017550415153136,0.15112701991792946,0.11788303120046217,0.09380289607054262
2014-02-05,0.0012546813057694776,1.5742251790474013e-06,0.20751900203135232,0.17878304423143865,0.14814058880913242,0.11493413578131889,0.09229970773398637
2014-02-06,0.013100788280060236,0.00017163065355896363,0.21814289871526263,0.1991697233966479,0.15780760660745513,0.11478717515736354,0.08569231112090392
2014-02-07,0.012319322251555735,0.00015176570073767627,0.2351606882262236,0.18240839530261668,0.16534203991085328,0.11748389379365605,0.07892728889972182
2014-02-10,0.00183503462517634,3.367352075596071e-06,0.10024727764612498,0.17997575247192282,0.16510168090913133,0.1174217952732971,0.08303757850230709
2014-02-11,0.01088451570719343,0.00011847268218014049,0.10491304509331463,0.18532003985509307,0.16367611913684718,0.11836895716066545,0.07618317205090698
2014-02-12,0.0004942355201441217,2.442687493721305e-07,0.09622265451691062,0.1747514252997464,0.15870067580054106,0.11798824859487297,0.08856375379981792
2014-02-13,0.0051494763546202915,2.6517106726793487e-05,0.08403108649403215,0.1699391045833825,0.1585928765259239,0.1181165277559353,0.08794068934115301
2014-02-14,0.0055040406769014515,3.029446377298579e-05,0.06397556861124347,0.16452493336611776,0.15994183402754844,0.11829960223452235,0.09141727491209695
2014-02-18,0.001194886371898779,1.4277534417494271e-06,0.06595859566906849,0.08164790050047523,0.15924232449703843,0.11817404419817623,0.09427606505836728
2014-02-19,0.006643499313465917,4.413608312802211e-05,0.07781895112161671,0.1015209728699135,0.16065415019398882,0.11886068231243706,0.09299661289519266
2014-02-20,0.00588308748757605,3.4610718386473886e-05,0.0841488982857962,0.09688511092162608,0.16213842584648186,0.11835924799840264,0.09295440578493439
2014-02-21,0.001141345468772258,1.3026694790869653e-06,0.08216845260032733,0.08952770564341009,0.1593280819870795,0.11802655737577152,0.0942867269258803
2014-02-24,0.0055313125560556295,3.059541859277866e-05,0.08226365250612848,0.07643371699237284,0.13754721552660945,0.11846075143402551,0.0941624341824589
2014-02-25,0.0003786037128268398,1.4334077136626817e-07,0.08274353793075959,0.07806275582659741,0.13559175716433639,0.11847317845897105,0.0953714153280717
2014-02-26,5.426923578964201e-05,2.945149953191761e-09,0.0543337852716735,0.063671799659906,0.1348647168409137,0.11840511045589143,0.09935061853699205
2014-02-27,0.005233991766985285,2.7394669816869744e-05,0.0515264377694224,0.06584885012934455,0.12861663271561583,0.11878873430744978,0.09787621644119206
2014-02-28,0.002525989447404768,6.380622688400245e-06,0.04411327682711343,0.06365927426608488,0.12492267149369278,0.11867661872219878,0.09909315131806738
2014-03-03,0.007056983203814198,4.980101193891571e-05,0.07261347346410758,0.0735286616603678,0.12596814481440555,0.11929184139153912,0.09943170623828146
2014-03-04,0.013957363661039033,0.00019480800036649292,0.12169733019659815,0.09996589128579368,0.09413398910515128,0.12239350080111765,0.08941855767911092
2014-03-05,0.0009060111920684381,8.208562801532722e-07,0.12056862942186722,0.08866358431981693,0.09380289607054262,0.121911286685767,0.09001761868261367
2014-03-06,0.0022879475632694344,5.234704052270542e-06,0.1191092412134029,0.08669603532219408,0.09229970773398637,0.12007803156769385,0.08999008735678243
2014-03-07,0.00042487190980807806,1.8051613974396362e-07,0.1200375053046315,0.0853560650456467,0.08569231112090392,0.12002119336159747,0.09990980221481391
2014-03-10,0.0005311929768684965,2.82165978674415e-07,0.09498867934082067,0.0844472134226992,0.07892728889972182,0.11971665361465698,0.10707204869990093
2014-03-11,0.0049551009065518774,2.455302499411124e-05,0.04374412384821749,0.09056875442438475,0.08303757850230709,0.11767781855000987,0.1072495816319253
2014-03-12,0.00026745261377659487,7.153090061593242e-08,0.042791967938321,0.09049395080548016,0.07618317205090698,0.11736421287580594,0.1142073507400048
2014-03-13,0.011276695915549643,0.00012716387077177398,0.07960945104251409,0.10689697381771195,0.08856375379981792,0.119986632999835,0.13157924842235758
2014-03-14,0.0028124261559248184,7.909740882530051e-06,0.07335879744537112,0.10623951129863247,0.08794068934115301,0.11965312258541902,0.13496041891889335
2014-03-17,0.009003416404979989,8.106150696146279e-05,0.11817075380242559,0.11059091503842534,0.09141727491209695,0.12061458966713927,0.13392332170888488
2014-03-18,0.007112347497326885,5.0585486922732004e-05,0.12938930574904842,0.0913217699619548,0.09427606505836728,0.11661663248983906,0.13373388269240252
2014-03-19,0.005342947910179984,2.854709237089666e-05,0.13587969533576433,0.0949820578529924,0.09299661289519266,0.11720440756146981,0.138128374038016
2014-03-20,0.005822327875913983,3.3899501894645034e-05,0.10164975186457462,0.09952118913846601,0.09295440578493439,0.11720869156942337,0.1365716754252295
2014-03-21,0.003885885395281168,1.510010530525948e-05,0.1055650724718066,0.10106904876807715,0.0942867269258803,0.11712830034247584,0.13639767272843534
2014-03-24,0.004143789762971714,1.7170993599709172e-05,0.09566443272584507,0.10255633583920852,0.0941624341824589,0.11743501078951947,0.13618941642334667
2014-03-25,0.00473443220469666,2.2414848300868877e-05,0.08531965570536086,0.10367800491298905,0.0953714153280717,0.11737854891018888,0.13569709909948202
2014-03-26,0.007218315916440789,5.210408466954243e-05,0.09266144969558752,0.10966888650420692,0.09935061853699205,0.11838326526650343,0.13283669097438994
2014-03-27,0.0021109344739797665,4.4560443534362334e-06,0.07071309720831863,0.09363347260988629,0.09787621644119206,0.11847426562863986,0.13632743087321894
2014-03-28,0.004918431932501724,2.4190972674652645e-05,0.08600782675008309,0.09489791164253446,0.09909315131806738,0.11850746695864758,0.1357070452164345
2014-03-31,0.008160909586107469,6.660044527262078e-05,0.09893555976559686,0.09295512598894651,0.09943170623828146,0.11784632976820872,0.13358792799652197
2014-04-01,0.006608865724016467,4.36771061580797e-05,0.1033572663631042,0.09202824733015452,0.08941855767911092,0.11851311791011124,0.1318877259281508
2014-04-02,0.003341053207345575,1.1162636534314152e-05,0.062785601517603,0.0860491520761351,0.09001761868261367,0.11842595221390388,0.13130460436638777
2014-04-03,0.001324671162489856,1.7547536887322262e-06,0.057875631584853496,0.0837307645793374,0.08999008735678243,0.11794088602011936,0.13131826735495056
2014-04-04,0.011892400066448507,0.00014142917934046445,0.1279435968761457,0.10380598534618307,0.09990980221481391,0.12065985922121682,0.12387980419355542
2014-04-07,0.01111305391665442,0.00012349996735446815,0.1328549259386574,0.11687085033974813,0.10707204869990093,0.12291490457404312,0.12117826317747717
2014-04-08,0.004114185477272748,1.6926522141401988e-05,0.12240385667146071,0.11611876417267537,0.1072495816319253,0.12307328666256552,0.12200119334581717
2014-04-09,0.010693171535681544,0.00011434391749150998,0.1546884488202075,0.12239917807035783,0.1142073507400048,0.12163420733253648,0.1162908947730086
2014-04-10,0.021229043472894758,0.0004506722867740555,0.2060142590035214,0.16634972863899447,0.13157924842235758,0.12766609582374328,0.08448961353302889
2014-04-11,0.009049761256630564,8.18981788020116e-05,0.20173647367345265,0.16774281602196445,0.13496041891889335,0.12850500746222762,0.08013459140144107
2014-04-14,0.007847486629593173,6.158304640164363e-05,0.21205974792497775,0.1672089088269274,0.13392332170888488,0.12953790893195116,0.07742518988756258
2014-04-15,0.006863850367953336,4.711244187365314e-05,0.21749496885133465,0.16758951817382958,0.13373388269240252,0.13000601256362698,0.07848273288744852
2014-04-16,0.0104237483730814,0.00010865453014531711,0.2165909083880629,0.17758997347097166,0.138128374038016,0.13159368129671015,0.07854345389254178
2014-04-17,0.0013953330909949573,1.946954434825542e-06,0.12298402340469033,0.17817481584203082,0.1365716754252295,0.13161223473327366,0.07925141079407318
2014-04-21,0.0034815383950507917,1.2121109596212842e-05,0.05683571068817931,0.16879679464479705,0.13639767272843534,0.13057025778095765,0.07934615155671254
2014-04-22,0.004534621714106694,2.056279409004793e-05,0.05489317140340954,0.15692099974548956,0.13618941642334667,0.12247200312937322,0.08127593878695831
2014-04-23,0.0023448566954671693,5.498352922277213e-06,0.07428906244470307,0.15772557563296655,0.13569709909948202,0.12206092931409347,0.08611408561391766
2014-04-24,0.002025178159327473,4.101346577017012e-06,0.04177314145637674,0.14897175667545187,0.13283669097438994,0.12163874648101122,0.08622410239693266
2014-04-25,0.008232755583642205,6.777826449999191e-05,0.08324826744458712,0.10349532646674545,0.13632743087321894,0.12114840452749549,0.08060623312653258
2014-04-28,0.0031624996512085,1.0001404043893884e-05,0.08240836462126604,0.08439063420503737,0.1357070452164345,0.11957082011338617,0.08229260967375208
2014-04-29,0.004643991674013389,2.1566658668305675e-05,0.08280452074975893,0.08059555403424482,0.13358792799652197,0.11901590181759125,0.08154004030013023
2014-04-30,0.002978452007463531,8.871176360763538e-06,0.08253537937358625,0.07711882265800214,0.1318877259281508,0.10832600670987828,0.08261736359261193
2014-05-01,0.00010646475450656762,1.133474395214371e-08,0.08203264323711136,0.062307763127934866,0.13130460436638777,0.10772099095713321,0.0825579929139031
2014-05-02,0.0014345517290498002,2.0579386633197714e-06,0.03938516752285945,0.06363297599726583,0.13131826735495056,0.10773955321639896,0.08199628800443837
2014-05-05,0.0019120139860621778,3.655797482897378e-06,0.03781166647384899,0.062318820251869564,0.12387980419355542,0.10488837443876665,0.08219779389514462
2014-05-06,0.00874193872924301,7.642149274583887e-05,0.0734580618517385,0.07416652239395953,0.12117826317747717,0.1041189236632983,0.07343161714772775
2014-05-07,0.005872047342813569,3.44809399962439e-05,0.08533281755266214,0.0799737234792568,0.12200119334581717,0.10463114483317432,0.07393883927504942
2014-05-08,0.0010650200517397313,1.1342677106076998e-06,0.08525055820780297,0.07953384867131887,0.1162908947730086,0.10255062115070825,0.07392702513424836
2014-05-09,0.0014906907794214309,2.222158999852073e-06,0.08616875601548521,0.0653362877887598,0.08448961353302889,0.10256708504001422,0.07398923419142335
2014-05-12,0.009688914499289098,9.38750641745345e-05,0.11158458123361056,0.07856113619775133,0.08013459140144107,0.10384033651422342,0.06836532213438451
2014-05-13,0.0008954708599393653,8.018680610005463e-07,0.06897341943886567,0.07665140838676823,0.07742518988756258,0.1033542128984517,0.07061421492678754
2014-05-14,0.004749391741669626,2.2556721915839647e-05,0.08428111607556306,0.08122719553352993,0.07848273288744852,0.10392515087914427,0.07371305415400839
2014-05-15,0.008818999860127906,7.777475853293602e-05,0.11134373861420067,0.09354592473404823,0.07854345389254178,0.10465724960003488,0.06374278710418387
2014-05-16,0.0034625077084923946,1.1988959631369254e-05,0.11418384086139248,0.09538096635667401,0.07925141079407318,0.10423899863884263,0.06349802228004299
2014-05-19,0.0036628401186313713,1.3416397734655478e-05,0.08708711930070777,0.09676140248909679,0.07934615155671254,0.10439508403403368,0.06319917557939948
2014-05-20,0.0063248592709001265,4.000384479669128e-05,0.09158394628666913,0.09112488616213081,0.08127593878695831,0.10478496626987732,0.05894962989120164
2014-05-21,0.00838901736442337,7.037561234059682e-05,0.11598501385759695,0.0960888522695801,0.08611408561391766,0.1060716671739965,0.05441406585779935
2014-05-22,0.002428822415684918,5.899178326933521e-06,0.08500160925732941,0.09592999179867018,0.08622410239693266,0.1061448796073603,0.05438160906221938
2014-05-23,0.004000781725521494,1.600625441526674e-05,0.08554014006237037,0.0971007420268614,0.08060623312653258,0.10593962309036604,0.054309264198905444
2014-05-27,0.0061274334190039095,3.754544030432594e-05,0.08947452618502548,0.0898209733122593,0.08229260967375208,0.1064931136330434,0.05811222634240886
2014-05-28,0.0007306271668250525,5.338160569028032e-07,0.05534924250736622,0.09019713856549884,0.08154004030013023,0.10534989536972633,0.058938822690248784
2014-05-29,0.005159412028202855,2.66195324767643e-05,0.04267009610365664,0.0869546333544062,0.08261736359261193,0.10209234604388896,0.05754168870248661
2014-05-30,0.0016100816679103169,2.592362977340868e-06,0.044208794559957854,0.06432571761973528,0.0825579929139031,0.102114686559079,0.05759814135292985
2014-06-02,0.001141340062806777,1.3026571389677775e-06,0.04571689624789153,0.06468898912618212,0.08199628800443837,0.10205621628781185,0.05786033513106126
2014-06-03,0.0005187529195565762,2.6910459154847165e-07,0.03760154590996393,0.06605963397826846,0.08219779389514462,0.1020769615329331,0.06096076686241336
2014-06-04,0.0020211226529745284,4.084936778366796e-06,0.032867241743350435,0.04656622016092617,0.07343161714772775,0.10210399261234011,0.06091280720186203
2014-06-05,0.0065005673213171565,4.225737549897651e-05,0.041528749026421743,0.041042039548639754,0.07393883927504942,0.10218263815152002,0.05934071862525006
2014-06-06,0.004771409588736188,2.2766349463483642e-05,0.04486560864070927,0.04215987383882049,0.07392702513424836,0.10251680112060561,0.05997535989393587
2014-06-09,0.001023068889008767,1.0466699516576328e-06,0.04514525640813119,0.04284151684774341,0.07398923419142335,0.09939012641119256,0.06521384671934195
2014-06-10,0.00010212504244969418,1.0429524295351838e-08,0.04243894905345717,0.03996666725009847,0.06836532213438451,0.09909365392590722,0.06677027418964109
2014-06-11,0.0034821457342423894,1.2125338914502469e-05,0.06265436629378063,0.0471752700762412,0.07061421492678754,0.09810277884758899,0.06718505866938952
2014-06-12,0.007105144264381089,5.0483075017667484e-05,0.07188863165660651,0.0610845451388367,0.07371305415400839,0.09853665625563997,0.060714439344915924
2014-06-13,0.003043730872406568,9.264297623640849e-06,0.06383976743892526,0.062158660237448884,0.06374278710418387,0.09787751460315812,0.06198021829150635
2014-06-16,0.0008236724670476611,6.784363329723803e-07,0.0634000417187887,0.06212306800648481,0.06349802228004299,0.09730054146447993,0.06288731091268025
2014-06-17,0.0027759163950649736,7.705711832390519e-06,0.06971506583397998,0.06248712934905495,0.06319917557939948,0.09693296992738672,0.06331620287164115
2014-06-18,0.007312642649754301,5.34747425230056e-05,0.08408228028234482,0.06999124853618795,0.05894962989120164,0.0973027197621204,0.07290244864670206
2014-06-19,0.0011205323876927937,1.2555928318685133e-06,0.04118099634525319,0.0643791580675356,0.05441406585779935,0.09698309137515197,0.08118636431539188
2014-06-20,0.002028049233053402,4.112983691688493e-06,0.04176396728492642,0.06132588492203667,0.05438160906221938,0.09552323440555584,0.08142577219532839
2014-06-23,0.0003059360936669368,9.359689340818474e-08,0.045733612348966675,0.06153138200736722,0.054309264198905444,0.0953403854250083,0.08259182201026877
2014-06-24,0.006042757909534671,3.6514923153243827e-05,0.07616011592269184,0.0701410294469168,0.05811222634240886,0.09609403321354655,0.07891821919719322
2014-06-25,0.004509578139050807,2.0336294992204935e-05,0.06248310524675851,0.07045067554489733,0.058938822690248784,0.09520077523038292,0.07786977124568668
2014-06-26,0.0007159462668274386,5.125790569841459e-07,0.06225298582334063,0.056194765470017956,0.05754168870248661,0.09448130567496987,0.08012876596630138
2014-06-27,0.0019424309340788628,3.7730379336664836e-06,0.06207083231169321,0.055591646010049456,0.05759814135292985,0.09435799449605133,0.07996771960685228
2014-06-30,0.0005108604058381752,2.60978354253145e-07,0.06212600460000146,0.05634056241489683,0.05786033513106126,0.09429882863144454,0.08172175065207192
2014-07-01,0.006670891699743986,4.4500796069713205e-05,0.0508729530559369,0.06243253768996328,0.06096076686241336,0.09134324453189503,0.07819537945151774
2014-07-02,0.0010147664148725697,1.0297508767533284e-06,0.04759761013198256,0.053692632510230334,0.06091280720186203,0.08778387047058925,0.10525719208792088
2014-07-03,0.0049059392020334896,2.4068239454048994e-05,0.04648748423666897,0.05723355395167648,0.05934071862525006,0.08791080222773712,0.10304293519630515
2014-07-07,0.0034874463415303235,1.2162281985053237e-05,0.06509183086398096,0.06190908510299863,0.05997535989393587,0.08616997387461052,0.10714918349666977
2014-07-08,0.0064504842541893885,4.160874711354523e-05,0.08765597437376323,0.07186135233513245,0.06521384671934195,0.07442064237278603,0.11000115340889659
2014-07-09,0.004474077565287276,2.001737006020692e-05,0.07891269060070756,0.06545452855178405,0.06677027418964109,0.07154782179380864,0.10818637916802272
2014-07-10,0.003965044686400105,1.5721579365149708e-05,0.0830521980182195,0.06738125984885336,0.06718505866938952,0.07113413617420504,0.10878844032659886
2014-07-11,0.0013741751724482424,1.8883574045731566e-06,0.07028958220911023,0.06723934362573794,0.060714439344915924,0.07016940552049374,0.11774912341447595
2014-07-14,0.0050230187528574445,2.5230717391557557e-05,0.08110973775126942,0.07065698058219326,0.06198021829150635,0.0679643994244315,0.11657398291858993
2014-07-15,0.0018742354105066392,3.5127583739969905e-06,0.0621475300591154,0.07174498304979152,0.06288731091268025,0.06822864597327973,0.11653711369687443
2014-07-16,0.003694191160284613,1.3647048328724977e-05,0.05960047008465812,0.06623249823051817,0.06331620287164115,0.0682627735873415,0.11863415789107631
2014-07-17,0.01143082603141315,0.0001306637837604325,0.10436119342562454,0.088943742203046,0.07290244864670206,0.07246907657161344,0.11314872013778575
2014-07-18,0.010167335059998558,0.00010337470222227588,0.13047138236127329,0.10140024963120907,0.08118636431539188,0.07468276242574619,0.1066034070823393
2014-07-21,0.0018733804229692924,3.509554209164605e-06,0.12658887230909657,0.10027368935544463,0.08142577219532839,0.07487413978715664,0.11094644918546646
2014-07-22,0.0043486194361327096,1.8910491000311166e-05,0.12928028346462836,0.09562846458344681,0.08259182201026877,0.07272627991177658,0.1114316897943487
2014-07-23,0.0022175598687405526,4.917571771448617e-06,0.1277439492192133,0.09398580901187176,0.07891821919719322,0.0726382452354265,0.11155948889616737
2014-07-24,5.022485462319495e-05,2.5225360219210673e-09,0.07371443655493257,0.09041756207539915,0.07786977124568668,0.07228933420339638,0.11201408478064166
2014-07-25,0.00469256263882188,2.2020144119266965e-05,0.05576437738752047,0.09504394062590071,0.08012876596630138,0.07310659809028346,0.11073792779645025
2014-07-28,0.000404632277942257,1.6372728035273991e-07,0.05320334778616875,0.09174616831856423,0.07996771960685228,0.07309546031326188,0.11198184135206411
2014-07-29,0.004306490424588051,1.854585977706857e-05,0.048699151171608716,0.09399733973549661,0.08172175065207192,0.07372107494061671,0.1104716631750999
2014-07-30,0.00015233772281928623,2.320678179376568e-08,0.040990982306340636,0.09160091943616988,0.07819537945151774,0.07370095125048826,0.11053529050558224
2014-07-31,0.01994594885258715,0.0003978408756300227,0.13220180698544406,0.1242257174083949,0.10525719208792088,0.08291098902329269,0.07919844021065772
2014-08-01,0.003060424805013253,9.366199987140409e-06,0.13346966186266349,0.10635553518372926,0.10304293519630515,0.08252039237669322,0.07714601625295094
2014-08-04,0.00719518296581339,5.177065791153117e-05,0.15831266595427407,0.11742550624439907,0.10714918349666977,0.08358735092202908,0.07520045975178018
2014-08-05,0.009743517943744126,9.493614192006377e-05,0.16360777040191873,0.11819301900666211,0.11000115340889659,0.08621816269141767,0.06267657109382453
2014-08-06,0.00031248903780283757,9.764939874694325e-08,0.16393409795591596,0.11612911890655996,0.10818637916802272,0.08403340153716736,0.06366947080045389
2014-08-07,0.005429406231908934,2.9478452031091572e-05,0.10122444137310214,0.11487006307201338,0.10878844032659886,0.0848310442224672,0.05760782339253394
2014-08-08,0.011502157201894294,0.00013229962029708876,0.13876312071859243,0.1381877085084197,0.11774912341447595,0.08730509748511046,0.04982158692077613
2014-08-11,0.002894197115150503,8.376376941345495e-06,0.1292445181907525,0.1400998547196946,0.11657398291858993,0.08527343740145935,0.05750887473998706
2014-08-12,0.0013945940652293886,1.944892606773032e-06,0.10032476762875152,0.1395440269883809,0.11653711369687443,0.08516752774677579,0.05708860092120354
2014-08-13,0.006746508349139709,4.551537490501181e-05,0.10548152175130274,0.14584731575452176,0.11863415789107631,0.08587911195788508,0.05384142416099015
2014-08-14,0.004710319631278535,2.2187111028807953e-05,0.07558285977204957,0.10275781903316464,0.11314872013778575,0.08504686790682285,0.058077963834966155
2014-08-15,0.00020426137996134354,4.172271134371236e-08,0.053564358095619075,0.10027757115407213,0.1066034070823393,0.08357971778551587,0.05824328787099037
2014-08-18,0.008344464011053246,6.963007963176284e-05,0.06784074604013546,0.10220171164151155,0.11094644918546646,0.08498477541311555,0.0568742268247461
2014-08-19,0.005204967464766279,2.7091686309275505e-05,0.05109406649383458,0.0802182037371995,0.1114316897943487,0.08521708189355486,0.054495734149249436
2014-08-20,0.002668250503130821,7.119560747457879e-06,0.05030959304094004,0.07864363528261353,0.11155948889616737,0.08458057344445503,0.0566037099984549
2014-08-21,0.0029116957561215883,8.477972176216468e-06,0.05065498981545282,0.06136085738905847,0.11201408478064166,0.08464467906371319,0.056266036515128806
2014-08-22,0.0015553317402649711,2.4190568222756636e-06,0.057767144997576875,0.05313572389310161,0.11073792779645025,0.08427598727793495,0.06319155680311961
2014-08-25,0.005057793304846858,2.5581273114553706e-05,0.043375281330088944,0.05407955618264732,0.11198184135206411,0.08473687795067356,0.06385583963540895
2014-08-26,0.0006493143994383301,4.216091893179593e-07,0.03974828146608799,0.049983742958798046,0.1104716631750999,0.08473237271698929,0.07003273197472475
2014-08-27,0.0003995210447342602,1.5961706518555473e-07,0.04213319927017496,0.04967284539351032,0.11053529050558224,0.08472534222292523,0.09089766473636869
2014-08-28,0.0005497765723998749,3.0225427955975485e-07,0.0411151569178565,0.05083197856552242,0.07919844021065772,0.0847194403802377,0.09597200550489193
2014-08-29,0.0028445444506514086,8.091433131731725e-06,0.03806327306246737,0.04904552973009337,0.07714601625295094,0.08397254080539078,0.09535233301143248
2014-09-02,0.0004987819277569265,2.4878341145691585e-07,0.022986066050956804,0.03860841185232181,0.07520045975178018,0.083549960404208,0.09563451490109404
2014-09-03,0.0005484184520948481,3.0076279859810917e-07,0.023757480719269253,0.03426392887420122,0.06267657109382453,0.08357161006394205,0.10613607362402094
2014-09-04,0.0014476203197047726,2.095604590022148e-06,0.02636176285949137,0.03506800155266928,0.06366947080045389,0.08366292931146062,0.10626367443809577
2014-09-05,0.00448552064903894,2.0119895492954717e-05,0.040612502875404986,0.03862426897166543,0.05760782339253394,0.08364965455619137,0.11314075002379764
2014-09-08,0.002588859827951914,6.702195208783213e-06,0.04303403298072424,0.04068527389594102,0.04982158692077613,0.0823750016933726,0.11297540979995592
2014-09-09,0.006351682302553408,4.0343868072570155e-05,0.06211330534219574,0.04638610190646089,0.05750887473998706,0.08346471031731159,0.1231837581503568
2014-09-10,0.0037554516297849637,1.410341694365454e-05,0.07206873383400716,0.05083673376140441,0.05708860092120354,0.0837262121855917,0.13901140748750934
2014-09-11,0.0011488890022439873,1.3199459394771846e-06,0.07211507109757913,0.051199750995077876,0.05384142416099015,0.08360929038548463,0.1548445375807014
2014-09-12,0.0058577966832062895,3.4313781981782606e-05,0.06974175931944954,0.05917986549905127,0.058077963834966155,0.08340987793104451,0.15810317258835496
2014-09-15,0.000753971794458571,5.684734668390775e-07,0.06994681560353229,0.056155258643254234,0.05824328787099037,0.08342165823617304,0.16623835569465803
2014-09-16,0.007510265796105975,5.6404092328159316e-05,0.07936266675995872,0.07024557276446862,0.0568742268247461,0.08465683156693848,0.16265986355918657
2014-09-17,0.0013458168635620375,1.81122303024796e-06,0.07617892965987051,0.0705234909936129,0.054495734149249436,0.08466719879731766,0.16229989471767875
2014-09-18,0.005315886739619714,2.8258651828464715e-05,0.08321819745431663,0.07436967451319614,0.0566037099984549,0.08416871362799963,0.15932064611213287
2014-09-19,0.0009013909517431455,8.125056478844137e-07,0.059673084773934466,0.07176774842501095,0.056266036515128806,0.08382462288524634,0.1684076550615306
2014-09-22,0.007752995471132697,6.01089387754041e-05,0.09435210668277878,0.08153018419814433,0.06319155680311961,0.08548773153718402,0.1733595676555904
2014-09-23,0.005740713511834591,3.2955791624960244e-05,0.08399476001512586,0.08029916094216955,0.06385583963540895,0.08633809312343045,0.1892693977915313
2014-09-24,0.007797550461895058,6.080179320579983e-05,0.10725845607801629,0.088053741831895,0.07003273197472475,0.0876884332859073,0.18747253503367992
2014-09-25,0.016267377318306908,0.00026462756481616603,0.14081538969218946,0.12034409787241672,0.09089766473636869,0.0931165530996851,0.1848981974082967
2014-09-26,0.0079142634872158,6.26355665450772e-05,0.16680573847223207,0.12619426078837814,0.09597200550489193,0.09449496737345241,0.1847525656335224
2014-09-29,0.0018210334620218042,3.3161628698031177e-06,0.16094409034849266,0.12644991145962947,0.09535233301143248,0.09404868899569722,0.18471298514741394
2014-09-30,0.0026354663471630083,6.9456828670287306e-06,0.15741049753784228,0.11903284339698178,0.09563451490109404,0.09392902693512693,0.18908111383827042
2014-10-01,0.013644621223108742,0.00018617568832210953,0.1554841711868453,0.13278512589408728,0.10613607362402094,0.09715288368471132,0.18193963325001059
2014-10-02,0.0001543245110086313,2.3816054698053166e-08,0.12269838666051562,0.12635275336987822,0.10626367443809577,0.09668957725063283,0.18291808279704536
2014-10-03,0.010949217744453125,0.00011988536921544718,0.13897075356934785,0.1452205999211277,0.11314075002379764,0.09898364943192872,0.1832196390758838
2014-10-06,0.0011715891568079852,1.3726211523500458e-06,0.13892312682751015,0.1417703217339024,0.11297540979995592,0.09898040822263547,0.18301481614613874
2014-10-07,0.015556377528687782,0.0002420008818150622,0.1730246994114793,0.15775671720447085,0.1231837581503568,0.10344916304728397,0.17293617173724316
2014-10-08,0.01733830925873017,0.0003006169679513683,0.2002417741328549,0.18067769876619566,0.13901140748750934,0.10950996290234229,0.16414906317273129
2014-10-09,0.02003241204505753,0.000401297532342966,0.25729628512572267,0.1900544925891835,0.1548445375807014,0.1166778382446139,0.14332015985615415
2014-10-10,0.011480048637849427,0.0001317915167273885,0.23627051101046323,0.1870669693811836,0.15810317258835496,0.11669781460510197,0.13355122680288384
2014-10-13,0.01656339453717571,0.0002743460385941421,0.2409355316711612,0.19709249015414837,0.16623835569465803,0.11922091772994986,0.11122673414417228
2014-10-14,0.0015461350748112053,2.3905336695614514e-06,0.24335352557275475,0.1997540053895419,0.16265986355918657,0.11929707616452638,0.11142644579034654
2014-10-15,0.006788967371479291,4.6090077971010434e-05,0.13454504944815007,0.19418584669083838,0.16229989471767875,0.11944467265203607,0.10564498595857051
2014-10-16,0.0008589948618657192,7.37872172711706e-07,0.11830932735832192,0.19362120598409407,0.15932064611213287,0.11926328327168717,0.10453989133164321
2014-10-17,0.011741678550489416,0.00013786701518302325,0.16603224702792982,0.19539710586874745,0.1684076550615306,0.12207419112978654,0.10204786500333304
2014-10-20,0.009663174663611123,9.337694457945593e-05,0.12131954955368428,0.2072805119676314,0.1733595676555904,0.12365356124416191,0.10044253269048849
2014-10-21,0.019617114387551524,0.000384831176894281,0.16651939561489287,0.2227211158824596,0.1892693977915313,0.1303793831001782,0.08129018620610105
2014-10-22,0.007136363353964909,5.092768191981329e-05,0.16829773091282543,0.20373862496807146,0.18747253503367992,0.13088441860364008,0.0743311342695833
2014-10-23,0.011557904756791202,0.00013358516236705668,0.1562582003140379,0.18657173422148848,0.1848981974082967,0.13311602067520947,0.06745113087495415
2014-10-24,0.007665452006319911,5.8759154461193955e-05,0.15456866319299573,0.17471813552400406,0.1847525656335224,0.12743671210011007,0.06564127607146368
2014-10-27,0.0013751705674756587,1.8910940896513252e-06,0.16762935044792346,0.14022273341933067,0.18471298514741394,0.1272900315123067,0.06398784954780819
2014-10-28,0.011404655138315995,0.00013006615882391745,0.13219794445023367,0.14298938072004658,0.18908111383827042,0.12853724160337124,0.05625117518212471
2014-10-29,0.0015129271694542944,2.2889486200729833e-06,0.10430468301970677,0.132295414806472,0.18193963325001059,0.12684170553861496,0.05457020853810435
2014-10-30,0.006390078655659538,4.083310522551561e-05,0.09117090350913781,0.12653379128123912,0.18291808279704536,0.1273934088158957,0.05457431073267036
2014-10-31,0.011370528377649994,0.0001292889155869438,0.10234760347282057,0.1261411679185418,0.1832196390758838,0.12858772077667024,0.05120097154502367
2014-11-03,0.0005454830734937438,2.975517834681811e-07,0.09516475894592916,0.12855529375083063,0.18301481614613874,0.12670516815737515,0.0546600375275424
2014-11-04,0.003475364770507256,1.2078160288082952e-05,0.09698854421938338,0.11029415186536602,0.17293617173724316,0.12692723843753087,0.05230673015317409
2014-11-05,0.0062962124014247145,3.964229060385437e-05,0.09149231116737365,0.09315654228372512,0.16414906317273129,0.12736520799317547,0.05017588590130715
2014-11-06,0.003995457282230832,1.596367889413138e-05,0.08948023076954227,0.08540552045509119,0.14332015985615415,0.12694250445141284,0.04918237298840315
2014-11-07,0.0009346246168285765,8.735231743819634e-07,0.05891191795018043,0.08428122991936464,0.13355122680288384,0.12667797275660278,0.056602899485455854
2014-11-10,0.0031424862561788853,9.875219870273187e-06,0.058703262208834685,0.07996913591396802,0.11122673414417228,0.12676035737415584,0.056126263749742576
2014-11-11,0.0009796422497679099,9.59698937530332e-07,0.03567316192773844,0.06897770925357566,0.11142644579034654,0.1257746274783548,0.08174786869395452
2014-11-12,0.0010778318685337853,1.161721536827031e-06,0.03186360129811601,0.0682347839472947,0.10564498595857051,0.12546017249342598,0.08379914399689899
2014-11-13,0.0011270110971610778,1.2701540131242164e-06,0.023713943899983513,0.06579036195487192,0.10453989133164321,0.12538820160496347,0.10174093317332691
2014-11-14,0.00024522488619292405,6.013524480833256e-08,0.02436850393524638,0.04299496049692853,0.10204786500333304,0.12528941673562957,0.10388738647017928
2014-11-17,0.0006363243466484506,4.0490867413757747e-07,0.014035065186828123,0.042954421173628174,0.10044253269048849,0.12521865273333088,0.10642846297002202
2014-11-18,0.005757264586490578,3.3146095518858527e-05,0.04131732543990095,0.03917036883564013,0.08129018620610105,0.12533541323639844,0.12784712017730152
2014-11-19,0.0016068468668138903,2.581956853389616e-06,0.04338466129179137,0.03601407564540175,0.0743311342695833,0.1254105261733737,0.1562468028274968
2014-11-20,0.0017524026501981723,3.070915048421578e-06,0.04351648033762993,0.033158094378902034,0.06745113087495415,0.12542363246124102,0.15678739412729295
2014-11-21,0.005336840070090361,2.8481861933722093e-05,0.049870932527697136,0.03905259975922988,0.06564127607146368,0.12578973384737213,0.1565040201205437
2014-11-24,0.0028019295515093368,7.850809211621313e-06,0.047423606844059614,0.03871910451569669,0.06398784954780819,0.1257865360411578,0.1563012057400084
2014-11-25,0.0007238769392696001,5.239978232063242e-07,0.04424794090346869,0.04038590006963698,0.05625117518212471,0.12579587876333412,0.15625055771288698
2014-11-26,0.002555594702861388,6.531064285293186e-06,0.03457347745295446,0.03813766882743008,0.05457020853810435,0.12583471353753434,0.15638776150409947
2014-11-28,0.002121295078846646,4.499892811538998e-06,0.04733536428355129,0.04290280494011649,0.05457431073267036,0.12589048979127193,0.1561103576022071
2014-12-01,0.006974051188606794,4.863738998130783e-05,0.06352868300298234,0.060386160695571706,0.05120097154502367,0.12658779541682186,0.15517902775472012
2014-12-02,0.006443314321276876,4.151629944277169e-05,0.07999478645615062,0.06679881695241222,0.0546600375275424,0.12701168772349292,0.15806297254900079
2014-12-03,0.0038554229337970994,1.4864285998448633e-05,0.08445735659852484,0.06388172198669625,0.05230673015317409,0.12634319715987893,0.15737240471842362
2014-12-04,0.001106673838809481,1.224726985505313e-06,0.0835264367480431,0.06332824093121665,0.05017588590130715,0.1262469126175018,0.1697510218712625
2014-12-05,0.0016352798979063928,2.6741403444967427e-06,0.08169870289561301,0.06330142438871021,0.04918237298840315,0.12625826177984703,0.17187189912857578
2014-12-08,0.006704724791860481,4.4953334534588577e-05,0.08009691759618622,0.06965202386304895,0.056602899485455854,0.126458103432439,0.1777995959230339
2014-12-09,0.0006776983900650929,4.5927510789681874e-07,0.06268807250175941,0.06785228301733176,0.056126263749742576,0.12645447412676583,0.18938062666769792
2014-12-10,0.016161573024981436,0.0002611964426418076,0.11352389978165106,0.10442857053696555,0.08174786869395452,0.13025283679381253,0.1821704677468783
2014-12-11,0.005057142172281849,2.5574686950671578e-05,0.13235540968297907,0.10812392262054546,0.08379914399689899,0.1306018312027535,0.18369158290200754
2014-12-12,0.01629325717222605,0.00026547022928029567,0.1497014786446407,0.13078941825596935,0.10174093317332691,0.13454884809606918,0.17390607749002113
2014-12-15,0.006893254184294233,4.751695324928995e-05,0.14968752318054132,0.13072289267253873,0.10388738647017928,0.1352788178383109,0.17345417647057015
2014-12-16,0.008051769673132123,6.483099486917017e-05,0.13884711086692583,0.12103362111234264,0.10642846297002202,0.135352384610243,0.1742630339468002
2014-12-17,0.01941483998466521,0.00037693601163015503,0.2204174582496448,0.16751111328525892,0.12784712017730152,0.14059442837042427,0.16639344733635944
2014-12-18,0.024427879195232982,0.0005967212819768964,0.2883421044934538,0.21717925075140512,0.1562468028274968,0.1482947884815764,0.14015048348322925
2014-12-19,0.004246065368130428,1.802907111043659e-05,0.23603590809968475,0.2182653762679725,0.15678739412729295,0.14423703905509358,0.14056077470476397
2014-12-22,0.004589544518290726,2.1063918885372456e-05,0.2068679410215328,0.21614161360657122,0.1565040201205437,0.14370980935914718,0.1500865255921489
2014-12-23,0.0013486425273583568,1.8188366665995361e-06,0.1647408342403775,0.21594947226907998,0.1563012057400084,0.14360224034297991,0.1510345642491506
2014-12-24,9.640140310080602e-05,9.293230519804092e-09,0.15809008442419867,0.19369317004845238,0.15625055771288698,0.143421421370962,0.15139545156110548
2014-12-26,0.0032192707899344106,1.0363704418924925e-05,0.030571548543298237,0.19331130995114534,0.15638776150409947,0.14020614818988125,0.15714763364558657
2014-12-29,0.0013424591700235248,1.8021966231802512e-06,0.028176197309647565,0.16290377128714922,0.1561103576022071,0.1401873346583634,0.16193331341235362
2014-12-30,0.005380328833646454,2.8947938358167413e-05,0.051965367359220874,0.16012718252891725,0.15517902775472012,0.13936776524938843,0.1662291085464449
2014-12-31,0.009972534711146931,9.945144856503041e-05,0.0861106536974572,0.16457980227888339,0.15806297254900079,0.14111129068144923,0.16832957409922114
2015-01-02,0.0005354053855392882,2.866589268644738e-07,0.08518927480972845,0.1423623277356237,0.15737240471842362,0.13694407593834165,0.17533753023436377
2015-01-05,0.01822465443009007,0.00033213802909620163,0.12495708557688846,0.11554098985345748,0.1697510218712625,0.13833059562788044,0.17062480893677615
2015-01-06,0.009463838918694628,8.95642470789991e-05,0.10367204653320415,0.1155288211387342,0.17187189912857578,0.1332263914933126,0.16727763389610475
2015-01-07,0.012384315968404688,0.00015337128200528335,0.1847111008801848,0.13535512961250556,0.1777995959230339,0.13288954882080473,0.1653702462859178
2015-01-08,0.017589507888152105,0.0003093907877473651,0.23601001908369118,0.1687752636024772,0.18938062666769792,0.13193963913977141,0.15353975304263104
2015-01-09,0.008045471414195123,6.472961027663088e-05,0.24368250045454914,0.17234793971762907,0.1821704677468783,0.13343083509882858,0.15159965601716532
2015-01-12,0.007864842954754302,6.185575470294838e-05,0.20616706366534385,0.17245579311092432,0.18369158290200754,0.13373417646420394,0.15290480900582365
2015-01-13,0.0028164540470714664,7.932413399265242e-06,0.18982828452483885,0.17090383530054684,0.17390607749002113,0.13394054577294612,0.15224962351672774
2015-01-14,0.006055773595655372,3.667239384183679e-05,0.17211821447835726,0.1711748855055351,0.17345417647057015,0.1330626692790749,0.15249609796050553
2015-01-15,0.009202880913437834,8.469301710691839e-05,0.03959201798356876,0.1703766443648466,0.1742630339468002,0.13352545484634873,0.1467770017388648
2015-01-16,0.013029319324076414,0.00016976316204875107,0.1436576867196291,0.18896302753289185,0.16639344733635944,0.13020962566329777,0.14155469996014342
2015-01-20,0.002130036888338593,4.537057145683155e-06,0.1379114079232534,0.1658382726762831,0.14015048348322925,0.1291998933851493,0.14172556600014571
2015-01-21,0.005035442855091558,2.5355684746892617e-05,0.141128796661043,0.15804785310287128,0.14056077470476397,0.1275794643620101,0.1415391034273505
2015-01-22,0.01476135378574611,0.000217897565587961,0.15259363637269818,0.1629558765650573,0.1500865255921489,0.13002193924775993,0.1339998406450404
2015-01-23,0.005497453023301405,3.022198974340576e-05,0.13143585883890857,0.140160860225895,0.1510345642491506,0.1306022039332463,0.13176263820634965
2015-01-26,0.0023386135914375693,5.469113530056526e-06,0.11584962273049203,0.1339667269286033,0.15139545156110548,0.12877390625145002,0.13181653583728903
2015-01-27,0.01327824017330445,0.0001763116620999562,0.16893461453404537,0.14576474802230585,0.15714763364558657,0.13184753609401742,0.1201737835912408
2015-01-28,0.01290725610230134,0.00016659726009039518,0.18681485454446808,0.15946773105318765,0.16193331341235362,0.13406348588075562,0.10720139154518846
2015-01-29,0.009201057598852442,8.465946093740026e-05,0.15515436447604353,0.16415250701358847,0.1662291085464449,0.13336018010855305,0.10645295373533868
2015-01-30,0.0126547486941332,0.0001601426645116659,0.1672701450116463,0.17068601685504453,0.16832957409922114,0.13589951720246438,0.09186532615290964
2015-02-02,0.012308147135335607,0.00015149048590507011,0.20684559016850668,0.16920207120019173,0.17533753023436377,0.13805803574604636,0.0883370285832187
2015-02-03,0.01435749140060764,0.00020613755931852236,0.21705016972344612,0.1837311392872809,0.17062480893677615,0.14055379459507278,0.07858247561329221
2015-02-04,0.0038150308304325422,1.4554460237150812e-05,0.18474144915290502,0.1841537811363243,0.16727763389610475,0.14058727862533563,0.07624273684170943
2015-02-05,0.010044592248115321,0.0001008938334308984,0.1863622313877983,0.17521806777609022,0.1653702462859178,0.14203219763711558,0.08796931300358742
2015-02-06,0.0027692425370918674,7.668704229239002e-06,0.1373008157561432,0.17334230268627043,0.15353975304263104,0.14204680400954287,0.08815332278043353
2015-02-09,0.004485824632727447,2.0122622635584334e-05,0.14061015301131438,0.174457516747863,0.15159965601716532,0.1423631469395216,0.10569792970919757
2015-02-10,0.010596826869599611,0.0001122927397042683,0.12224667818380594,0.16607684278309692,0.15290480900582365,0.14394240502008673,0.0983558606648806
2015-02-11,0.0005799173395122518,3.363041206669683e-07,0.11289411286340005,0.14462254767421154,0.15224962351672774,0.14393371942020872,0.10894799628793116
2015-02-12,0.009571155523451976,9.160701805410527e-05,0.11101267137460939,0.1450540676965377,0.15249609796050553,0.1451782758583546,0.10492737958777819
2015-02-13,0.004107535571666834,1.6871848472508386e-05,0.09984747612202975,0.11434976790850844,0.1467770017388648,0.145369497669225,0.11509846318615029
2015-02-17,0.001572708915390986,2.4734133325502915e-06,0.07269933717196769,0.10777944100354217,0.14155469996014342,0.14497889527971425,0.11525630699501709
2015-02-18,9.479250248379181e-05,8.985618527139676e-09,0.061772733461176656,0.09192880329038398,0.14172556600014571,0.14491733861240638,0.12347619486679004
2015-02-19,0.0007141024478602467,5.099423060399964e-07,0.0657651164256472,0.08710893347919321,0.1415391034273505,0.14491341955795642,0.12455923705294558
2015-02-20,0.005982723246409131,3.579297744312421e-05,0.044381027223262884,0.07980888021518731,0.1339998406450404,0.14501256189485925,0.12675897048328766
2015-02-23,0.00014201192540220608,2.0167386956441746e-08,0.04316399479827136,0.07599328175435653,0.13176263820634965,0.14493458460578681,0.126953091490305
2015-02-24,0.002836500753982262,8.045736527341942e-06,0.04447118923483518,0.06459760849447636,0.13181653583728903,0.1449996494713842,0.12794311092455066
2015-02-25,0.0008497313684184137,7.220433984742298e-07,0.046937860323321055,0.05378276482008391,0.1201737835912408,0.14495795659262858,0.13762859807622163
2015-02-26,0.0011824178915391984,1.3981120702320036e-06,0.04837667709099625,0.056044612514986575,0.10720139154518846,0.14490071811889182,0.13769452862898915
2015-02-27,0.003411775503963169,1.1640212089443136e-05,0.03577438592672885,0.044462487074674734,0.10645295373533868,0.14430651991417548,0.1379900385980574
2015-03-02,0.006293282366599133,3.960540294574758e-05,0.06080910285448105,0.049985523177393756,0.09186532615290964,0.1442803818481147,0.1434992651922287
2015-03-03,0.004112189725897711,1.6910104341778696e-05,0.06552281732057619,0.0560885336387811,0.0883370285832187,0.14440851342587133,0.14592026431164304
2015-03-04,0.004224521563952606,1.7846582444300572e-05,0.07036401705828156,0.06090256237873245,0.07858247561329221,0.14468382378382166,0.14573418815867903
2015-03-05,0.001093634338763645,1.1960360669229949e-06,0.07248311380683795,0.06094560150420932,0.07624273684170943,0.1446666778336534,0.14644762380875398
2015-03-06,0.014164160230257761,0.0002006234350284156,0.12050394098251921,0.08631765325201948,0.08796931300358742,0.14699563080047998,0.1396601238402237
2015-03-09,0.004135673991652006,1.7103799365226832e-05,0.11055844802339222,0.09113594871131496,0.08815332278043353,0.14720883222942874,0.13926628187404771
2015-03-10,0.0163547688941714,0.00026747846558175634,0.14419423745650928,0.1143615025089779,0.10569792970919757,0.14730129446017398,0.12553741587266426
2015-03-11,0.002344612097716864,5.497205888760273e-06,0.14617671810166985,0.11371725373152623,0.0983558606648806,0.147048344720709,0.12547774537545628
2015-03-12,0.012633977903294713,0.00015961739766093906,0.19418190408418629,0.13956693614118182,0.10894799628793116,0.14519853430087076,0.11929678731677004
2015-03-13,0.006151471119952283,3.7840596939606995e-05,0.17289305156937615,0.1409882623764801,0.10492737958777819,0.14504292180909115,0.11815582313524983
2015-03-16,0.013271999143576088,0.0001761459612670844,0.20179318394232812,0.1564319159676351,0.11509846318615029,0.14618186859746324,0.10904716000961141
2015-03-17,0.002976439121780531,8.859189845665658e-06,0.14770447523538072,0.1560289933648397,0.11525630699501709,0.1412312523171351,0.10915918067289405
2015-03-18,0.011949800425356264,0.00014279773020584475,0.15064121847018436,0.16875166961786867,0.12347619486679004,0.1343862929686743,0.10093293752017371
2015-03-19,0.00457194788111188,2.0902707427603412e-05,0.15059779215229904,0.1702167269016399,0.12455923705294558,0.13451940792916237,0.10812305112019174
2015-03-20,0.008787851361291442,7.722633154815186e-05,0.1342058494320601,0.15694339082248124,0.12675897048328766,0.13537183297820268,0.10846486712643344
2015-03-23,0.0019502788637724324,3.80358764647749e-06,0.11993571154424211,0.15742150558144655,0.126953091490305,0.13543240532081907,0.10832963677908744
2015-03-24,0.005635151161554192,3.1754928613565554e-05,0.1284170826821475,0.13084918443539773,0.12794311092455066,0.13596916592814007,0.10763744318308642
2015-03-25,0.014762033667742216,0.00021791763800755473,0.13419699467511856,0.15568513453055666,0.13762859807622163,0.13919556501923314,0.09156232945844345
2015-03-26,0.002384121145909582,5.684033638373218e-06,0.1341245596331758,0.14208226299774163,0.13769452862898915,0.13923539041864252,0.09057212832861489
2015-03-27,0.002286853939756803,5.229700941781211e-06,0.10153379776538393,0.13886626498467436,0.1379900385980574,0.13890405459508826,0.09272846185792706
2015-03-30,0.012126184748154998,0.00014704435654638688,0.1574750136719057,0.13598195046581804,0.1434992651922287,0.13956057530204952,0.08375894045561921
2015-03-31,0.008778098414901165,7.705501178169036e-05,0.16390556768811865,0.14282715281476957,0.14592026431164304,0.1407863914015152,0.0781718409164042
2015-04-01,0.00354255995703308,1.254973104917422e-05,0.12488148829648713,0.12580275951639655,0.14573418815867903,0.1357239149815026,0.08621605433697475
2015-04-02,0.0035911654697696506,1.2896469431265876e-05,0.12507528959096517,0.12750596077672802,0.14644762380875398,0.13430112830868934,0.09296692829110526
2015-04-06,0.006710599517834928,4.503214588876637e-05,0.1314199891878715,0.12338921403125021,0.1396601238402237,0.13267136344684505,0.09081931277622275
2015-04-07,0.002650129824095591,7.0231880845609284e-06,0.09727479228222463,0.12355291607166298,0.13926628187404771,0.127951027046446,0.1002911539246072
2015-04-08,0.003371498868360911,1.1367004619358904e-05,0.06995451884362057,0.12298329506281808,0.12553741587266426,0.12694946868353713,0.10086324621566041
2015-04-09,0.004413740304971829,1.9481103479732817e-05,0.055071327382390574,0.09472014928130164,0.12547774537545628,0.12603580414391727,0.10062473940548988
2015-04-10,0.005442455876740296,2.962032597026499e-05,0.057646346979246574,0.09384462958087754,0.11929678731677004,0.12622142404540163,0.10938184457075677
2015-04-13,0.004532896413191411,2.0547149892723554e-05,0.07131664303392188,0.09991386960626741,0.11815582313524983,0.1259105503734458,0.10953479729398512
2015-04-14,0.0019107749305340975,3.6510608351575854e-06,0.0625841307320131,0.081237737440511,0.10904716000961141,0.12420926670695687,0.10999849115430813
2015-04-15,0.004477104282298311,2.004446275457387e-05,0.06444041355596317,0.0638016339690474,0.10915918067289405,0.12186512705558775,0.10879059780536857
2015-04-16,0.0002852654155955271,8.137635733488881e-08,0.06355270604511637,0.05780789546654204,0.10093293752017371,0.12185189439810137,0.11495157949859044
2015-04-17,0.011570039897587573,0.00013386582323176826,0.09982925787955803,0.08939388428160486,0.10812305112019174,0.1240868051985829,0.10583769038261809
2015-04-20,0.009095140758355285,8.272158541429554e-05,0.12238109122533124,0.0945163068062659,0.10846486712643344,0.12182199364304477,0.10187285867306392
2015-04-21,0.0011915275180468317,1.419737826262843e-06,0.12246999535042695,0.09322806919839614,0.10832963677908744,0.12125375848091709,0.10169856508293844
2015-04-22,0.004901670176674645,2.4026370520901643e-05,0.12345795764256291,0.09457271371524727,0.10763744318308642,0.12153802464963634,0.10064973096487087
2015-04-23,0.002513177361829692,6.3160604520132515e-06,0.12437437466919495,0.09327388492787424,0.09156232945844345,0.11815947083692543,0.10076269703010864
2015-04-24,0.0023178701530536766,5.372522046417074e-06,0.06026474324403009,0.09045456335917382,0.09057212832861489,0.11471128316993948,0.10105371315308884
2015-04-27,0.0041666081002917155,1.7360623061416537e-05,0.05649848648740007,0.08987083243007514,0.09272846185792706,0.11390087479532264,0.10750738485449772
2015-04-28,0.003174016900306544,1.0074383283431563e-05,0.05491753654548101,0.09052923217270775,0.08375894045561921,0.11049288780865593,0.11218152518489664
2015-04-29,0.004123276597839457,1.7001409902290528e-05,0.0594546278795031,0.09137547899133838,0.0781718409164042,0.10845284168879787,0.11111506008579396
2015-04-30,0.010070760196834226,0.00010142021094214053,0.08626015478878506,0.10466756334943146,0.08621605433697475,0.10692824222225837,0.10705783678719466
2015-05-01,0.010782920011275423,0.00011627136396956397,0.12755279741569275,0.10102115134689951,0.09296692829110526,0.1086612394794447,0.10035747715177981
2015-05-04,0.00284340474306932,8.084950532909105e-06,0.12587337477964888,0.09202870161203916,0.09081931277622275,0.10697973228038862,0.09994094203460428
2015-05-05,0.011518161054750259,0.0001326680340831656,0.14769101237166124,0.11067674891006145,0.1002911539246072,0.10958874017275685,0.09047016487873567
2015-05-06,0.00412519725224967,1.7017252369968226e-05,0.1476924107805,0.10796204092006084,0.10086324621566041,0.10952333263399631,0.09478296743351765
2015-05-07,0.003981793522777937,1.5854679658036334e-05,0.1349623137350996,0.10962937544724644,0.10062473940548988,0.10770376078736679,0.0941622836941744
2015-05-08,0.013079980991771609,0.0001710859027451066,0.14658760635553889,0.13035118076158755,0.10938184457075677,0.110872513775849,0.08346319451109324
2015-05-11,0.004784004466231391,2.2886698732921895e-05,0.15002189585389855,0.13093739947991817,0.10953479729398512,0.1097243609096968,0.08210082580962055
2015-05-12,0.0029959994223446407,8.97601253868942e-06,0.12050583912797587,0.1303112423712328,0.10999849115430813,0.1096119121475601,0.09253680169816474
2015-05-13,0.00019059741603420308,3.632737499891509e-08,0.11250045153891583,0.12892356983097258,0.10879059780536857,0.10956865438871442,0.09314172962194743
2015-05-14,0.010373800113560734,0.00010761572879611271,0.12804957868912997,0.12618976229675713,0.11495157949859044,0.11158623025793661,0.08943121323927898
2015-05-15,0.0010830272323386371,1.1729479859870883e-06,0.09313897452162521,0.11578480976159615,0.10583769038261809,0.11158148974672691,0.0901858858919251
2015-05-18,0.0031021068268763576,9.623066765352904e-06,0.07929113270952713,0.11591904477267151,0.10187285867306392,0.11110654787194112,0.091886979186554
2015-05-19,0.00032861813530002805,1.0798987884806754e-07,0.06963261624825465,0.09407107216552096,0.10169856508293844,0.11110980534507967,0.09224206030564341
2015-05-20,0.0007046071172402782,4.964711896656553e-07,0.07206189276023876,0.08932530881865502,0.10064973096487087,0.11099019324961856,0.10004810925332126
2015-05-21,0.0029085079307591653,8.459418383288961e-06,0.02807832494649865,0.08892100802616143,0.10076269703010864,0.11111159262525212,0.10059572965273932
2015-05-22,0.0023915465511462654,5.719494906299596e-06,0.03812289122189892,0.06712698015098381,0.10105371315308884,0.11120440859273127,0.1021300437159561
2015-05-26,0.010810062357498696,0.00011685744817301027,0.08171274337210284,0.08516634519591378,0.10750738485449772,0.11324579646938016,0.0938311838975028
2015-05-27,0.009447520258878517,8.925563904191999e-05,0.11781084364099774,0.09506740393905487,0.11218152518489664,0.1141660293811362,0.09158537021693987
2015-05-28,0.001128755798516506,1.2740896526846349e-06,0.11793875029386401,0.09572193312594066,0.11111506008579396,0.1138558391857833,0.0920729837779525
2015-05-29,0.00623272871929199,3.884690728828718e-05,0.11965061762768409,0.08682870696455253,0.10705783678719466,0.11426129632938924,0.08943301651531746
2015-06-01,0.0020346153616373733,4.13965966981078e-06,0.12332768647804955,0.08744538418199699,0.10035747715177981,0.11431088421076444,0.11618623403792759
2015-06-02,0.000992966690992369,9.85982849420335e-07,0.09138044201257269,0.08522791321773508,0.09994094203460428,0.11037990814406959,0.11678478524428658
2015-06-03,0.002645954063213922,7.001072904638263e-06,0.05587073067552157,0.08699769321161047,0.09047016487873567,0.11020557773654067,0.12051952320513848
2015-06-04,0.008482421702595937,7.195147794067055e-05,0.07881646756978102,0.09577273183205856,0.09478296743351765,0.10621556011446352,0.11707538213043117
2015-06-05,0.0017148242628511334,2.9406222524629333e-06,0.07034383164739651,0.09285155864221474,0.0941622836941744,0.10615165113783752,0.11730926893747565
2015-06-08,0.00616833685156917,3.8048379514426266e-05,0.06993591980220629,0.09546678650657073,0.08346319451109324,0.1039413145501227,0.11763094680294266
2015-06-09,0.00014430858832724033,2.0824968665000924e-08,0.07166449210661341,0.08247582927599277,0.08210082580962055,0.10310287778862295,0.13230973242252186
2015-06-10,0.011922085671731142,0.000142136126764097,0.1257216523375215,0.09173084912262643,0.09253680169816474,0.10241141676428503,0.1241234225188532
2015-06-11,0.0032185526269546136,1.0359081012476445e-05,0.10748624499947436,0.0938996334727868,0.09314172962194743,0.10236151075297115,0.13261724172583736
2015-06-12,0.007684595586193453,5.90530093233439e-05,0.12533724449443748,0.0966704927765502,0.08943121323927898,0.10076754828000127,0.13616634982445763
2015-06-15,0.004294563370998981,1.844327454752613e-05,0.1199002674015194,0.09717676457758115,0.0901858858919251,0.10071493068102706,0.13584345864263192
2015-06-16,0.005436829271244212,2.9559112524657868e-05,0.124177931148181,0.10270700229545308,0.091886979186554,0.09970124488408547,0.1346668118569207
2015-06-17,0.0016152756652432956,2.609115474727171e-06,0.08674507041471372,0.10194305727908651,0.09224206030564341,0.09967305287228949,0.13735084785173288
2015-06-18,0.010346215362964824,0.00010704417233684934,0.11525024513385039,0.10510099001357862,0.10004810925332126,0.10115200527661349,0.13250748557414962
2015-06-19,0.00444928214245382,1.9796111583158456e-05,0.10117175189381379,0.10811633823869052,0.10059572965273932,0.09669725967856198,0.13137806085540008
2015-06-22,0.005110111393424224,2.6113238453204067e-05,0.0869102753083142,0.10188209999098319,0.1021300437159561,0.09696685404103092,0.13102806319173982
2015-06-23,0.0007076577655324118,5.007795131183259e-07,0.08713852494087725,0.10144364586744926,0.0938311838975028,0.09690419297963711,0.13114172278421213
2015-06-24,0.0072892876268458974,5.3133714106888694e-05,0.11299682686402707,0.09552202111328643,0.09158537021693987,0.0951801757089011,0.1300820885132771
2015-06-25,0.003045054005000499,9.272353893369579e-06,0.07643657454674489,0.09528628125971607,0.0920729837779525,0.09356645539999314,0.13486679102643603
2015-06-26,0.00019051534632636016,3.629609718585295e-08,0.07301628555137009,0.08613129222318189,0.08943301651531746,0.09322153244087063,0.13620675522491993
2015-06-29,0.02119361006554468,0.00044916910761035674,0.14193669767402564,0.1380321146452789,0.11618623403792759,0.1029418692847602,0.12031664522184167
2015-06-30,0.002091296964589244,4.373522994100185e-06,0.14644849831701376,0.1344383867308128,0.11678478524428658,0.10208713205681956,0.12209526217142164
2015-07-01,0.007983608912948576,6.373801127491194e-05,0.1748683969743937,0.14231280461402387,0.12051952320513848,0.10326237871208381,0.11943830820990972
2015-07-02,0.0009163205361764538,8.396433250187038e-07,0.1753870587124387,0.12766294381451365,0.11707538213043117,0.10305559542027462,0.11957184807302504
2015-07-06,0.002849729691229285,8.120959313073755e-06,0.17424578585466094,0.1270967377797848,0.11730926893747565,0.10280982414414347,0.11979826201337257
2015-07-07,0.006268952372024469,3.9299763842711214e-05,0.0730622607010269,0.1290200943896985,0.11763094680294266,0.10301367579508505,0.1183093789254072
2015-07-08,0.016919663003799244,0.00028627499616213286,0.15674745919116245,0.14818320826783618,0.13230973242252186,0.10829304398289286,0.09948986999022094
2015-07-09,0.001807856453157577,3.2683449552234945e-06,0.13884678337162723,0.14888709710162754,0.1241234225188532,0.10828432929243749,0.10507181411115964
2015-07-10,0.012512479881848513,0.00015656215279366377,0.17630564819051847,0.16722102125158725,0.13261724172583736,0.11101254357878453,0.09588564104504621
2015-07-13,0.01097662889836562,0.00012048638197243525,0.1883303277546569,0.17804370668116776,0.13616634982445763,0.11333086445578877,0.09833081446094913
2015-07-14,0.004328681795461031,1.8737486086355737e-05,0.18665899449406945,0.1336326268669051,0.13584345864263192,0.11103890226678145,0.10226803707939051
2015-07-15,0.0003321710842468718,1.1033762920974241e-07,0.08963938242636722,0.13440610778035678,0.1346668118569207,0.10951932110698957,0.10244113422274731
2015-07-16,0.007992199043557694,6.387524555184452e-05,0.08250029329215794,0.13441631029030712,0.13735084785173288,0.11065335632887442,0.09753086593386091
2015-07-17,0.0008478853462260636,7.189095603448918e-07,0.07551429865355186,0.13352795398751224,0.13250748557414962,0.11024351425743768,0.09867562700102214
2015-07-20,0.000517488391786933,2.677942356342262e-07,0.055015799769206265,0.13081890744302946,0.13137806085540008,0.11014254022142739,0.10111983454094704
2015-07-21,0.003959213717299667,1.567537325925385e-05,0.06897396400604985,0.13327781641366138,0.13102806319173982,0.11037639328250165,0.10070464876074214
2015-07-22,0.0017962169350922742,3.226395277912283e-06,0.07150960659223232,0.08770436174636978,0.13114172278421213,0.11009260312039498,0.10411873274155596
2015-07-23,0.00564612533914846,3.187873134537432e-05,0.0446340610800456,0.09854294199605466,0.1300820885132771,0.11053342056059338,0.12596784062149466
2015-07-24,0.010425925441165487,0.00010869992130474175,0.06589596686255869,0.10082360275054031,0.13486679102643603,0.11227404570897469,0.16045846096182917
2015-07-27,0.005834347687161546,3.4039612934687276e-05,0.05050281766839671,0.0847893988856357,0.13620675522491993,0.11099940796486438,0.2155256750045331
2015-07-28,0.012207955923379175,0.00014903418782716868,0.13758112076526177,0.10627808598976864,0.12031664522184167,0.11163022697126357,0.20776215943521495
2015-07-29,0.0068556339984537805,4.699971752075537e-05,0.15247707731779803,0.11279197862401606,0.12209526217142164,0.11237162759813389,0.2555190206945826
2015-07-30,0.00023728178414205876,5.6302645085638565e-08,0.14570443967254765,0.10392154517134951,0.11943830820990972,0.10976054259204344,0.2745980556664862
2015-07-31,0.0015190569137502636,2.307533907212476e-06,0.11333580427094965,0.10361349656246416,0.11957184807302504,0.10944802449217916,0.27475287898028516
2015-08-03,0.0033784361771534046,1.1413831003098911e-05,0.1029765357605368,0.10392825779979582,0.11979826201337257,0.10942325701119755,0.27541195158757986
2015-08-04,0.001956421612172207,3.827585524574497e-06,0.06379179740956077,0.10298939446034466,0.1183093789254072,0.10612615013803167,0.29190662233141
2015-08-05,0.0032899791418115236,1.0823962753554889e-05,0.040639895645347486,0.10520315815824596,0.09948986999022094,0.10589264095091874,0.30233001729813574
2015-08-06,0.008221062481995787,6.758586833287872e-05,0.06553958637310683,0.1093616843481524,0.10507181411115964,0.10706699505647085,0.3021892567655096
2015-08-07,0.0019218495516013481,3.693505698990303e-06,0.06527700371089756,0.0960923374310578,0.09588564104504621,0.10713430841312323,0.3051492712620775
2015-08-10,0.012520395397002436,0.00015676030089727979,0.12294723288156119,0.1084034508102552,0.09833081446094913,0.10811513197279922,0.3167955485737583
2015-08-11,0.009064001046067824,8.21561149631186e-05,0.1416999818049941,0.1037765683138908,0.10226803707939051,0.10965057454164015,0.3182525086313197
2015-08-12,0.001197073869471385,1.4329858489711944e-06,0.1387549082199664,0.09645723274732415,0.10244113422274731,0.10947359738068392,0.3194221853955683
2015-08-13,0.0012454520648421613,1.5511508458196032e-06,0.12427628961797206,0.09626263507961556,0.09753086593386091,0.10949255776331815,0.3205553083026506
2015-08-14,0.0036360067466488025,1.322054506167561e-05,0.12428772703251928,0.09896949254462878,0.09867562700102214,0.10977903369448395,0.3196155443271735
2015-08-17,0.005570775313594597,3.1033537594554985e-05,0.09028693577670868,0.10187172171626342,0.10111983454094704,0.11023484838026264,0.3230468619778541
2015-08-18,0.0029004723745538505,8.412739995550052e-06,0.05488691042916914,0.10258584084012248,0.10070464876074214,0.1102840146237735,0.3256599870841562
2015-08-19,0.007936614017925636,6.298984206953372e-05,0.08532227550616885,0.10868067973596682,0.10411873274155596,0.10925079045635486,0.32500025943871697
2015-08-20,0.021102689062653408,0.00044532348567503173,0.1697946059727686,0.1460139733926172,0.12596784062149466,0.11559335706575441,0.3218128090072558
2015-08-21,0.030565110034093596,0.000934225951396249,0.22917739747902613,0.20413164394311598,0.16045846096182917,0.13088027613390954,0.3040636046408867
2015-08-24,0.04301892637468389,0.001850628026430473,0.2601827809541884,0.25484166421561877,0.2155256750045331,0.1562802551063438,0.26390986016093654
2015-08-25,0.011837553997695484,0.00014012768464835633,0.22632112814952032,0.2547713088835303,0.20776215943521495,0.1574378261654924,0.2595602917628911
2015-08-26,0.03767528286419964,0.0014194269388974551,0.49196219253295154,0.35069913705661554,0.2555190206945826,0.17715420986481217,0.22291998102020286
2015-08-27,0.024434005267738052,0.0005970206134238509,0.5517811171304209,0.3848778875386303,0.2745980556664862,0.1846980334080141,0.20316862600937086
2015-08-28,5.001658518028501e-05,2.501658793096706e-09,0.5017788253122519,0.38314516350474426,0.27475287898028516,0.18403735236848628,0.22019324011014105
2015-08-31,0.008111661296685144,6.579904899213972e-05,0.34287085446527077,0.3787434942953415,0.27541195158757986,0.18463870111726657,0.2194958652725297
2015-09-01,0.030302250827525336,0.0009182264052142599,0.4265272872647392,0.3963628742307229,0.29190662233141,0.19396371295298098,0.20450604218426374
2015-09-02,0.018803462649442524,0.0003535702076089801,0.3486856914575617,0.420501879254406,0.30233001729813574,0.19828950948535948,0.19273054780044302
2015-09-03,0.000715973958002909,5.126187085383512e-07,0.28253592251068577,0.41334124022691293,0.3021892567655096,0.19649317403837238,0.2003539938104217
2015-09-04,0.015252691277319834,0.00023264459120122855,0.29028514518984233,0.39263864991827757,0.3051492712620775,0.19836358268354537,0.2009025803547103
2015-09-08,0.024820652241764277,0.0006160647777065981,0.36552096504228176,0.34192011432230035,0.3167955485737583,0.20509958241406628,0.1820413437291619
2015-09-09,0.013461803690266887,0.00018122015859528318,0.2900282271958453,0.34412999189762805,0.3182525086313197,0.2065933650400251,0.17637206428187957
2015-09-10,0.005426788051829606,2.9450028559480567e-05,0.2582817855994879,0.28931689021175133,0.3194221853955683,0.2065920087449468,0.17788780378571814
2015-09-11,0.004534219716591902,2.055914843833075e-05,0.25994677568439695,0.25932269425869703,0.3205553083026506,0.2068424219547334,0.17757798478651246
2015-09-14,0.003717776355656408,1.3821861030677842e-05,0.22438005219393098,0.2594722643647603,0.3196155443271735,0.20553597276131144,0.17655985367927327
2015-09-15,0.012421966959057082,0.00015430526313190584,0.15753827465201686,0.2655672381712205,0.3230468619778541,0.2073278097788766,0.17390249543498043
2015-09-16,0.008629445733120166,7.446733366086585e-05,0.09511603058298293,0.20441926660974696,0.3256599870841562,0.20789592846385127,0.17231767948426166
2015-09-17,0.0022505788633388987,5.065105220107809e-06,0.10976714222693403,0.18933657670941337,0.32500025943871697,0.207883730427978,0.1802390802366046
2015-09-18,0.01647627799424781,0.00027146773654373465,0.18077766033141812,0.21145373014864588,0.3218128090072558,0.2099141590223381,0.16839833780520375
2015-09-21,0.005154076855495401,2.6564508232353356e-05,0.1811162315105872,0.19298261004308373,0.3040636046408867,0.21027022493780956,0.16803883213106005
2015-09-22,0.01306476565496962,0.00017068810161927374,0.17451031637194767,0.1614743618260544,0.26390986016093654,0.2117054977573006,0.15925587525882182
2015-09-23,0.0015999370561570081,2.5597985836643534e-06,0.14129073693913757,0.14672450284657618,0.2595602917628911,0.2075809461085182,0.16159245938300756
2015-09-24,0.0036221898181719903,1.3120259078868837e-05,0.1395378990268177,0.14420053163845728,0.22291998102020286,0.20755937849430517,0.16809942721963864
2015-09-25,0.0002593045774631634,6.723886389334972e-08,0.10563710594780774,0.14102292055590787,0.20316862600937086,0.20672189253893605,0.16979676278091352
2015-09-28,0.02541763569428245,0.0006460562042872613,0.16761102786464144,0.18567403658624623,0.22019324011014105,0.21262578456220507,0.1332749361964739
2015-09-29,0.0005851764546369348,3.4243148306145267e-07,0.17359910981094528,0.1653877949437446,0.2194958652725297,0.21265209563715323,0.1346279103768563
2015-09-30,0.018486358887676357,0.00034174546492397065,0.24852743141489486,0.1929564138659944,0.20450604218426374,0.2160024833457323,0.12706898328667718
2015-10-01,0.0026060197349728484,6.791338859067955e-06,0.2499672592719317,0.19560317667471172,0.19273054780044302,0.21365845084880317,0.12813714837069085
2015-10-02,0.014826923040647387,0.00021983764685328035,0.2738282978428967,0.19990688767912895,0.2003539938104217,0.2160305301495129,0.12499695381634485
2015-10-05,0.0176387175237553,0.00031112435588283234,0.13598999596305267,0.2183006759820686,0.2009025803547103,0.21762316645012342,0.11751573962441503
2015-10-06,0.00343224060677281,1.1780275582780187e-05,0.1564988876193779,0.2059050020721848,0.1820413437291619,0.21633381495010326,0.11510368714121431
2015-10-07,0.008156893957475072,6.653491903349333e-05,0.1373211960027089,0.2069761778337399,0.17637206428187957,0.21687012901754024,0.11560964978675789
2015-10-08,0.008986630125496376,8.075952101247901e-05,0.12886127619442744,0.20542652632308456,0.17788780378571814,0.2178003676039569,0.11379608490913415
2015-10-09,0.000595687697174756,3.548438325653638e-07,0.12956178500959792,0.2049490658480081,0.17757798478651246,0.21706952165621782,0.11407097181645584
2015-10-12,0.0009436035769449942,8.903877104233875e-07,0.08467377569890452,0.1250644879694394,0.17655985367927327,0.21707270982213747,0.12114129272028888
2015-10-13,0.006322235590161276,3.997066285750189e-05,0.09975506766438,0.13892939833154902,0.17390249543498043,0.21734830911971761,0.11747184761866276
2015-10-14,0.00480547523557602,2.30925922397344e-05,0.0955757363856008,0.1304240514115298,0.17231767948426166,0.21740592607455927,0.11684170532466251
2015-10-15,0.01523802319397829,0.0002321973508602203,0.1351950468543413,0.14178301182985292,0.1802390802366046,0.2199026172048424,0.11932276869246176
2015-10-16,0.004536178115726549,2.0576911897596467e-05,0.1370949935592077,0.13119935780088268,0.16839833780520375,0.2199027367678136,0.1254859594381636
2015-10-19,0.0004918776646620572,2.419436369933992e-07,0.13733456572002045,0.10804483302105046,0.16803883213106005,0.21892780959135152,0.13672226144861307
2015-10-20,0.0012792782245282684,1.6365527757521987e-06,0.12232731184304019,0.10527409720967675,0.15925587525882182,0.2186338156265861,0.13663866481443668
2015-10-21,0.006222833613739891,3.8723658184291074e-05,0.1281793146124066,0.10891405746547878,0.16159245938300756,0.2174210111606712,0.14417576359494852
2015-10-22,0.016752654042287613,0.00028065141746057553,0.1377187465384874,0.12946599547580712,0.16809942721963864,0.21978821222254777,0.1328589013199295
2015-10-23,0.010902159518958605,0.00011885708217681973,0.14952213255836438,0.13649871916792164,0.16979676278091352,0.22099441219123092,0.12794056656036154
2015-10-26,0.002460974927526917,6.0563975939161155e-06,0.15540114907487693,0.138998333680484,0.1332749361964739,0.2210272660905825,0.12763118794739386
2015-10-27,0.0019345783306198958,3.7425933173040626e-06,0.15674482593522251,0.13263863485650856,0.1346279103768563,0.22095818478792678,0.12733237325225885
2015-10-28,0.011310922024471976,0.00012793695704368523,0.1370699515600632,0.13032238274088753,0.12706898328667718,0.22216937756394828,0.1209579899656484
2015-10-29,0.0005744794286063868,3.300266138919207e-07,0.11153423747066535,0.11824964830736298,0.12813714837069085,0.22206996560809406,0.12098708728179655
2015-10-30,0.004319147655121046,1.8655036466737626e-05,0.09910561012578657,0.12358297907540904,0.12499695381634485,0.22159738553031025,0.12091021009534773
2015-11-02,0.011761156507334957,0.0001383248023900274,0.12199038561626413,0.13173100180514014,0.11751573962441503,0.22284734423495153,0.11826593765163823
2015-11-03,0.0028951984957648956,8.382174329879314e-06,0.11359129766202407,0.12922780599155403,0.11510368714121431,0.22145808656890256,0.12320880982958102
2015-11-04,0.003037631964037815,9.227207948944234e-06,0.10222550303886485,0.1231492730221088,0.11560964978675789,0.22073379188402736,0.1320663096774994
2015-11-05,0.0009987261307674228,9.974538842776673e-07,0.10277028602533173,0.1027530539811505,0.11379608490913415,0.22073818447432791,0.15072540860821457
2015-11-06,0.0005236435370976739,2.74202553944163e-07,0.09284163916127969,0.09153565874750984,0.11407097181645584,0.22072317226971344,0.15220133729387755
2015-11-09,0.009375373247065989,8.789762352180065e-05,0.072050666127629,0.10490799063373245,0.12114129272028888,0.22146657562070948,0.1504193510873011
2015-11-10,0.002304293809935751,5.309769962508219e-06,0.06949057817997627,0.1042867835948705,0.11747184761866276,0.22121536942609615,0.15239335929867742
2015-11-11,0.00393942545904626,1.5519072947381837e-05,0.07036165600555361,0.08878762052624613,0.11684170532466251,0.22128228486663323,0.152356005557513
2015-11-12,0.014058171293612478,0.00019763218012054993,0.10519167005161362,0.11162480164829859,0.11932276869246176,0.22256108521713672,0.1599533458610805
2015-11-13,0.011291775733693277,0.00012750419922002434,0.10332047346119003,0.12090688644110059,0.1254859594381636,0.21951174781020552,0.15610639962246164
2015-11-16,0.015092578084784309,0.00022778591324531158,0.1853760603480808,0.13259823849327226,0.13672226144861307,0.21220673803676626,0.15096740720380963
2015-11-17,0.0007300506354542611,5.329739303271705e-07,0.18176349614660772,0.12984664453126316,0.13663866481443668,0.19167299301638688,0.15964495299050036
2015-11-18,0.015741617663628,0.00024779852666784505,0.2240406184995924,0.15920311488094482,0.14417576359494852,0.1918494546916344,0.15873447351801515
2015-11-19,0.0008627518417752926,7.443407404866596e-07,0.18443285117055178,0.15919929638842045,0.1328589013199295,0.1768183897293333,0.16986300099282609
2015-11-20,0.0036377063787962497,1.3232907698334923e-05,0.13135798522354356,0.1607385291313229,0.12794056656036154,0.17018507364074834,0.1725593948888446
2015-11-23,0.0011471375603955237,1.315924582470194e-06,0.11454171195367671,0.15291641680748067,0.12763118794739386,0.1702284617769808,0.17662019095976486
2015-11-24,0.001337996874670756,1.7902356366287105e-06,0.11080597999459804,0.15266943295425636,0.12733237325225885,0.16919361728643573,0.1827748817360811
2015-11-25,0.0001430543121711067,2.0464536230748443e-08,0.03125935974059103,0.15084185710675863,0.1209579899656484,0.15611256593051331,0.18281371777442365
2015-11-27,0.0011459417181052332,1.3131824212939736e-06,0.02862271833906103,0.12634851253910423,0.12098708728179655,0.1519129993318734,0.18278992108405165
2015-11-30,0.004160475600325311,1.7309557220902252e-05,0.035486776493732344,0.10874894462397408,0.12091021009534773,0.15231462925945752,0.18662031917260072
2015-12-01,0.009490506402393345,9.006971177386907e-05,0.07886873606639222,0.09391914239925606,0.11826593765163823,0.1493312939655092,0.18470212838404068
2015-12-02,0.010257275063872157,0.00010521169173593357,0.11525277878442146,0.1131135410750667,0.12320880982958102,0.1431940979896995,0.18456589047702063
2015-12-03,0.014101600940741588,0.00019885514909192403,0.14823757156921874,0.1067759636455477,0.1320663096774994,0.14347577405495632,0.1845433549819914
2015-12-04,0.01931521219901271,0.00037307742229288944,0.22231497755878238,0.14962672583682973,0.15072540860821457,0.14806119383383534,0.16897000010555424
2015-12-07,0.006076842189542855,3.6928010996608005e-05,0.2250054847950901,0.1518742705419692,0.15220133729387755,0.14864218887168246,0.17282520818741076
2015-12-08,0.006742277882447592,4.5458311044141985e-05,0.209356229575734,0.15514540566294338,0.1504193510873011,0.14918410324599984,0.18955744694773832
2015-12-09,0.007810330455784835,6.100126182856015e-05,0.2051116859571385,0.15802383504115775,0.15239335929867742,0.14832269552592312,0.19100191053628915
2015-12-10,0.0025776186597070306,6.644117954869869e-06,0.18148213020330636,0.15947078641095463,0.152356005557513,0.14744884080866066,0.19046017764702775
2015-12-11,0.01957122029134715,0.00038303266369243847,0.12549035799530525,0.18162924480550818,0.1599533458610805,0.1530231284501333,0.18401533911316492
2015-12-14,0.005039463859938418,2.5396195995625422e-05,0.15493125913398875,0.1868212860862657,0.15610639962246164,0.1492763313723422,0.19986218740205905
2015-12-15,0.010443238250528284,0.00010906122515729707,0.18912635758995064,0.1886306753639059,0.15096740720380963,0.15035165705884598,0.20616298965938112
2015-12-16,0.014526091896913543,0.0002110073457975773,0.2101892900011402,0.20148645366979284,0.15964495299050036,0.15018627361755477,0.20540763117979366
2015-12-17,0.015355396863486463,0.0002357882128351699,0.24585618709785959,0.2039844592762566,0.15873447351801515,0.15387092807312233,0.20257188465135764
2015-12-18,0.01797566726873909,0.00032312461375641786,0.23840452210579188,0.18855800297560854,0.16986300099282609,0.1584336154647838,0.19868394818225454
2015-12-21,0.008215474512342384,6.749402146294733e-05,0.24418780039242693,0.1977755080091897,0.1725593948888446,0.15916405786838725,0.19679805043226828
2015-12-22,0.009032932863646112,8.159387611913795e-05,0.2405555651855822,0.20441307441404005,0.17662019095976486,0.15029749266714634,0.210206548488712
2015-12-23,0.012307304281555779,0.0001514697386788012,0.2323080880043187,0.21073700985990848,0.1827748817360811,0.1519309550894284,0.20577842323415751
2015-12-24,0.0016518975184667585,2.7287654115166346e-06,0.1955043117388936,0.2108772559730677,0.18281371777442365,0.14793160050440102,0.21558089133824535
2015-12-28,0.0022874801509582725,5.232565441028081e-06,0.10568168329497565,0.18047003325882854,0.18278992108405165,0.14808384474541642,0.21690106466750528
2015-12-29,0.010615305872418223,0.00011268471876499681,0.11132789091631234,0.1850144148601154,0.18662031917260072,0.14667290844243258,0.21275675244465964
2015-12-30,0.007112929703079968,5.059376896095728e-05,0.13621787913797864,0.18566165094225587,0.18470212838404068,0.14350859666129728,0.23550566669240267
2015-12-31,0.010053719368675702,0.00010107727314408495,0.12557579763536345,0.17640916402473983,0.18456589047702063,0.14495992128831392,0.23419541864448917
2016-01-04,0.014077947252401525,0.00019818859884139967,0.15117109102407705,0.1736804253972946,0.1845433549819914,0.14715682628999235,0.23730658869747873
2016-01-05,0.0016897998173730077,2.85542342279385e-06,0.15748178335379123,0.14678181203015725,0.16897000010555424,0.14605860870413034,0.23885981859957411
2016-01-06,0.012694257017223627,0.00016114416121933132,0.09941001666723212,0.15402830461899586,0.17282520818741076,0.14839117972127194,0.2361860498913625
2016-01-07,0.024284439495103168,0.0005897340015913266,0.14782030890030265,0.17941286480629182,0.18955744694773832,0.156415952236476,0.23043353505097616
2016-01-08,0.01103732761815467,0.00012182260095047982,0.1472166968923625,0.15367723452676124,0.19100191053628915,0.1574566564210452,0.2319680398217383
2016-01-11,0.0009897253932344894,9.795563540131646e-07,0.17124174535013573,0.15683408456669348,0.19046017764702775,0.1572447749088726,0.23184667021084984
2016-01-12,0.008036092923592203,6.457878947660867e-05,0.19988833988492258,0.1729337149047565,0.18401533911316492,0.15483784307026263,0.22898906896155438
2016-01-13,0.02525688514688558,0.0006379102473229694,0.23592294137113817,0.17138302231300215,0.19986218740205905,0.16244166966612822,0.21648449655202834
2016-01-14,0.01628336523687882,0.0002651479834375936,0.25918567719643043,0.21479485309414115,0.20616298965938112,0.16629292686697722,0.22144254716698797
2016-01-15,0.021699511928574104,0.00047086881793832985,0.2911755424212802,0.22697938591481642,0.20540763117979366,0.1716879783685721,0.21669127751204723
2016-01-19,0.0013301270211611431,1.769237892423016e-06,0.29157705474793905,0.22898684786592247,0.20257188465135764,0.1714429866797869,0.22374331417163262
2016-01-20,0.012897865814957303,0.00016635494258064422,0.27325311594244683,0.22577194065944356,0.19868394818225454,0.16902147013965615,0.21847579297861067
2016-01-21,0.005586332862350251,3.120711484897435e-05,0.23935358175495175,0.23391184004702995,0.19679805043226828,0.1676912962549768,0.2181059855428763
2016-01-22,0.020307477611434244,0.0004123936469389031,0.259842981176516,0.24474727523344428,0.210206548488712,0.17361598531978498,0.2122229026247954
2016-01-25,0.015232054599446645,0.0002320154873205237,0.23053265478017718,0.2500122245009278,0.20577842323415751,0.1759519536684777,0.20982252299123524
2016-01-26,0.013551100856043717,0.00018363233441066876,0.25099772210049437,0.2622309262817656,0.21558089133824535,0.17670717730400237,0.20519841670063763
2016-01-27,0.010943175409179096,0.00011975308803606209,0.2438410165131302,0.26122667163960306,0.21690106466750528,0.17775775180301742,0.2039930767508093
2016-01-28,0.00519572625280227,2.6995571294058716e-05,0.24356068841176806,0.23125251252687384,0.21275675244465964,0.1782143906398808,0.20413839682737697
2016-01-29,0.024085175532032595,0.0005800956804088216,0.26168905294955014,0.2491206556637467,0.23550566669240267,0.18382735299721956,0.18826339601955397
2016-02-01,0.0003611775471090544,1.3044922053571322e-07,0.211763879875502,0.2156297969931688,0.23419541864448917,0.18363272043617448,0.2055685278876067
2016-02-02,0.01818699739660022,0.00033076687430394323,0.2581417570817173,0.24080779657661094,0.23730658869747873,0.18683073425277738,0.1926460326160682
2016-02-03,0.005977146373910429,3.5726278775150584e-05,0.24047009279760334,0.22838453621705154,0.23885981859957411,0.18746990308327144,0.19225827680214683
2016-02-04,0.001567092719323876,2.4557795909579004e-06,0.240087341704266,0.22799999812036081,0.2361860498913625,0.18756380005409662,0.1922811103748379
2016-02-05,0.01923394615898494,0.0003699446848467316,0.18718430596175029,0.22839878305377243,0.23043353505097616,0.1904134749046805,0.1749590767293769
2016-02-08,0.013552516106334282,0.00018367069281245013,0.1853556765809334,0.22568160636825596,0.2319680398217383,0.19179390122647266,0.17189084395180426
2016-02-09,5.4034332259535326e-05,2.91970906273386e-09,0.1711415122425751,0.21066780091376494,0.23184667021084984,0.19178368991077263,0.1715090966676523
2016-02-10,0.0008633408259349507,7.45357381726043e-07,0.14884249945467157,0.20542126486240783,0.22898906896155438,0.19007874196977687,0.1710320333374505
2016-02-11,0.013093572582357271,0.00017144164296945807,0.13512609614991908,0.20913353984580424,0.21648449655202834,0.19050754602892003,0.16416882528576554
2016-02-12,0.02040725613235522,0.0004164561028515497,0.2191575510069529,0.19602257340130638,0.22144254716698797,0.1927947456704662,0.1552725633577249
2016-02-16,0.016737752034651585,0.00028015234317348327,0.21892423426469715,0.22139806386931932,0.21669127751204723,0.19638898248775463,0.14897564122724088
2016-02-17,0.01620269701632331,0.00026252739060277227,0.22742634922915902,0.21836357386614214,0.22374331417163262,0.19656131863740764,0.14126695580972437
2016-02-18,0.00410436501860029,1.684581220590976e-05,0.23626661975558022,0.2183374517223852,0.21847579297861067,0.1966485885208255,0.13950200300088292
2016-02-19,0.00046860539804472005,2.195910190766505e-07,0.17755448809045152,0.21827507010181887,0.2181059855428763,0.19639065348132334,0.138855547240335
2016-02-22,0.014374831040528507,0.00020663576744374187,0.1589433657694765,0.1987866360655816,0.2122229026247954,0.1990144355012505,0.13273200686816086
2016-02-23,0.01270943532432376,0.0001615297462631686,0.19642197911515497,0.19678838580650002,0.20982252299123524,0.20036278742610894,0.12040906323054414
2016-02-24,0.00456481764637666,2.0837560144671753e-05,0.15983650625914805,0.19577824588314954,0.20519841670063763,0.20071242019372765,0.12534849530993986
2016-02-25,0.012039171730272651,0.00014494165595099618,0.1722202614798824,0.19731852626976967,0.2039930767508093,0.2024983379161904,0.12087420956546982
2016-02-26,0.0023038008097373375,5.3074981709464114e-06,0.17538857390210444,0.17520568526523309,0.20413839682737697,0.20241246069312294,0.11988955598588776
2016-02-29,0.00787360838182595,6.199370895035986e-05,0.15608672234248194,0.16966358760737374,0.18826339601955397,0.20168662590068495,0.11592434844378505
2016-03-01,0.023235154223600216,0.000539872391794487,0.19393378868898598,0.18604594894879214,0.2055685278876067,0.2069541040001702,0.08874631013480991
2016-03-02,0.004482685442559154,2.0094468776931763e-05,0.1939711485515682,0.17395320127619512,0.1926460326160682,0.20533344752920552,0.08978924288443721
2016-03-03,0.003911705439491742,1.5301439445349285e-05,0.18623488621956186,0.1692168174509675,0.19225827680214683,0.20139056411244094,0.09122672447833433
2016-03-04,0.003248166471476835,1.0550585426426272e-05,0.17783138480193117,0.16753480745414456,0.1922811103748379,0.20123434205304774,0.0929547831428066
2016-03-07,0.0007978860316063202,6.366221194324818e-07,0.14460314256860318,0.15827452634438094,0.1749590767293769,0.2008357664869452,0.10186254713180952
2016-03-08,0.010978132853713605,0.00012051940095378602,0.10247202211892642,0.15365276438424283,0.17189084395180426,0.20143758829621974,0.09675623937871448
2016-03-09,0.004927798670032419,2.4283199732373277e-05,0.10366053472601268,0.15375960245028747,0.1715090966676523,0.2016471361764804,0.10852819993370283
2016-03-10,0.0008020862273519365,6.433423161076624e-07,0.09924554414829813,0.14570348714750656,0.1710320333374505,0.19767262074813777,0.10859986482991045
2016-03-11,0.01600852258483374,0.000256272795349132,0.1538347819214319,0.1588740626847871,0.16416882528576554,0.20015233596931437,0.09469860808405639
2016-03-14,0.00128319989511439,1.6466019708215815e-06,0.15582152651982872,0.14834569439588213,0.1552725633577249,0.199000341570961,0.09926292570373837
2016-03-15,0.0016314328599566915,2.66157317654647e-06,0.11628567690650707,0.1073350367081632,0.14897564122724088,0.19666661096244595,0.10357523539135967
2016-03-16,0.005770812391266918,3.3302275655199805e-05,0.11696886217393693,0.10834966008919251,0.14126695580972437,0.19454877377772387,0.10256353209802894
2016-03-17,0.006324194924931036,3.9995441448523474e-05,0.1141923925749748,0.11010594109986252,0.13950200300088292,0.19131944611477422,0.10120725805305154
2016-03-18,0.003922049118329158,1.5382469286586522e-05,0.06078799715235546,0.11030330838340596,0.138855547240335,0.19076993607113032,0.10295368901933924
2016-03-21,0.0014176717979553373,2.009793326717919e-06,0.05229121924318821,0.11008451796008287,0.13273200686816086,0.18991885559020874,0.10319105593363194
2016-03-22,0.0005375373493615646,2.889464019586567e-07,0.04619721412339275,0.08347967181911202,0.12040906323054414,0.18823282793831958,0.1029818405451768
2016-03-23,0.006621470545139826,4.38438721801543e-05,0.07835870125200575,0.09722839386003267,0.12534849530993986,0.18869037531205055,0.10180830858545613
2016-03-24,0.0004428055378578346,1.9607674435756618e-07,0.06183815943297388,0.09800514393446837,0.12087420956546982,0.18863755083820832,0.1017142349741008
2016-03-28,0.0005904816477419309,3.486685763200257e-07,0.05046842281736976,0.06126215663308601,0.11988955598588776,0.18732297054669692,0.10229473198371047
2016-03-29,0.009207368171358485,8.477562864294529e-05,0.08997103242238454,0.07301643807880269,0.11592434844378505,0.187755312535304,0.0979623816353678
2016-03-30,0.0043780064924679955,1.9166940848091922e-05,0.09331465670680464,0.0713211337142173,0.08874631013480991,0.18677501063282018,0.09721848640411479
2016-03-31,0.0024297814791458417,5.903838036400154e-06,0.07310825897555528,0.0723450841746709,0.08978924288443721,0.1844668894884617,0.10289860637178609
2016-04-01,0.006788964941077175,4.609004497117501e-05,0.07427827148778655,0.07323053418875876,0.09122672447833433,0.1849081892561329,0.1020688382300108
2016-04-04,0.00324341813085016,1.0519761171527547e-05,0.08811120896417614,0.07573487074860472,0.0929547831428066,0.1830239427211663,0.10521156796890882
2016-04-05,0.010037909036703645,0.00010075961782913669,0.10598845726774303,0.09336796588917655,0.10186254713180952,0.17694621711514313,0.10359128917465273
2016-04-06,0.010862127293589879,0.00011798580934215019,0.13293570226775364,0.10862375878468303,0.09675623937871448,0.17630821341921613,0.09803692696216545
2016-04-07,0.012038204509326267,0.00014491836780836329,0.16042535438911276,0.12174407396098151,0.10852819993370283,0.17841505200960847,0.08777425766097027
2016-04-08,0.0026934364304535136,7.254599804894165e-06,0.14928790291275798,0.12217969961816849,0.10859986482991045,0.17786079268521096,0.08819349281182902
2016-04-11,0.002350318691347426,5.523997950897077e-06,0.1490867394712894,0.12312628572491127,0.09469860808405639,0.16941567269734606,0.08764773851999946
2016-04-12,0.00926984573406762,8.593003993341165e-05,0.14793487117112256,0.12325199677549961,0.09926292570373837,0.16737708754583536,0.09232553825185011
2016-04-13,0.010050276544400036,0.00010100805861891752,0.144842778009161,0.1314110533410381,0.10357523539135967,0.16131427576051346,0.09176069994873866
2016-04-14,4.809416510350254e-05,2.3130487170029618e-09,0.08767402824775539,0.13020639544574214,0.10256353209802894,0.1613511943698116,0.09177910029960737
2016-04-15,0.0011063192286270764,1.2239422356300094e-06,0.09493323543731608,0.12670980518953823,0.10120725805305154,0.158559465148461,0.09650675428273624
2016-04-18,0.007002100047523371,4.90294050755268e-05,0.08307232020790564,0.12884781027089226,0.10295368901933924,0.15872412213794276,0.09995476077141105
2016-04-19,0.0031493991730730084,9.91871515135295e-06,0.07441035968602193,0.11184078667101338,0.10319105593363194,0.15409242082071373,0.10356252968060052
2016-04-20,0.0009522322927747891,9.067463394031317e-07,0.050760387692377264,0.10239999344930999,0.1029818405451768,0.15001216042140195,0.10340560789861104
2016-04-21,0.00539282770738517,2.9082590681541186e-05,0.07357323194217585,0.08038104573294909,0.10180830858545613,0.14878439305636174,0.10260650779875032
2016-04-22,0.0,0.0,0.07205635354268027,0.08126766746455687,0.1017142349741008,0.14649961298739703,0.10592809246321858
2016-04-25,0.0017242785862653552,2.9731366430532517e-06,0.05086198955072131,0.08034990749776073,0.10229473198371047,0.14650835065596604,0.10589589891769714
2016-04-26,0.0014850615220285517,2.2054077242097586e-06,0.04404121254582887,0.07008601578824286,0.0979623816353678,0.13889702994417147,0.11639117030752334
2016-04-27,0.0020559309578924725,4.22685210362066e-06,0.04757737862147055,0.051679266026716957,0.09721848640411479,0.13885856257238793,0.11880136409931129
2016-04-28,0.009117014674683977,8.311995657840298e-05,0.07181634848198125,0.07137844065636398,0.10289860637178609,0.1345763378575544,0.11383298046459961
2016-04-29,0.0054135055951570026,2.9306042828796174e-05,0.07509129740470023,0.07592242147865927,0.1020688382300108,0.1349948324716443,0.11240182314194815
2016-05-02,0.007916831258562632,6.267621717655439e-05,0.10638472431631305,0.07861204933696703,0.10521156796890882,0.13566473831086068,0.10968835652579831
2016-05-03,0.008741409177189338,7.641223440304999e-05,0.11782685261415216,0.08509039178135173,0.10359128917465273,0.13043464146032757,0.10425145745716635
2016-05-04,0.005593502700210839,3.128727245726595e-05,0.11084708250170999,0.08551034632864353,0.09803692696216545,0.12746454301042842,0.10149127186146613
2016-05-05,0.00019529375409879535,3.813965039000075e-08,0.1037295353515404,0.0844805036907519,0.08777425766097027,0.12747981624707191,0.10256082021770396
2016-05-06,0.0036525670495049125,1.3341246051129022e-05,0.10707994922222847,0.08870445488412844,0.08819349281182902,0.127419503327671,0.10312064713843953
2016-05-09,0.0008258171688882673,6.819739964306329e-07,0.07998650986438063,0.08949838704460794,0.08764773851999946,0.1235916827415898,0.10310407990034152
2016-05-10,0.012357120794644792,0.00015269843433344274,0.10459153927071292,0.11265819256504259,0.09232553825185011,0.11952231183185731,0.09500289288682906
2016-05-11,0.009398493012870192,8.833167091296981e-05,0.12413696872299738,0.12056097671260084,0.09176069994873866,0.11767855162159398,0.0873928137480343
2016-05-12,0.00029053885770237214,8.441282783499925e-08,0.12377910958309524,0.11262441211222864,0.09177910029960737,0.11363191725416033,0.09551082194985677
2016-05-13,0.008752745628573115,7.661055603850577e-05,0.14065538628054633,0.11788624496419152,0.09650675428273624,0.11495518234412756,0.09422264288672043
2016-05-16,0.009817217348498821,9.637775646766623e-05,0.16079186587100336,0.12211465364386327,0.09995476077141105,0.11626177137612058,0.08853308542656342
2016-05-17,0.00937760673311427,8.79395080409501e-05,0.1348504252411113,0.12334170236747109,0.10356252968060052,0.11505584791366877,0.08118490206700746
2016-05-18,0.00029279111667037343,8.572663800108422e-08,0.12528496684756102,0.12021912018641638,0.10340560789861104,0.11150524629461388,0.08156432184544038
2016-05-19,0.0034710521270405834,1.2048202868632958e-05,0.12465565672282786,0.12144924612243403,0.10260650779875032,0.1116678753727427,0.08175153046073175
2016-05-20,0.00629803327708297,3.9665223159244455e-05,0.12130829435811134,0.12459195346363498,0.10592809246321858,0.10985071451053276,0.08186047428128328
2016-05-23,0.0013639600032000472,1.8603868903294728e-06,0.0904918998408965,0.12461544718771059,0.10589589891769714,0.10975000551799675,0.08172420440821561
2016-05-24,0.012879098376793716,0.00016587117499913053,0.10550715301778223,0.1261219787087022,0.11639117030752334,0.11087588728284149,0.06910110118800038
2016-05-25,0.006760359228279605,4.570245689538522e-05,0.10532485434983614,0.11930696462845225,0.11880136409931129,0.10169962660546782,0.07944932041602694
2016-05-26,0.0002865084036965064,8.208706538872028e-08,0.09035127092683315,0.11930795644264877,0.11383298046459961,0.10144913184256996,0.1541327933345224
2016-05-27,0.004289769499390648,1.8402122357902294e-05,0.0896163069208062,0.10560223513801004,0.11240182314194815,0.10149953860517102,0.1636762874522109
2016-05-31,0.0019041025177717913,3.625606398184875e-06,0.09192205516476182,0.099517305392683,0.10968835652579831,0.10154751095522466,0.17873645092477558
2016-06-01,0.002046841029389741,4.189558199593254e-06,0.0536258979114592,0.07907866095584616,0.10425145745716635,0.1015770058588715,0.1898865728311319
2016-06-02,0.0030393931448381784,9.237910688889312e-06,0.03847620249798727,0.07801865148206708,0.10149127186146613,0.09861173017469721,0.1961291151968327
2016-06-03,0.0029916473465342102,8.949953846025182e-06,0.05044411609928247,0.07695475045491768,0.10256082021770396,0.09863600642587347,0.1959592565164821
2016-06-06,0.005075873662700555,2.5764493439697145e-05,0.05396201340509514,0.07569305527667153,0.10312064713843953,0.09899263167351605,0.19673813177325217
2016-06-07,0.0015600057575400528,2.4336179635581137e-06,0.04717916420685827,0.07253370321142596,0.10310407990034152,0.09396463394348274,0.19795613360130934
2016-06-08,0.0032544793871760766,1.059163608155397e-05,0.04842663446387084,0.04823941037825875,0.09500289288682906,0.09399444279187885,0.19753146184304973
2016-06-09,0.0013665738618387135,1.8675241198607753e-06,0.05234155059382697,0.043467897141784166,0.0873928137480343,0.09396579267397707,0.20468475159616153
2016-06-10,0.009522821924972091,9.068413741472916e-05,0.09089517602521203,0.0699068727418976,0.09551082194985677,0.09577791888056929,0.20151551955643288
2016-06-13,0.00774190593384454,5.99371074884973e-05,0.08956555006028286,0.07667577400600635,0.09422264288672043,0.0965402025119257,0.1998597958019589
2016-06-14,0.0019685538922361674,3.875204426638164e-06,0.08202037087018318,0.07670114298849647,0.08853308542656342,0.09637539472101228,0.19950814882509119
2016-06-15,0.0013950368917428494,1.9461279293235504e-06,0.0622733301953484,0.0749735339885662,0.08118490206700746,0.09640793184571145,0.19952026778738702
2016-06-16,0.00297992984040316,8.879981853725201e-06,0.08056583841725025,0.07487979732048541,0.08156432184544038,0.09655476379454184,0.1998956417245447
2016-06-17,0.0037311251202450796,1.392129466292386e-05,0.06170850591402625,0.07546175297172103,0.08175153046073175,0.09584794668206201,0.19874218065926544
2016-06-20,0.006419511200432242,4.1210124052475005e-05,0.06582198739054833,0.0788582910653692,0.08186047428128328,0.09663230165191958,0.19846987534548066
2016-06-21,0.0028341125162550814,8.032193754793709e-06,0.06344181049042089,0.08033046473828367,0.08172420440821561,0.09675355833228227,0.19860164406130495
2016-06-22,0.0016321361683689585,2.663868472098105e-06,0.06412361980100029,0.07670711770397269,0.06910110118800038,0.09512709783077292,0.19927425737096843
2016-06-23,0.012938354370886892,0.00016740101382664793,0.10547513088774253,0.10562929657320563,0.07944932041602694,0.09825061217518863,0.19529551585262417
2016-06-24,0.03656930376233615,0.001337313977662013,0.3079573315513043,0.20950131730362492,0.1541327933345224,0.12407192328048197,0.1356196028406044
2016-06-27,0.01807249781689232,0.0003266151773415777,0.30883490957007625,0.22236653326569575,0.1636762874522109,0.12855695858658187,0.11074783658068943
2016-06-28,0.017875379315944226,0.00031952918568888667,0.35707753494747513,0.2478452146614618,0.17873645092477558,0.13381956768476447,0.09937102861149531
2016-06-29,0.01688428959176669,0.00028507923501864104,0.39096880799056694,0.26513784027330745,0.1898865728311319,0.1366768688124506,0.08527469256287805
2016-06-30,0.013553469020952242,0.00018369652250191214,0.39241061809542577,0.27364986657837237,0.1961291151968327,0.13767395798084572,0.07437562319343748
2016-07-01,0.0020978929765203707,4.4011549409335005e-06,0.23945856270966748,0.2723596899352695,0.1959592565164821,0.1352762462062678,0.0749390747573479
2016-07-05,0.0072189515172130835,5.211326100787308e-05,0.1723879854617863,0.27424698043576445,0.19673813177325217,0.13613340915996527,0.07374106906619836
2016-07-06,0.005979765279903748,3.5757592802742356e-05,0.15167301377216538,0.27552243874314125,0.19795613360130934,0.1364840125749303,0.07215963255204319
2016-07-07,0.0006204252575521749,3.8492750020868253e-07,0.12252996323025835,0.2753413738016467,0.19753146184304973,0.13528209454242787,0.07174003633757074
2016-07-08,0.014780702570800228,0.00021846916848646046,0.12945564524465128,0.27778161388095707,0.20468475159616153,0.13706258662534246,0.05817361098236658
2016-07-11,0.0035207021668955604,1.2395343747983095e-05,0.12922224334008756,0.1833404136286445,0.20151551955643288,0.137203249550916,0.057908626488187856
2016-07-12,0.007237206400767884,5.237715648731562e-05,0.08995661868789857,0.13125383039860675,0.1998597958019589,0.1378466930052169,0.05314188844992194
2016-07-13,0.00013940687923619737,1.943427797837572e-08,0.10066505114706044,0.1218483230394676,0.19950814882509119,0.1372170447850396,0.0542945195056799
2016-07-14,0.005567785708942614,3.100023770070561e-05,0.08783870542789275,0.10453635161429956,0.19952026778738702,0.13750322225375183,0.05325563320769825
2016-07-15,0.0013426827308427461,1.8027969157033343e-06,0.05807144135904596,0.09458975787210049,0.1998956417245447,0.13755662320828968,0.053055000108469245
2016-07-18,0.002683730206134196,7.202407819317095e-06,0.057873893240038096,0.09448135556395651,0.19874218065926544,0.13706502767731502,0.05316133960050141
2016-07-19,0.0010169394256930129,1.0341657955288347e-06,0.04658080883092454,0.07956945129293211,0.19846987534548066,0.13710208406754,0.05677527369650964
2016-07-20,0.004154245455380586,1.7257755303550248e-05,0.049000816294851667,0.07860435886481094,0.19860164406130495,0.13719607869355027,0.05534024281285455
2016-07-21,0.00378438971803691,1.4321605537983482e-05,0.051145988074783426,0.08460423889213074,0.19927425737096843,0.1375002639705083,0.05355531162798403
2016-07-22,0.004475089215903473,2.002642349029556e-05,0.056884044354237565,0.05595805196780962,0.19529551585262417,0.13769420310773745,0.05197443338187547
2016-07-25,0.00271964530762661,7.396470599295438e-06,0.06137439107498948,0.06023769815299808,0.1356196028406044,0.13636323139677609,0.05076777023455473
2016-07-26,0.0004614819142365081,2.129655571673918e-07,0.06038415985502011,0.05111709938219252,0.11074783658068943,0.1357482152294062,0.051076846804329695
2016-07-27,0.001061801230855927,1.1274218538471617e-06,0.05125664484834067,0.05181384908119763,0.09937102861149531,0.13501319556197636,0.054650228538380675
2016-07-28,0.0011541215183541091,1.3319964791279943e-06,0.042764606054589975,0.04452794972522057,0.08527469256287805,0.1335546383482511,0.054662520500509945
2016-07-29,0.001612992509470645,2.601744835608409e-06,0.028185042945211815,0.04394245702946031,0.07437562319343748,0.13286764637375248,0.054884959278275997
2016-08-01,0.0008291905157380148,6.87556911389875e-07,0.018789424268537643,0.04279246780457679,0.0749390747573479,0.1328992260467824,0.0574059629151398
2016-08-02,0.006427845123939907,4.1317192937358036e-05,0.050762190909274765,0.05432547545200762,0.07374106906619836,0.13365388906718156,0.05222142961371405
2016-08-03,0.00291849307098839,8.517601805407243e-06,0.058306256718592846,0.051785510751637204,0.07215963255204319,0.13372010109624255,0.05278326814053495
2016-08-04,0.0010633876375568372,1.1307932677087115e-06,0.05816568556612722,0.04858633849346829,0.07174003633757074,0.13157267871524525,0.05270566020259204
2016-08-05,0.008145505921386197,6.63492667153376e-05,0.0844705624265747,0.06005539143091335,0.05817361098236658,0.13072492397512633,0.046682232006339516
2016-08-08,0.0005958625331267381,3.5505215838421307e-07,0.08417247258796093,0.057840403091643455,0.057908626488187856,0.1307581883689904,0.04777551034404877
2016-08-09,0.0005958625331267365,3.5505215838421117e-07,0.05458445825582701,0.0578324547598631,0.05314188844992194,0.12917749909229553,0.04776689093157893
2016-08-10,0.002478182913986567,6.141390555174954e-06,0.06412547767430193,0.059426620314007014,0.0542945195056799,0.1281048605337943,0.04762891467850256
2016-08-11,0.004630453166076637,2.1441096523229154e-05,0.06801676422074816,0.0629309322246652,0.05325563320769825,0.126492806268114,0.0967923924602038
2016-08-12,0.0008696760281635663,7.563363939623562e-07,0.04253651192362641,0.06333587487729538,0.053055000108469245,0.12654977897512681,0.11134324239640936
2016-08-15,0.002879836403511514,8.29345771099013e-06,0.045220802100629454,0.06370305284769384,0.05316133960050141,0.12622737658444783,0.1210118227922808
2016-08-16,0.005171034075039355,2.6739593405218114e-05,0.06308415299863816,0.05980027917116948,0.05677527369650964,0.12646017574119406,0.12020098165458407
2016-08-17,0.0018790678626397657,3.5308960324055775e-06,0.06071801720719525,0.05914508008035973,0.05534024281285455,0.12636837337167933,0.12612803034498732
2016-08-18,0.0022415933020188275,5.0247405316556705e-06,0.0527458955536184,0.05947084186192464,0.05355531162798403,0.1239995861770801,0.1260960497704395
2016-08-19,0.0014634501050245427,2.141686209896345e-06,0.053659347610600545,0.04567505125619573,0.05197443338187547,0.12349664526257985,0.126154907159471
2016-08-22,4.553994493728644e-05,2.0738865848910807e-09,0.0477087214849676,0.04550162889543776,0.05076777023455473,0.12350450919967773,0.12616400213098092
2016-08-23,0.00201134515097701,4.04550931635873e-06,0.025683425709885938,0.04637554001602819,0.051076846804329695,0.12331785697447255,0.13301531495709512
2016-08-24,0.005127945775681812,2.6295827878332943e-05,0.047869702266457294,0.05243079784033193,0.054650228538380675,0.12379191212818962,0.13388172059470077
2016-08-25,0.0006888469183823231,4.7451007696482293e-07,0.04147999943186731,0.04595033561051855,0.054662520500509945,0.12379276266845493,0.13533499986743885
2016-08-26,0.001885020735099321,3.553303171754385e-06,0.04184285571704678,0.04649840411761623,0.054884959278275997,0.12380074588342901,0.13819082501001814
2016-08-29,0.004912125980305753,2.4128981646394756e-05,0.06064444765041858,0.05152714475362519,0.0574059629151398,0.12388558629926114,0.13892068432026314
2016-08-30,0.0016500495118399,2.722663391523092e-06,0.05791097563036749,0.04487394928376124,0.05222142961371405,0.12364091197896662,0.14009861898280765
2016-08-31,0.0028479809199291424,8.110995320280444e-06,0.048965543205026184,0.04565303719413232,0.05278326814053495,0.12382503018489384,0.14345634331548018
2016-09-01,4.602743005513878e-05,2.118524317480693e-09,0.04900056842373734,0.04329206104075181,0.05270566020259204,0.12369794855767649,0.14617187744434235
2016-09-02,0.004497742047537622,2.0229683526187923e-05,0.056280871608108615,0.050061394802231166,0.046682232006339516,0.12390853851488626,0.14540713557991583
2016-09-06,0.0030180764226982577,9.108785293247112e-06,0.04911926037372053,0.052423287790361484,0.04777551034404877,0.12219763105566797,0.14577640148291768
2016-09-07,9.144923923016595e-05,8.362963355776122e-09,0.04572478333187706,0.05147516925549928,0.04776689093157893,0.12091725947631779,0.14692023787514238
2016-09-08,0.0022856006553536876,5.223970355753206e-06,0.042887986902354264,0.04510157785125324,0.04762891467850256,0.12095123867035712,0.14682768444106417
2016-09-09,0.024226012436864012,0.0005868996785910898,0.18590904233099087,0.13153548923184794,0.0967923924602038,0.13140398116832516,0.1176938748371096
2016-09-12,0.014245567362237437,0.0002029361894720445,0.22263000348524165,0.15494723483447922,0.11134324239640936,0.13429954170046357,0.10781021269844758
2016-09-13,0.014480077709855937,0.00020967265048346675,0.23285930686898754,0.16635830743445976,0.1210118227922808,0.13758493370892483,0.10475150780780809
2016-09-14,0.00037512980383538533,1.407223697255747e-07,0.23246274186102664,0.16663725533049478,0.12020098165458407,0.13704686490961088,0.10477865350856629
2016-09-15,0.009943166704879373,9.886656412102173e-05,0.2577052393848776,0.1773770403402623,0.12612803034498732,0.13835003117442646,0.09913870954883301
2016-09-16,0.0038730071215801096,1.5000184163810247e-05,0.18111082224805486,0.17783842336577352,0.1260960497704395,0.13857620874261933,0.09824799441357755
2016-09-19,0.00018744701552587644,3.513638362955816e-08,0.13950872761613126,0.17515741539962662,0.126154907159471,0.1361304103719699,0.09898498538141234
2016-09-20,4.7064509499187505e-05,2.2150680543991108e-09,0.08210855373018582,0.17349925273189248,0.12616400213098092,0.11240091928636034,0.10163254486070775
2016-09-21,0.011182809488844144,0.00012505522806378262,0.10583575356749345,0.1859232214729868,0.13301531495709512,0.10718014595726978,0.09344432109538911
2016-09-22,0.00628142144753856,3.9456255401597416e-05,0.09435616638692829,0.18916296888262027,0.13388172059470077,0.10207376793893533,0.09018520727743456
2016-09-23,0.005494257513935957,3.018686562944172e-05,0.10193912903655558,0.1390111853383167,0.13533499986743885,0.0975845990477135,0.08850646483197945
2016-09-26,0.008135212664141162,6.618168509080274e-05,0.1274586903809111,0.12769675907335742,0.13819082501001814,0.09559942901029449,0.08512563091951537
2016-09-27,0.0061885711666024796,3.8298413084103576e-05,0.1325984753824208,0.10420013379339549,0.13892068432026314,0.09626432854547262,0.08285993130159719
2016-09-28,0.004951674565890521,2.4519081006487078e-05,0.11105524463662642,0.10480904771980576,0.14009861898280765,0.09530826328579396,0.08063393825482162
2016-09-29,0.009088698380622786,8.260443825393526e-05,0.11637779810282423,0.1085511796757986,0.14345634331548018,0.09675479983908838,0.07475434713653481
2016-09-30,0.007517904454559114,5.651888738787977e-05,0.12986839136488432,0.11153110922482964,0.14617187744434235,0.09779202974869462,0.06916581909826863
2016-10-03,0.002406839053415231,5.7928742290447255e-06,0.11153835505916422,0.11304735069286231,0.14540713557991583,0.09340244312192456,0.06899412793969845
2016-10-04,0.005111065401143779,2.6122989534769024e-05,0.11002055473324696,0.11728432099057744,0.14577640148291768,0.09381628405966642,0.07119505582862037
2016-10-05,0.004415477125077497,1.949643824208264e-05,0.10829853729770646,0.10437819987729342,0.14692023787514238,0.09308552739123373,0.07058335108672721
2016-10-06,0.0006955882760664372,4.83843049801078e-07,0.08062876270789171,0.09843097961696827,0.14682768444106417,0.09309068085455958,0.07100808197053618
2016-10-07,0.0034354185919779293,1.1802100902107619e-05,0.05985755272278514,0.09610710309816503,0.1176938748371096,0.09268054512141369,0.07071188559994974
2016-10-10,0.005195056750133254,2.6988614637105087e-05,0.07286499452966114,0.08927864625689046,0.10781021269844758,0.09324262493075132,0.10699455556370249
2016-10-11,0.012710365845708756,0.00016155339993175966,0.11597739493217978,0.10661153191530716,0.10475150780780809,0.09670042248239971,0.09847155137636482
2016-10-12,0.0013113561694637818,1.719655003190723e-06,0.10840945435079091,0.1024067716542379,0.10477865350856629,0.09672869172165174,0.10513537725024803
2016-10-13,0.0032809527580386633,1.0764651000481511e-05,0.10632409102577306,0.09393646811550506,0.09913870954883301,0.0965292261754064,0.10428761338589114
2016-10-14,0.0005162237849162807,2.664869961132905e-07,0.10801822746046882,0.08249563924350917,0.09824799441357755,0.09625525787358205,0.10490870749460046
2016-10-17,0.0034779533854712853,1.2096159751511176e-05,0.08844056233479285,0.0830058462664644,0.09898498538141234,0.09599891819286661,0.10370461532304485
2016-10-18,0.006242682358593664,3.897108303029655e-05,0.06323660807790388,0.08887391379721823,0.10163254486070775,0.09678520484959621,0.10486967069221881
2016-10-19,0.0026633616648155467,7.09349535760904e-06,0.06534301917619897,0.08659251332507788,0.09344432109538911,0.09694907116444562,0.10518684562513742
2016-10-20,0.0018684289693828018,3.4910268136288786e-06,0.06075794648191743,0.08645160138031119,0.09018520727743456,0.09699708197571916,0.10573576812101822
2016-10-21,0.0004674346280151941,2.184951314677029e-07,0.06077405554668279,0.08544116070803497,0.08850646483197945,0.09696874556491428,0.10641252286550078
2016-10-24,0.004243850929449988,1.8010270711393527e-05,0.05031056936175053,0.08378509587177543,0.08512563091951537,0.09732020627219212,0.10833923219135991
2016-10-25,0.003356451150041931,1.1265764322617802e-05,0.04966638113347138,0.053624399476867805,0.08285993130159719,0.09753998046525189,0.1070025621009399
2016-10-26,0.0020094438292456917,4.0378645028935885e-06,0.04745805987446471,0.05453414709670072,0.08063393825482162,0.09673854164766754,0.10628135964148998
2016-10-27,0.002670265694778519,7.130318880711005e-06,0.04921849796950318,0.05357879979690757,0.07475434713653481,0.09668245060477965,0.10528761514277496
2016-10-28,0.002960088353163028,8.762123058531406e-06,0.05025439308261766,0.05558190791936137,0.06916581909826863,0.09681835153496537,0.10653599632599575
2016-10-31,4.708987697742575e-05,2.2174565137490914e-09,0.02132961961941699,0.052628163729170827,0.06899412793969845,0.09524047456156154,0.10632663129971137
2016-11-01,0.007271772755432591,5.287867900665169e-05,0.042462932688791984,0.052041023295216496,0.07119505582862037,0.09629046930579384,0.10205706808058596
2016-11-02,0.006036796388123343,3.644291063165904e-05,0.04616997376814153,0.051948435298531936,0.07058335108672721,0.09693620341032762,0.09986393778791264
2016-11-03,0.004587523699330846,2.1045373691922173e-05,0.04526855194314741,0.053323326476041176,0.07100808197053618,0.09720922704593195,0.09680256025152752
2016-11-04,0.0011022689895564565,1.2149969253378118e-06,0.05004502238845691,0.05149984762591811,0.07071188559994974,0.09659759803785674,0.0965324905900802
2016-11-07,0.02181736889914096,0.0004759975856812032,0.19213896456316365,0.13092250040500944,0.10699455556370249,0.10705505506384379,0.065892380107472
2016-11-08,0.004493681218228152,2.0193170891056448e-05,0.17966141053208148,0.13257272415329688,0.09847155137636482,0.10731226119343787,0.07630666364128284
2016-11-09,0.010546080816321201,0.00011121982058437804,0.16561881610071616,0.14196800713893554,0.10513537725024803,0.10908411006171029,0.06998058166413847
2016-11-10,0.0024927861928988582,6.213983003507183e-06,0.14248709235367296,0.14035560183747434,0.10428761338589114,0.1091373982062838,0.07142562009039181
2016-11-11,0.002307617878562296,5.325100273460351e-06,0.1473260541934211,0.139780358835847,0.10490870749460046,0.10913170915205869,0.0705767272817604
2016-11-14,0.0007849825046544637,6.161975326135951e-07,0.07625747867109184,0.13956883563028608,0.10370461532304485,0.10910925876084046,0.07205068283384876
2016-11-15,0.0077725479788713255,6.0412502083856726e-05,0.08301024382353953,0.1321755497266336,0.10486967069221881,0.11028540849465367,0.07874886328882617
2016-11-16,0.0018802593326671484,3.53537515808191e-06,0.0648160952775952,0.1253480585554871,0.10518684562513742,0.11028042368861703,0.07799211119869981
2016-11-17,0.005127506203992241,2.629131987197892e-05,0.07016338859882841,0.11630036468068405,0.10573576812101822,0.11024637026056787,0.0782913525115828
2016-11-18,0.002239973317681408,5.017480463924653e-06,0.06990904183982122,0.11803732113467173,0.10641252286550078,0.11034382662646429,0.07693382011329576
2016-11-21,0.007523272239901702,5.659962519567557e-05,0.078854182870486,0.07313222948504106,0.10833923219135991,0.11128507167914692,0.07442251774549352
2016-11-22,0.0019514765530705507,3.8082607371841177e-06,0.0679447031394286,0.07301690762446937,0.1070025621009399,0.11092603558039332,0.07608677351500885
2016-11-23,0.0005437018185756313,2.9561166752244865e-07,0.06081170284897529,0.06010839573311346,0.10628135964148998,0.11085640814614038,0.07687193899784513
2016-11-25,0.003708501790955156,1.37529855335176e-05,0.05782975904862984,0.06070740843812207,0.10528761514277496,0.11087825421095411,0.07636707249982314
2016-11-28,0.004705810028096417,2.2144648020532803e-05,0.07113698433313119,0.06649847700644808,0.10653599632599575,0.11136932686689306,0.07314985533509163
2016-11-29,0.0019483975789855597,3.7962531257967904e-06,0.05108435799534667,0.06622846329594609,0.10632663129971137,0.11108296763177952,0.08109611988508796
2016-11-30,0.002402048514997916,5.769837068403692e-06,0.05359539971637725,0.06075875214785902,0.10205706808058596,0.11106703206618421,0.08022011932743911
2016-12-01,0.0036824604726730338,1.3560515132799304e-05,0.058193572531907344,0.06371708824287094,0.09986393778791264,0.1113488616456478,0.08020352345262749
2016-12-02,0.000500642893389248,2.50643306701158e-07,0.04462297838233463,0.05892518033699355,0.09680256025152752,0.11123741553669428,0.08331680973327706
2016-12-05,0.005990980725682691,3.58918500555015e-05,0.06053133817680444,0.06326110401269011,0.0965324905900802,0.09955228959273409,0.08327487346709955
2016-12-06,0.003162441446511142,1.0001035902611485e-05,0.06296275666519847,0.05405353773522797,0.065892380107472,0.09561333182001926,0.0834370827645947
2016-12-07,0.012996259211691025,0.00016890275349746382,0.09934285110305374,0.0822735213646764,0.07630666364128284,0.09380075840523343,0.0718854175019829
2016-12-08,0.0024454855513705407,5.980399581962077e-06,0.07738995499188642,0.0820099636217241,0.06998058166413847,0.09380870324698144,0.0731042899310441
2016-12-09,0.006022066189155729,3.62652811865726e-05,0.06619799562876673,0.08415675401062803,0.07142562009039181,0.0925472074745586,0.0702315567885614
2016-12-12,0.0011483348935346473,1.3186730277092299e-06,0.08408456535280313,0.0775887731463674,0.0705767272817604,0.09211048108336384,0.07057180649415482
2016-12-13,0.006651942220900596,4.424833531019995e-05,0.08372471624826766,0.08006423687145438,0.07205068283384876,0.09282382888602508,0.06736922676850388
2016-12-14,0.008288651353908091,6.870174126664243e-05,0.09722933636571388,0.09529952836554852,0.07874886328882617,0.09477329735269134,0.06013666493188816
2016-12-15,0.00410906047161134,1.6884377959358804e-05,0.0993347956781059,0.08904790097609785,0.07799211119869981,0.09259342904058251,0.06025685904988172
2016-12-16,0.0019579780182416057,3.833677919917326e-06,0.09219058907393156,0.0919760681680772,0.0782913525115828,0.09205880481244609,0.06011959834242765
2016-12-19,0.002174911563131245,4.730240307441996e-06,0.09288687255999506,0.09048226069509181,0.07693382011329576,0.09119578717438566,0.061404114858880726
2016-12-20,0.003850566183139577,1.482685993073809e-05,0.0828576262236491,0.09066422366976927,0.07442251774549352,0.08946125563639719,0.061258141861786616
2016-12-21,0.002786956429806454,7.767126141639537e-06,0.05158159690717303,0.07337800301256626,0.07608677351500885,0.08913603921828503,0.061148909635027504
2016-12-22,0.0017287447396959767,2.9885583750265104e-06,0.04635402898781699,0.07423335003923892,0.07687193899784513,0.08888000962690269,0.06464904998201727
2016-12-23,0.0014633398433985842,2.141363497277793e-06,0.04396856413574286,0.0683595355271742,0.07636707249982314,0.0864858957997166,0.07077635689160842
2016-12-27,0.0024777359285215552,6.139175331486573e-06,0.044700712714819686,0.06872907536639938,0.07314985533509163,0.08545753714231204,0.0708054008950224
2016-12-28,0.00829901565670507,6.887366087023588e-05,0.06742536418533425,0.0727100296485014,0.08109611988508796,0.0872506811990331,0.06310908776770868
2016-12-29,0.00022267382838427074,4.958363384730766e-08,0.06745766580679564,0.05990159275661228,0.08022011932743911,0.08641911934763905,0.06805815297958216
2016-12-30,0.0036618053113520047,1.3408818138245752e-05,0.0696604748285721,0.05728680930762545,0.08020352345262749,0.08657392038221161,0.0661707618336727
2017-01-03,0.007621096195644251,5.808110722326327e-05,0.09580208992946725,0.070781153115805,0.08331680973327706,0.08772893228676114,0.06120180503749881
2017-01-04,0.00593138244123906,3.518129766423903e-05,0.10506587259076887,0.07618661636521175,0.08327487346709955,0.08789152248238051,0.05779160034181993
2017-01-05,0.0007943584428596075,6.310053357423403e-07,0.07596723758071189,0.07394137876661122,0.0834370827645947,0.08751785295778611,0.06217052336163354
2017-01-06,0.003571210008345439,1.275354092370663e-05,0.07444218904943968,0.0741198591642663,0.0718854175019829,0.08297011086535587,0.061734715310262346
2017-01-09,0.0033065358399394828,1.09331792608043e-05,0.0725994093351293,0.07593030307569917,0.0731042899310441,0.08346779322142237,0.060209928272297035
2017-01-10,0.0,0.0,0.05814457272824014,0.07575375031087372,0.0702315567885614,0.08300791873966086,0.060232265667053295
2017-01-11,0.0028222131607829677,7.964887124896589e-06,0.04435744491164973,0.076046167251503,0.07057180649415482,0.08307096839577165,0.06268938110607596
2017-01-12,0.002513450128805234,6.317431549991046e-06,0.04886620700784202,0.06179879787497742,0.06736922676850388,0.0828643830024258,0.06239711761257393
2017-01-13,0.0022930348303129866,5.2580087330285074e-06,0.04374440603496232,0.06175853437908005,0.06013666493188816,0.08222514744055776,0.06416756479941481
2017-01-17,0.0035295186325848263,1.2457501777763462e-05,0.044777436832269014,0.061470062746493595,0.06025685904988172,0.08270262218468724,0.06227046213762719
2017-01-18,0.0022076424042834016,4.8736849851901975e-06,0.04798191409749822,0.050728411419002715,0.06011959834242765,0.08251964360224023,0.0635427984141504
2017-01-19,0.003711609156017668,1.3776042527034184e-05,0.048385994162036414,0.045546379416372434,0.061404114858880726,0.08309283014449668,0.061031992135604625
2017-01-20,0.003667103397717417,1.3447647329550623e-05,0.05592309308328003,0.049513565025569396,0.061258141861786616,0.08300508697315204,0.060685232033397034
2017-01-23,0.0026053599801890747,6.787900626370816e-06,0.05509839666388521,0.04721886750580633,0.061148909635027504,0.08285113213293084,0.06001752016298924
2017-01-24,0.006391312786913613,4.084887914016546e-05,0.06765587008779259,0.05529824540241648,0.06464904998201727,0.08333298009306842,0.05888383707749891
2017-01-25,0.008618480838966096,7.427821197162574e-05,0.08643415089801346,0.06846428335659524,0.07077635689160842,0.08433083699028675,0.05329753201003662
2017-01-26,0.001046225858905281,1.0945885478420928e-06,0.0758434548248551,0.06890988190629786,0.0708054008950224,0.08400525417434411,0.0524726361294347
2017-01-27,0.0015708151132710058,2.4674601200806027e-06,0.08184168282866335,0.06772520772559576,0.06310908776770868,0.08417893555841008,0.051130889288000136
2017-01-30,0.006220904910368577,3.869965790384787e-05,0.09713670149083517,0.07636053165625677,0.06805815297958216,0.08374628734675102,0.045020066627821174
2017-01-31,8.800145934308935e-05,7.744256846513407e-09,0.08568145427814734,0.07353076050754359,0.0661707618336727,0.08237965853431584,0.061206836378256774
2017-02-01,0.0003954409101131496,1.5637351339111606e-07,0.041903827149373414,0.07295714943657855,0.06120180503749881,0.08144625601137148,0.06863317733508169
2017-02-02,0.00065859156389578,4.337428480346893e-07,0.04521237961910231,0.06929622734692356,0.05779160034181993,0.08128223800598956,0.06864244183714054
2017-02-03,0.006869383886341897,4.718843497793371e-05,0.07359192465805763,0.0746388260435232,0.06217052336163354,0.0704236793698247,0.06882309966463653
2017-02-06,0.0017895834111511615,3.202608785467427e-06,0.05245707567293996,0.07359765578780014,0.061734715310262346,0.07039078191293278,0.06977821443222183
2017-02-07,4.400281742251596e-05,1.9362479411192744e-09,0.052259428063410364,0.0677817807233294,0.060209928272297035,0.06768185968192018,0.07070916514352428
2017-02-08,0.001309548118472174,1.714916274594011e-06,0.05173391547541693,0.05151013954390867,0.060232265667053295,0.06761666488134606,0.0707119134714683
2017-02-09,0.005915177781515634,3.498932818693622e-05,0.05971431452516809,0.059352647362005004,0.06268938110607596,0.06798787437978361,0.06927733900922485
2017-02-10,0.003938225203766546,1.5509617755582054e-05,0.04872273728466011,0.06027068455185153,0.06239711761257393,0.06822115823759825,0.0687539638776577
2017-02-13,0.005427775643796281,2.9460748439388135e-05,0.0407311083320937,0.04768952355263563,0.06416756479941481,0.0674220663168074,0.06931287115360685
2017-02-14,0.003987571569553254,1.5900727022309403e-05,0.02848806973548873,0.04642350872506127,0.06227046213762719,0.06736093050356855,0.07386411113556468
2017-02-15,0.005206588274161224,2.710856145663315e-05,0.014110786084546424,0.04608813614636612,0.0635427984141504,0.0673804810151031,0.07297309427730057
2017-02-16,0.0008516785414961778,7.253563380450566e-07,0.04046204899820062,0.04891702757970452,0.061031992135604625,0.0671313549101651,0.07330717778493433
2017-02-17,0.001575140674616761,2.4810681448321446e-06,0.042432930534785133,0.044200805454971785,0.060685232033397034,0.0658678019628875,0.07350090940349525
2017-02-21,0.005937690095838551,3.525616367421923e-05,0.044330605956305266,0.04015554760438439,0.06001752016298924,0.06656693896496468,0.0848558094106677
2017-02-22,0.000888431485762634,7.893105048944012e-07,0.05159301438750043,0.04244680332409669,0.05888383707749891,0.0666972171066573,0.08537063741734287
2017-02-23,0.0006768436227024635,4.5811728959299473e-07,0.044470330677021476,0.0433270474774869,0.05329753201003662,0.06650608090853569,0.08535544482755272
2017-02-24,0.001267960324225744,1.6077233838106538e-06,0.04039908976844074,0.041071646363993276,0.0524726361294347,0.06536333903997804,0.08516437651037977
2017-02-27,0.0015620838122346286,2.4401058364454704e-06,0.040402020131248086,0.04067906149661034,0.051130889288000136,0.06535135745383829,0.08487064105005394
2017-02-28,0.0027031308891931555,7.3069166041101795e-06,0.02817528347017942,0.04401905258983357,0.045020066627821174,0.0654266315579298,0.08874753144089018
2017-03-01,0.013900403726370074,0.00019322122375608304,0.10095975437465066,0.07584229429393875,0.061206836378256774,0.06953333904392647,0.07214087549426515
2017-03-02,0.006317308178950791,3.990838262783856e-05,0.12105171134842417,0.08600035159593158,0.06863317733508169,0.07135920721882634,0.07013765396076498
2017-03-03,0.0006293860453664012,3.961267941019576e-07,0.12122754744265925,0.0852247683694949,0.06864244183714054,0.07074585486949128,0.07045956949865097
2017-03-06,0.002982263132618616,8.893893392176201e-06,0.1251091781522383,0.08822605272460765,0.06882309966463653,0.07119744195237479,0.06998018597389094
2017-03-07,0.0029913327777162406,8.94807178703956e-06,0.1255906291164109,0.08589623195713982,0.06977821443222183,0.06737783199630189,0.06930179682216381
2017-03-08,0.0018583172634745564,3.4533430517275636e-06,0.03972009042308181,0.08638183821121881,0.07070916514352428,0.06755878460625506,0.06978933678676386
2017-03-09,0.0012673920432966152,1.6062825914115693e-06,0.031998605766507975,0.08653945609012527,0.0707119134714683,0.06672321707693486,0.07041854167860072
2017-03-10,0.0034979436238938427,1.223560959593959e-05,0.04577285785855079,0.08803732109720312,0.06927733900922485,0.06681044360270844,0.06918621393369297
2017-03-13,0.0005047392069925812,2.5476166707549975e-07,0.04083076277713862,0.08780639617960165,0.0687539638776577,0.06573700992214873,0.06920101488254836
2017-03-14,0.003834141800800285,1.4700643348644054e-05,0.045050442729895855,0.08906219390771555,0.06931287115360685,0.06370385858060224,0.06803929901818896
2017-03-15,0.008616500623592073,7.424408299636258e-05,0.07223821024802896,0.06764827782631283,0.07386411113556468,0.06532525850500655,0.061062303081624414
2017-03-16,0.0019690400165266464,3.877118586683256e-06,0.07777724830220117,0.05999087892539205,0.07297309427730057,0.06532737793502578,0.06424418849156878
2017-03-17,0.0017574614841355724,3.0886708682200087e-06,0.07763842904890465,0.06058150741285955,0.07330717778493433,0.06551358770116342,0.07306801012502169
2017-03-20,0.0010976243001520117,1.2047791042841934e-06,0.07821918945187781,0.058828332559805296,0.07350090940349525,0.06534676611184842,0.07357229903326536
2017-03-21,0.01292274077513498,0.00016699722914133625,0.12108908846531177,0.08735580397346902,0.0848558094106677,0.0708087619525049,0.05781502341793892
2017-03-22,0.0023505460021430616,5.52506650819073e-06,0.0916343941229681,0.08868257375584475,0.08537063741734287,0.07071693539179853,0.06425129250365053
2017-03-23,0.001067957023858991,1.1405322048097534e-06,0.09254099310665063,0.08812718066231923,0.08535544482755272,0.07079319218202353,0.06525291884330103
2017-03-24,0.0007263752095683176,5.276209450754173e-07,0.09362547137831866,0.08489375256535182,0.08516437651037977,0.07074934769805999,0.07556791284368
2017-03-27,0.0010268661897532892,1.0544541716584382e-06,0.09370273914194764,0.08438409601085492,0.08487064105005394,0.06836214082063265,0.07736127480104209
2017-03-28,0.0072505952793196805,5.257113190449284e-05,0.05702975262280895,0.09311815425389011,0.08874753144089018,0.06961518902625131,0.0739583057101925
2017-03-29,0.0009342878697127321,8.72893823492355e-07,0.056356073743258066,0.07968836385237626,0.07214087549426515,0.06897208418231153,0.0739542098862435
2017-03-30,0.00317929977319772,1.0107947047855073e-05,0.05421789866432656,0.08209586680087211,0.07013765396076498,0.0677250558285835,0.07396631494926102
2017-03-31,0.0023306021817421775,5.4317065295413975e-06,0.06003872240104947,0.08239381041083661,0.07045956949865097,0.06720268159934335,0.07361316560119543
2017-04-03,0.0017408115831984712,3.030424968197968e-06,0.06218331043187334,0.08257749623590509,0.06998018597389094,0.06732243515511817,0.07309446899897404
2017-04-04,0.0006372521038750773,4.060902438932123e-07,0.03527994524994939,0.045857411614052074,0.06930179682216381,0.0670591671061012,0.07341923799071574
2017-04-05,0.0029770738080814227,8.862968458764424e-06,0.04027720821406863,0.04836773074419602,0.06978933678676386,0.06697911116644802,0.07218019808325891
2017-04-06,0.002807428749229529,7.881656182000478e-06,0.03807844263977034,0.04939507230263869,0.07041854167860072,0.06710549703599757,0.0726936859980885
2017-04-07,0.0010200463034715002,1.0404944612258719e-06,0.03564687320171569,0.049637397484120736,0.06918621393369297,0.06705347962833448,0.07245797872229402
2017-04-10,0.0005948356727797758,3.538294776113686e-07,0.03418062020990107,0.048836492253445045,0.06920101488254836,0.06672765313092467,0.07275194518871249
2017-04-11,0.0011901751069854755,1.416516785287888e-06,0.03452312989409967,0.033164803176895276,0.06803929901818896,0.06675613951558268,0.07240498884348517
2017-04-12,0.004391749065313905,1.9287459852685556e-05,0.04194921904564251,0.038769959872645844,0.061062303081624414,0.06700962827270583,0.07053651300517896
2017-04-13,0.006516034936593014,4.245871129490072e-05,0.04572785273553648,0.04238553757926744,0.06424418849156878,0.06850392528731256,0.06548744666230936
2017-04-17,0.00882096283775999,7.780938538514277e-05,0.0938769815190781,0.06694787394592047,0.07306801012502169,0.07001857374325053,0.061419468657698616
2017-04-18,0.002988640216254532,8.931970342213935e-06,0.0946007474766062,0.06788323726756412,0.07357229903326536,0.07014213853685937,0.059965262128802446
2017-04-19,0.0018400697840515816,3.3858568101796344e-06,0.0946859734805043,0.06773513411647168,0.05781502341793892,0.0700107183398351,0.09049492432323684
2017-04-20,0.00810570627143862,6.570247415883938e-05,0.10999809006244557,0.07984750488363299,0.06425129250365053,0.070701076408339,0.08704126704102763
2017-04-21,0.003191780521079854,1.0187462894744785e-05,0.09726072285131299,0.08012144014545083,0.06525291884330103,0.06912668818976114,0.08864939027779606
2017-04-24,0.01093787690894999,0.00011963715127534141,0.10753242148781235,0.0978876074810332,0.07556791284368,0.07232066631845546,0.08192577255456994
2017-04-25,0.005801854553215849,3.366151625667148e-05,0.09851753731408378,0.10097260327634307,0.07736127480104209,0.07293698332149327,0.07980340784495404
2017-04-26,0.0006291221784016929,3.9579471535689154e-07,0.09430920226099393,0.1006153007800767,0.0739583057101925,0.07153941275364482,0.08003084879282017
2017-04-27,0.0008385941475403262,7.032401442888864e-07,0.08935382017795311,0.0954632432099134,0.0739542098862435,0.07151279248297542,0.08147898259826099
2017-04-28,0.0021817648959798546,4.760098061329986e-06,0.08531804142890738,0.08680821497815928,0.07396631494926102,0.07177948212731462,0.08086537604599046
2017-05-01,0.0025170499819541824,6.33554061165555e-06,0.048799779943115254,0.07911290914787572,0.07361316560119543,0.07186250271724222,0.08078090262188947
2017-05-02,0.00037703376159240164,1.4215445738051595e-07,0.02768598859831418,0.07519068793463539,0.07309446899897404,0.07076393977922944,0.0808329967060807
2017-05-03,0.0012152728831696133,1.4768881805673845e-06,0.029050122335190005,0.07434073681915765,0.07341923799071574,0.07068586200007686,0.08459555236464945
2017-05-04,0.0011732644279669976,1.376549417932726e-06,0.029699935253097897,0.06648377637683615,0.07218019808325891,0.07067533350029771,0.08499278390990488
2017-05-05,0.003929282186196641,1.543925849876225e-05,0.0313225293931776,0.062046818281117515,0.0726936859980885,0.07096372087570829,0.08456033670997536
2017-05-08,0.00016658472679768066,2.7750471202257907e-08,0.03084757823758915,0.03867157360868651,0.07245797872229402,0.07018747873306944,0.08574020914181618
2017-05-09,0.0009185863936546951,8.438009626075385e-07,0.033292869785462226,0.029037931129278584,0.07275194518871249,0.06994005685572675,0.08559480083831418
2017-05-10,0.001794222273610982,3.2192335671217618e-06,0.02985891038423058,0.029245145041790307,0.07240498884348517,0.06926946117367005,0.0855337957901484
2017-05-11,0.0020445648973889258,4.180245619634988e-06,0.037536382576257354,0.03207196230301457,0.07053651300517896,0.0691023874121143,0.08532132052977795
2017-05-12,0.0016725669725431633,2.797480277642203e-06,0.02415169686880627,0.031042292583370535,0.06548744666230936,0.06852521645872665,0.08490740604148886
2017-05-15,0.005508360359566156,3.034203385083979e-05,0.050174722255071885,0.03933883677727058,0.061419468657698616,0.0692811491937206,0.0844828224812772
2017-05-16,0.0009162120863678073,8.394445872064504e-07,0.05017039630513365,0.040141942912423685,0.059965262128802446,0.06929861185515898,0.08459107090840878
2017-05-17,0.017903241178801328,0.0003205260447063276,0.13763600240541982,0.10137206693573571,0.09049492432323684,0.07788648483358108,0.04919702388354372
2017-05-18,0.004020385758143412,1.616350164428238e-05,0.14777577351634108,0.1041463877739972,0.08704126704102763,0.07828923439887638,0.048623249471631234
2017-05-19,0.00648312974530635,4.203097129447598e-05,0.16038861046933828,0.10813173878782967,0.08864939027779606,0.07936667231943119,0.05143779293924219
2017-05-22,0.005064596015982767,2.565013280510852e-05,0.15935820837250622,0.11181969585979583,0.08192577255456994,0.07996328773611515,0.057524834888088856
2017-05-23,0.0022102998479421043,4.885425417812889e-06,0.1605706587157559,0.11224811419103305,0.07980340784495404,0.08001914671065083,0.05748141941191979
2017-05-24,0.002330126291924105,5.42948853631598e-06,0.02893437967798134,0.11248593782253942,0.08003084879282017,0.07988304158907276,0.05737568963258101
2017-05-25,0.004768207773558929,2.2735805371827796e-05,0.029415291361913138,0.11368889304039738,0.08147898259826099,0.07533524121248972,0.055386303577540284
2017-05-26,0.00020687928281868024,4.279903765957149e-08,0.03423759397996986,0.1129637874724441,0.08086537604599046,0.07410490147415695,0.055319605003287295
2017-05-30,0.0008691129175670392,7.55357263481891e-07,0.03575607159430375,0.1105629856705463,0.08078090262188947,0.07414104935048788,0.0631852698216052
2017-05-31,0.0002484984258643891,6.175146765707929e-08,0.03753049597433922,0.11037447158355938,0.0808329967060807,0.07383734846719257,0.07027377714773322
2017-06-01,0.007920829035117956,6.273953260356765e-05,0.061739726406365596,0.047752480712079284,0.08459555236464945,0.07511523100113753,0.07245459883486347
2017-06-02,0.003322786930731974,1.1040912987043212e-05,0.05884420330930796,0.04752321129671736,0.08499278390990488,0.0751668718215487,0.07170214681746222
2017-06-05,0.0007373794225325818,5.437284127744838e-07,0.06019350168132572,0.04685333355623562,0.08456033670997536,0.07520312847370376,0.07199923010500991
2017-06-06,0.0032020912304838427,1.025338824834153e-05,0.06859316027564367,0.05160639834761621,0.08574020914181618,0.07534109290662704,0.0715294078548585
2017-06-07,0.0018484781309639463,3.416871400651964e-06,0.06699358789995034,0.051504479718872946,0.08559480083831418,0.07539519268933748,0.0784497048385208
2017-06-08,0.0004924087210204032,2.4246634853694923e-07,0.03960903814765132,0.05149398182318586,0.0855337957901484,0.0748579022149918,0.08212736099857602
2017-06-09,0.001518870956109336,2.306968981312489e-06,0.030555560364989947,0.04929269850022138,0.08532132052977795,0.07305279426648457,0.08204902159135448
2017-06-12,0.00020533217359058314,4.216130151143337e-08,0.03066389346885084,0.04929191955814492,0.08490740604148886,0.07289976547850452,0.0820915889944528
2017-06-13,0.004877949376443158,2.3794390119142197e-05,0.038693326984270304,0.05256761488559469,0.0844828224812772,0.07332422602331559,0.08462965416915356
2017-06-14,0.0012682303487953513,1.6084082176055783e-06,0.041138787801429606,0.053622917611925155,0.08459107090840878,0.0733411389678711,0.08462915145986963
2017-06-15,0.0019262278929993227,3.7103538957686102e-06,0.04452081439491265,0.03983634770951524,0.04919702388354372,0.06800187053392248,0.0855715099914858
2017-06-16,0.00021812187194910138,4.757715102258018e-08,0.04246795577826468,0.03579666933169426,0.048623249471631234,0.06792131021324546,0.08560066383639357
2017-06-19,0.008290577177187841,6.873366993090792e-05,0.06970258118214523,0.055085010276551,0.05143779293924219,0.06958860881302867,0.08063188857985988
2017-06-20,0.006766712166380235,4.57883935426383e-05,0.08675475486723155,0.06438637980668452,0.057524834888088856,0.071243796552379,0.07821044917841849
2017-06-21,0.00024690879468836834,6.096395289446282e-08,0.08633155951254308,0.06392791320121824,0.05748141941191979,0.07117998146621814,0.07812467212325362
2017-06-22,0.00045296874270095596,2.0518068186408483e-07,0.08497629653939281,0.06398076325788114,0.05737568963258101,0.06990697943988015,0.07823668082908983
2017-06-23,0.0011934402854752114,1.4242997149951541e-06,0.08526491545096661,0.0635060201084717,0.055386303577540284,0.06991420483485337,0.07831305048963966
2017-06-26,0.0006578009224499623,4.327020535760213e-07,0.05119689510701746,0.0634343231677366,0.055319605003287295,0.0697090432981028,0.0785362724750001
2017-06-27,0.008088539638795118,6.542447348835986e-05,0.060408049810855236,0.0710712833938931,0.0631852698216052,0.07170182277268085,0.07123849276084339
2017-06-28,0.008910326607537006,7.939392025298193e-05,0.0958716597074542,0.08612341387316932,0.07027377714773322,0.07359566530595264,0.06553589162193865
2017-06-29,0.008827536960636291,7.792540879139982e-05,0.11692984282677493,0.09711355183104872,0.07245459883486347,0.0761152630452559,0.05556385026935992
2017-06-30,0.0018627316044774983,3.4697690303193152e-06,0.1178966129445957,0.09780784374000916,0.07170214681746222,0.075818943020566,0.055812828328845945
2017-07-03,0.001693935862853623,2.869418707461648e-06,0.11909164438419019,0.08644204466068788,0.07199923010500991,0.07571299461327015,0.05593025771105123
2017-07-05,0.002309429154838751,5.3334630212192285e-06,0.10099797129050607,0.08136568063488865,0.0715294078548585,0.0757248995227126,0.055757389755036184
2017-07-06,0.009186389063711192,8.438974402987259e-05,0.09540363022354954,0.09331851320772269,0.0784497048385208,0.0783407423680481,0.04268176655758533
2017-07-07,0.0064641240114948935,4.1784899235984834e-05,0.09251943144073735,0.10061395060690413,0.08212736099857602,0.0792234695611404,0.03819890778473297
2017-07-10,0.0010734958897100969,1.1523934252244726e-06,0.09202461044613788,0.1005658548432836,0.08204902159135448,0.07854931201701873,0.038297691725536744
2017-07-11,0.0007430110864719918,5.520654746202897e-07,0.09160953093057617,0.10043296599729491,0.0820915889944528,0.07717416367661487,0.03986426514331312
2017-07-12,0.007486697148531397,5.605063419382815e-05,0.10611550473498409,0.09767448185152791,0.08462965416915356,0.07662546419624763,0.03185958150462918
2017-07-13,0.0016788216585664172,2.818442161271696e-06,0.05691254593006948,0.08773255117907729,0.08462915145986963,0.07625186810473994,0.06138927418119058
2017-07-14,0.004653286764789845,2.1653077715368338e-05,0.051553139078243576,0.07297070377462087,0.0855715099914858,0.07644658765000564,0.059095336964402584
2017-07-17,0.00012230741402491783,1.4959103525462667e-08,0.05472137270547511,0.07354719566258416,0.08560066383639357,0.07499127028099317,0.06924132562919354
2017-07-18,0.000529486853631392,2.8035632816847117e-07,0.050413585414440576,0.07370700310151604,0.08063188857985988,0.07453425275546638,0.06923944775144807
2017-07-19,0.005399261512822821,2.915202488384978e-05,0.03924728006061354,0.07634253136902323,0.07821044917841849,0.07215876808401746,0.06675045649171704
2017-07-20,0.000445217788208406,1.982188789371851e-07,0.041634713710038296,0.0477655521024195,0.07812467212325362,0.07139025245792273,0.08689328575795019
2017-07-21,0.0008908466755112919,7.93607799269521e-07,0.03944064990634305,0.04570381129349686,0.07823668082908983,0.0714125748063724,0.08693365412112848
2017-07-24,0.00024289603700883297,5.899848479459635e-08,0.03967929858134327,0.046874254067242584,0.07831305048963966,0.07143564754036016,0.08710482844764145
2017-07-25,0.002428149688330284,5.895910908938455e-06,0.04039900190060042,0.04467183477711675,0.0785362724750001,0.07128090184676107,0.09524496196469037
2017-07-26,4.0341401501139016e-05,1.6274286750761013e-09,0.01994559044505838,0.034085950973264174,0.07123849276084339,0.07119523382664218,0.0958918570915408
2017-07-27,0.0009298935144442123,8.647019482054084e-07,0.021855665167297793,0.035936403565103324,0.06553589162193865,0.07126942100064568,0.09608834630093016
2017-07-28,0.001173921030606008,1.378090586099072e-06,0.022723795573605408,0.03158659839417959,0.05556385026935992,0.07126482546807149,0.0966413615710646
2017-07-31,0.0005671113328939013,3.216152638966973e-07,0.023077830498711125,0.03192807838939319,0.055812828328845945,0.07130053926475542,0.09665805064396246
2017-08-01,0.0022261604702033077,4.955790439095812e-06,0.021721283948388192,0.03308153677810391,0.05593025771105123,0.07104902883244156,0.0963368138565207
2017-08-02,0.0004851051818788709,2.3532703748573242e-07,0.022103791266716948,0.02006068411872875,0.055757389755036184,0.07103144270631047,0.09807361123222244
2017-08-03,0.0019417633823209674,3.7704450329225635e-06,0.025685932639022902,0.022601594628115954,0.04268176655758533,0.07115654568236386,0.10032377933053159
2017-08-04,0.0018203145055667009,3.3135448991765425e-06,0.027240460317408042,0.023862371232668843,0.03819890778473297,0.07115844165683205,0.10024197475888867
2017-08-07,0.0018577006751719226,3.451051798534217e-06,0.02723077019658621,0.02503615215113506,0.038297691725536744,0.07098892631197859,0.10323841062029714
2017-08-08,0.002463891614988578,6.070761890411024e-06,0.03256148124806231,0.026095800844825552,0.03986426514331312,0.07111848198971632,0.10375892676916737
2017-08-09,4.036913823839242e-05,1.629667322110437e-09,0.032230984183802276,0.026089849231939452,0.03185958150462918,0.07040460065745223,0.10375899002214227
2017-08-10,0.0142161028031238,0.00020209757890898435,0.10675945769278086,0.07593941521607121,0.06138927418119058,0.0765965199244749,0.08954120876304501
2017-08-11,0.0014759819696870862,2.1785227748413707e-06,0.1058839491713225,0.07731431735624614,0.059095336964402584,0.06652200957587177,0.09636883295278618
2017-08-14,0.009864198351688792,9.730240912145988e-05,0.13790316372795944,0.09514264081190098,0.06924132562919354,0.06882208071501596,0.09108496339878383
2017-08-15,0.0001213950027593622,1.4736746694945554e-08,0.13741983212254116,0.09426600997382344,0.06923944775144807,0.0677975667555324,0.09103744732447352
2017-08-16,0.0017427959724533465,3.0373378015996057e-06,0.13846261839228952,0.09477980143154745,0.06675045649171704,0.06721191400607139,0.09102958369792367
2017-08-17,0.015713691053894252,0.0002469200865372362,0.14805441937073702,0.12289976705434197,0.08689328575795019,0.0749574249720084,0.06749576258024134
2017-08-18,0.0015644150599722485,2.4473944798679738e-06,0.14700242948677442,0.1214440068410042,0.08693365412112848,0.0749297942103836,0.06654754653557927
2017-08-21,0.000782080897100199,6.116505296090521e-07,0.11468722665663167,0.12062495099956165,0.08710482844764145,0.07434069669293367,0.06651329045175144
2017-08-22,0.010403060129581808,0.00010822366005969466,0.1500656060327799,0.13567075967521622,0.09524496196469037,0.07724074094647986,0.05806534181525562
2017-08-23,0.0035919757280981966,1.2902289631246569e-05,0.14898914164349955,0.13632871129634616,0.0958918570915408,0.07762286135367671,0.05715701915683471
2017-08-24,0.0023334146815865145,5.4448240762434945e-06,0.08941263457393689,0.11580945747010654,0.09608834630093016,0.07780213866259326,0.05575497454241966
2017-08-25,0.0023334146815863917,5.444824076242922e-06,0.08734442764669782,0.11617529568165846,0.0966413615710646,0.07627884052127853,0.05688874523837383
2017-08-28,4.1099572527347784e-05,1.6891748619307206e-09,0.08789475823084109,0.10296189136255281,0.09665805064396246,0.07599417978911496,0.056780663837476854
2017-08-29,0.0011440952080580442,1.3089538451013795e-06,0.03883910271313912,0.10339128608507009,0.0963368138565207,0.07600256668136943,0.05759845263219024
2017-08-30,0.00472607018766353,2.2335739418721996e-05,0.04165918209505595,0.10638645293875872,0.09807361123222244,0.07624997687310939,0.05615713489651005
2017-08-31,0.005998305313657525,3.59796666358521e-05,0.03928607880728106,0.0674583279758446,0.10032377933053159,0.07708617039364157,0.053941432473404397
2017-09-01,0.0014133385528861163,1.9975258650742213e-06,0.04056829406641831,0.06491589183493848,0.10024197475888867,0.07711699352710402,0.055217662620442275
2017-09-05,0.007208085509183178,5.1956496707696514e-05,0.08179622595743699,0.08005533893592529,0.10323841062029714,0.07857549451628468,0.04559767043501244
2017-09-06,0.003408067273964042,1.1614922543864695e-05,0.0832394002981932,0.06382117197216929,0.10375892676916737,0.07883232235160474,0.04511553563158779
2017-09-07,0.0001215726307885282,1.4779904556843795e-08,0.0790254373797799,0.05969343716196,0.10375899002214227,0.07826193703611842,0.047267189057356204
2017-09-08,0.0011754202490115587,1.3816127617863948e-06,0.0636226476316313,0.05817917571308475,0.08954120876304501,0.0782545362525518,0.047237182653510776
2017-09-11,0.010609340587263377,0.00011255810769655402,0.10392916893469294,0.0755171535591836,0.09636883295278618,0.08094316385930429,0.03551531025338757
2017-09-12,0.00336506220387419,1.132364363594262e-05,0.07324006233664139,0.07508872119690249,0.09108496339878383,0.0811614745215111,0.03501295330577555
2017-09-13,0.0004797401261659871,2.301505886537572e-07,0.07566920797413067,0.07542754513928542,0.09103744732447352,0.07952171743354809,0.034948682066341115
2017-09-14,0.0003198011771267327,1.0227279289164386e-07,0.07613521306646984,0.07485228441804313,0.09102958369792367,0.0781355797088142,0.03586307412583369
2017-09-15,0.0013452333037742104,1.809652641583277e-06,0.07014502017094427,0.07081027708511466,0.06749576258024134,0.0781405627610463,0.03585664466544654
2017-09-18,0.002124403718843912,4.513091160637842e-06,0.022720267279165995,0.07096579867004271,0.06654754653557927,0.07818409186252706,0.035678819939794104
2017-09-19,0.0010009482364509545,1.0018973720542758e-06,0.014568080211452538,0.05334581588380816,0.06651329045175144,0.07817830091547491,0.03570555705571145
2017-09-20,0.0003598370213405399,1.2948268192723217e-07,0.014822183860693332,0.05340216260406374,0.05806534181525562,0.07817884819854092,0.0356055751217363
2017-09-21,0.0026828993537548382,7.197948942378128e-06,0.029410393007072093,0.05734079726884258,0.05715701915683471,0.07639517211078456,0.032859042639537414
2017-09-22,0.00020057665681231905,4.023099525800681e-08,0.028265432754975277,0.05593480988307202,0.05575497454241966,0.07442287692429046,0.03532835229146908
2017-09-25,0.002046638003603106,4.188727117792507e-06,0.025781808681249945,0.028531415217050864,0.05688874523837383,0.07205873476659361,0.03828822995929676
2017-09-26,0.0006021609607347757,3.625978226330281e-07,0.024301925973820707,0.02334442551710691,0.056780663837476854,0.07201052140955418,0.03817948693904178
2017-09-27,0.003886731328044611,1.5106680416403426e-05,0.04116356938521619,0.03014484928789106,0.05759845263219024,0.07229546578925987,0.043350320663199986
2017-09-28,0.0011994056643107537,1.4385739475807204e-06,0.033846831372059134,0.03002719621967717,0.05615713489651005,0.07221999469418575,0.04335615131956058
2017-09-29,0.0035086024387289247,1.2310291073054557e-05,0.03821573047584315,0.03331637409773426,0.053941432473404397,0.06951166771425592,0.049534219273137274
2017-10-02,0.004329391286743796,1.8743628913733103e-05,0.026763566804444503,0.03733829212009456,0.055217662620442275,0.06890458225150581,0.05117582095751223
2017-10-03,0.002137771877553654,4.570068600459275e-06,0.020693352617132885,0.03774249931505412,0.04559767043501244,0.06895904125508832,0.051026278218603296
2017-10-04,0.0011857404699214696,1.4059804620095876e-06,0.022323468764905135,0.0374855103667018,0.04511553563158779,0.06888931259348512,0.05104069305188216
2017-10-05,0.0059076354656898995,3.4900156795477116e-05,0.029334577857953348,0.03716818735780725,0.047267189057356204,0.06831027984057551,0.04741530995758082
2017-10-06,0.0011392940957542345,1.2979910366204588e-06,0.0435178434669091,0.03960515835966114,0.047237182653510776,0.06839854807044018,0.047929514769334915
2017-10-09,0.0016525391525294404,2.730885650642721e-06,0.04802670165981869,0.038524287412610776,0.03551531025338757,0.06808067334561294,0.04710025392028016
2017-10-10,0.0026345823172161625,6.941023986188084e-06,0.04870530290077523,0.037808872682166296,0.03501295330577555,0.06818276740717573,0.04700904412212912
2017-10-11,0.0015699627877214602,2.4647831548301386e-06,0.048681543209991296,0.036686635965930976,0.034948682066341115,0.06820574966152955,0.04703986940749091
2017-10-12,0.0014911973722676402,2.223669603057915e-06,0.03140698410342806,0.04054832575914556,0.03586307412583369,0.06763999163113428,0.048996383923557915
2017-10-13,0.0012165514435713385,1.4799974148555075e-06,0.030538408974006167,0.03929748116555586,0.03585664466544654,0.06765136683387975,0.04907772527797267
2017-10-16,0.00133282045562442,1.7764103669308868e-06,0.02426599223790211,0.03592661667666781,0.035678819939794104,0.06759500543047609,0.049020011696413526
2017-10-17,0.0007046235006342277,4.964942776460334e-07,0.019795288350403333,0.03556440569171315,0.03570555705571145,0.06756998395286999,0.050095475969372465
2017-10-18,0.0009783621597499231,9.57192515630534e-07,0.018497331095222665,0.03555370474401734,0.0356055751217363,0.06747288837748404,0.05363793265384594
2017-10-19,0.0002736827671373811,7.490225702797396e-08,0.006754211105107391,0.022749169894316832,0.032859042639537414,0.06746583676730394,0.061248488280494125
2017-10-20,0.005147094467698456,2.6492581459412052e-05,0.03131183112525808,0.0309265954776891,0.03532835229146908,0.0680105785086268,0.059912690616194274
2017-10-23,0.003896819307304327,1.5185200713779775e-05,0.05091578192132572,0.037758768714341855,0.03828822995929676,0.06856413450905144,0.05817409376224505
2017-10-24,0.001755369994842303,3.0813238187926672e-06,0.05154060336515803,0.03684005579232563,0.03817948693904178,0.06854713959823788,0.06195627773014731
2017-10-25,0.004962313582757962,2.4624556093624162e-05,0.06588020036663365,0.04621525662871662,0.043350320663199986,0.06945448222051682,0.05864754289322447
2017-10-26,0.001291782918938733,1.6687031096618734e-06,0.06686350941120486,0.04563040236314185,0.04335615131956058,0.06946790444853035,0.05885533558119575
2017-10-27,0.008142925137146696,6.630722978917554e-05,0.08316346676728952,0.060116366877457666,0.049534219273137274,0.07093554222479415,0.05242986310489203
2017-10-30,0.003732097563090209,1.3928552220423878e-05,0.08262551509915075,0.06471331601090112,0.05117582095751223,0.07150238614201615,0.060085011771039504
2017-10-31,0.0015566772393973533,2.423244027657765e-06,0.08244704502331748,0.06490392486752644,0.051026278218603296,0.0714842298442627,0.060394841130738265
2017-11-01,0.0013213576332579346,1.7459859949690105e-06,0.06704429782099201,0.06497450453230881,0.05104069305188216,0.07119007921945229,0.06622750550494716
2017-11-02,0.0003882945909025531,1.5077268932418106e-07,0.06770809634885282,0.0649564987670912,0.04741530995758082,0.0711749605276436,0.0673160414485368
2017-11-03,0.0033333669222706825,1.1111335038488322e-05,0.04178590334382738,0.06205387732564326,0.047929514769334915,0.0641364158909334,0.06744217261676645
2017-11-06,0.0015463107496219244,2.3910769343963177e-06,0.016932468183425482,0.05701781474402587,0.04710025392028016,0.06413853631388701,0.06942696086522443
2017-11-07,0.00069562142469108,4.838891664892479e-07,0.023726813831974888,0.05751126213849893,0.04700904412212912,0.06154519416635505,0.06923950863628557
2017-11-08,0.0016996814489257427,2.888917027822312e-06,0.024020277318107477,0.04763513487209205,0.04703986940749091,0.06153141406198981,0.06965768450092372
2017-11-09,0.0036345434712642503,1.3209906244509586e-05,0.04279744171332126,0.05416691423230139,0.048996383923557915,0.06220498416194354,0.06918436673976755
2017-11-10,0.0003101146753849142,9.61711118890907e-08,0.03430616039223916,0.03674177461972395,0.04907772527797267,0.051864737590124506,0.06909812788669235
2017-11-13,0.0009295160458068851,8.640000794124673e-07,0.032469086599385834,0.029746325781192896,0.049020011696413526,0.05157254447470565,0.0690593836575826
2017-11-14,0.002325074079921415,5.405969477122414e-06,0.035331271060931084,0.03255041701855525,0.050095475969372465,0.052050922094877446,0.06782313088434734
2017-11-15,0.005017936291849453,2.5179684629059842e-05,0.038311100503710505,0.041026069373982774,0.05363793265384594,0.04978610730039034,0.06667598449564847
2017-11-16,0.008464984759698937,7.165596698193528e-05,0.08039592530409334,0.060724333267120144,0.061248488280494125,0.051337115523605835,0.06644939530207894
2017-11-17,0.0029429473465770995,8.660939084725191e-06,0.08385272883755417,0.060405245014116184,0.059912690616194274,0.051521744808340444,0.0658920815016016
2017-11-20,0.0017048138269839034,2.906390184675502e-06,0.08467463528961393,0.060540737666553185,0.05817409376224505,0.05146854532018764,0.06932693102116143
2017-11-21,0.006521686746888206,4.253239802453728e-05,0.09245817408927341,0.06915681463850114,0.06195627773014731,0.052656215263587144,0.06764598452687019
2017-11-22,0.0008852073996200615,7.835921403421112e-07,0.07672752175288214,0.0691280546098797,0.05864754289322447,0.052813209338371206,0.0670209831437426
2017-11-24,0.0023073937493446883,5.324065914514939e-06,0.05680212840827165,0.06614882049303714,0.05885533558119575,0.05232799298288507,0.06735104099236539
2017-11-27,0.0004994602672941025,2.4946055860549634e-07,0.046993796823421315,0.06624813164849694,0.05242986310489203,0.051377330982841654,0.06768543737036123
2017-11-28,0.010093590771344666,0.00010188057465937422,0.0749865852402426,0.08098367307779296,0.060085011771039504,0.05470588697411929,0.05977682288669946
2017-11-29,0.0006088994389128961,3.7075852670843974e-07,0.07401061960323789,0.07900435866742292,0.060394841130738265,0.052051261000927565,0.059517579195206
2017-11-30,0.008716919750062951,7.598468992903754e-05,0.08084052211411602,0.07525964941463575,0.06622750550494716,0.054120536079376974,0.055019371829050166
2017-12-01,0.0020776116415791445,4.316470133225187e-06,0.09187237159531157,0.07353955207187846,0.0673160414485368,0.054481413876274525,0.05865988554201991
2017-12-04,0.0012105116279804043,1.4653384014757687e-06,0.09375889663242795,0.07058005978936749,0.06744217261676645,0.054488077411215974,0.06082261550886427
2017-12-05,0.00360340793124463,1.2984548718956704e-05,0.0772918346474596,0.07681227978010224,0.06942696086522443,0.05175416932841141,0.05850860949305624
2017-12-06,0.00019019311278232679,3.6173420149830874e-08,0.07694417796740305,0.07254620796626804,0.06923950863628557,0.051540997024315506,0.060557306473220926
2017-12-07,0.0031479209574429966,9.909406354308832e-06,0.04061717234299451,0.0720579632026407,0.06965768450092372,0.051729114099677495,0.06045061501242771
2017-12-08,0.0054381898696804105,2.957390905869464e-05,0.056588377882060316,0.0745344485804556,0.06918436673976755,0.05245029243141741,0.05915189764432225
2017-12-11,0.0030085155341177147,9.051165719027599e-06,0.055087118014947756,0.07336618242954077,0.06909812788669235,0.05259681849167773,0.060235896828793656
2017-12-12,0.0017635712889173252,3.1101836910935155e-06,0.03070913165137234,0.05916138380050887,0.0690593836575826,0.05257221169623759,0.06340028419935805
2017-12-13,0.00011274096351641614,1.2710524854609876e-08,0.03230857315273828,0.05872248862640708,0.06782313088434734,0.05263081260701558,0.06483857901796543
2017-12-14,0.004094579817597897,1.6765583882680025e-05,0.05685337973491846,0.04924949791270134,0.06667598449564847,0.0536735457970914,0.06399902366636491
2017-12-15,0.008293135960459382,6.877610405866456e-05,0.07188508555236586,0.061538412288540484,0.06644939530207894,0.05514269689354887,0.06559199934873335
2017-12-18,0.0063209127567356764,3.9953938078263806e-05,0.07897279826744712,0.06453778963441588,0.0658920815016016,0.05609129250725119,0.0653974861021324
2017-12-19,0.003847745303838824,1.4805143923213724e-05,0.09109167952957754,0.06514432302447204,0.06932693102116143,0.05666788323913396,0.06214796148669948
2017-12-20,0.0005238525171561423,2.744214597308264e-07,0.09154235872802421,0.06579839371858351,0.06764598452687019,0.05677090588255579,0.06423493155686967
2017-12-21,0.002057419527411266,4.232975111773198e-06,0.07848865439716665,0.065464418801543,0.0670209831437426,0.056530570039661304,0.06422499673508594
2017-12-22,0.00026158779142638154,6.84281726233321e-08,0.05967721481187665,0.0628703045081222,0.06735104099236539,0.05661144564476543,0.06430821620002475
2017-12-26,0.001197035774328667,1.4328946450226317e-06,0.03364408658170513,0.0631399750215631,0.06768543737036123,0.05660964343762164,0.06320454624142305
2017-12-27,0.00048657399584700573,2.3675425343452194e-07,0.01973555259803496,0.06294192923236626,0.05977682288669946,0.05622313529003399,0.06937208090971375
2017-12-28,0.002055513564082111,4.225136012125542e-06,0.022760908926276305,0.06308733577404618,0.059517579195206,0.05621657415537769,0.07808031016467358
2017-12-29,0.0037777166007574325,1.427114271563829e-05,0.03439914318356765,0.06239714876372186,0.055019371829050166,0.057077598640041256,0.08840837919333842
2018-01-02,0.007131774926520083,5.086221360254054e-05,0.06478074008408999,0.058741042040034906,0.05865988554201991,0.05758340641731211,0.08714161678606595
2018-01-03,0.006305105138851981,3.975435081197766e-05,0.07080435015747916,0.05869981588472285,0.06082261550886427,0.05842600626527524,0.08670371038930152
2018-01-04,0.004205893047227755,1.7689536324718773e-05,0.06924519158024503,0.05444900460214545,0.05850860949305624,0.05847738951921635,0.12104585636033671
2018-01-05,0.006641962127888438,4.411566090830431e-05,0.07213096786333367,0.05819853449237799,0.060557306473220926,0.059464068942036284,0.1938494736506819
2018-01-08,0.0018271910084886023,3.3386269815015956e-06,0.03495443546940468,0.05824403845269996,0.06045061501242771,0.059471905586990094,0.2078540493730065
2018-01-09,0.0022606125820951594,5.1103692463269436e-06,0.03529583039751628,0.05643555098474359,0.05915189764432225,0.05922265388737477,0.20810688603817393
2018-01-10,0.0015307711598716253,2.343260343894721e-06,0.04805759921140156,0.05708440499865442,0.060235896828793656,0.05951385440405241,0.24604076033842812
2018-01-11,0.007269517415299797,5.284588345134704e-05,0.05806220532394729,0.060251354094900525,0.06340028419935805,0.06076125546570689,0.2517412600546898
2018-01-12,0.006497898870422677,4.22226897302403e-05,0.057545531435321144,0.061912397708035215,0.06483857901796543,0.06163491062435903,0.25723901215053113
2018-01-16,0.003424140988440918,1.1724741508721148e-05,0.07518392231545265,0.0607335866212218,0.06399902366636491,0.06244567761928628,0.2577558754412796
2018-01-17,0.009486642987149822,8.99963951656389e-05,0.091247774906905,0.06540970589677035,0.06559199934873335,0.06454532015881158,0.2604379842227375
2018-01-18,0.0016826497294994516,2.8313101121845775e-06,0.09179678628541355,0.06953135481305947,0.0653974861021324,0.06444573469078345,0.26548274459463705
2018-01-19,0.004539256681898544,2.0604851224160577e-05,0.08689142182946909,0.06969235423972155,0.06214796148669948,0.06376889700520771,0.2647118260894134
2018-01-22,0.008098184470063293,6.55805917111743e-05,0.09147499539579385,0.07205611141844258,0.06423493155686967,0.0651467059339583,0.2628414696534582
2018-01-23,0.0021205520668987564,4.496741068428588e-06,0.07174383791855156,0.07189919938441625,0.06422499673508594,0.06365223774021009,0.2625606765915274
2018-01-24,0.00038860995676363494,1.5101769849583421e-07,0.062232257125596616,0.07422923989992442,0.06430821620002475,0.06380471794918025,0.2627990960100199
2018-01-25,0.0004236747450830465,1.7950028962118443e-07,0.054557169134028485,0.07141121687541611,0.06320454624142305,0.06246989916620905,0.27048708831600476
2018-01-26,0.011511276525507541,0.00013250948724670097,0.08255263630184949,0.08060585670599393,0.06937208090971375,0.06462123211701337,0.27050882123008846
2018-01-29,0.006652057669879659,4.4249871243404796e-05,0.10401892670473617,0.09385076002775877,0.07808031016467358,0.06696396337269969,0.27279608578076997
2018-01-30,0.010309850211926798,0.00010629301139236704,0.13222550655628978,0.11067880807253574,0.08840837919333842,0.07139990757990808,0.2727435762541448
2018-01-31,0.0004965345717320393,2.4654658092511967e-07,0.13266698434371238,0.10185151364513328,0.08714161678606595,0.07139249521604249,0.2763065042136069
2018-02-01,0.0011362045772558397,1.2909608413771215e-06,0.1321431267968883,0.10151258983626833,0.08670371038930152,0.07151331120958554,0.27763818272164675
2018-02-02,0.02201010705421338,0.00048444481253793364,0.14258544598346734,0.150374822560382,0.12104585636033671,0.08624475834979604,0.27144523947200283
2018-02-05,0.042721952868723,0.0018251652569173892,0.2830719294577442,0.2440705241304653,0.1938494736506819,0.1245327276208506,0.2211709544740019
2018-02-06,0.019510663431484224,0.0003806659875366558,0.3782637480159486,0.2755784461605027,0.2078540493730065,0.13051972086524033,0.21091871171707877
2018-02-07,0.005439556282858563,2.9588772554386066e-05,0.3709820768880467,0.27430991312708036,0.20810688603817393,0.13082883281522897,0.21011902427604087
2018-02-08,0.03823083880022065,0.0014615970353684567,0.40480864592060584,0.31589392909986636,0.24604076033842812,0.15322788828406786,0.15787402304539117
2018-02-09,0.014910006602085937,0.00022230829687424621,0.461393758249719,0.3226124313540077,0.2517412600546898,0.15621813128924722,0.15336849000804179
2018-02-12,0.014577739338581586,0.00021251048422362909,0.38073949210211877,0.34411649884418344,0.25723901215053113,0.15882924064093823,0.15075888435038584
2018-02-13,0.0024841896103197183,6.171198020020434e-06,0.3464140798888266,0.346691540909214,0.2577558754412796,0.158445592218525,0.1529176007883476
2018-02-14,0.013405827300057736,0.0001797162055989733,0.36130529122984323,0.35904686457143065,0.2604379842227375,0.15979824721360958,0.14675582041554308
2018-02-15,0.012679524625763236,0.00016077034473533633,0.08223654071038976,0.3691884727913496,0.26548274459463705,0.1614436567661523,0.1401318462112657
2018-02-16,0.000293244251992184,8.599219132645552e-08,0.10703185482404803,0.35383109315364714,0.2647118260894134,0.16144466243036118,0.14873276195326765
2018-02-20,0.0062812050583927305,3.945353698557842e-05,0.13381083047522208,0.2705905625312177,0.2628414696534582,0.16171109964013214,0.1471528332372152
2018-02-21,0.004986528419412301,2.4865465677606546e-05,0.15043638650774943,0.25574456145803354,0.2625606765915274,0.16211168070755622,0.14614169434370664
2018-02-22,0.0012951599608303404,1.6774393241380487e-06,0.1190727101473022,0.25370862949728507,0.2627990960100199,0.16208294832960735,0.17191814149331947
2018-02-23,0.01581360326140185,0.00025007004810901923,0.13943986870363065,0.13854982478688546,0.27048708831600476,0.16498257425760687,0.1744114342471051
2018-02-26,0.01154519700105712,0.00013329157379321832,0.15652737438361602,0.1337215076236632,0.27050882123008846,0.16535119360429115,0.19838338091934068
2018-02-27,0.012564966414213015,0.00015787838099030107,0.18497888393532028,0.1534096584168881,0.27279608578076997,0.1676511567202603,0.20221283458858275
2018-02-28,0.01018152508187339,0.00010366345299281695,0.2007358444448427,0.1679412743026465,0.2727435762541448,0.16831773141447373,0.20013425563819995
2018-03-01,0.014647322278910408,0.0002145440499422652,0.2299485899392697,0.1740052864333872,0.2763065042136069,0.17108753186723807,0.20079554328001833
2018-03-02,0.0051413998325213145,2.6433992237850202e-05,0.18615418890175867,0.16143219083508645,0.27763818272164675,0.1713449563722479,0.21291141094099134
2018-03-05,0.011491637001145083,0.00013205772096608676,0.18587002015690585,0.17412154737211594,0.27144523947200283,0.17262873023161007,0.2140002026965408
2018-03-06,0.002531979632791939,6.410920860873201e-06,0.1732966920571698,0.17129560639593006,0.2211709544740019,0.17266906337548685,0.21814598678581676
2018-03-07,0.0003667030265434694,1.3447110967614044e-07,0.1539366934955975,0.16866906677346247,0.21091871171707877,0.17260510903845222,0.22067220202296275
2018-03-08,0.004827396263136042,2.330375468133982e-05,0.06951603964451449,0.16976717755472046,0.21011902427604087,0.17253689883791082,0.23197010095652779
2018-03-09,0.017252860171166878,0.00029766118408583637,0.11340527409567686,0.17331505264672312,0.15787402304539117,0.1758190323894994,0.22195832145579852
2018-03-12,0.001255797684791964,1.5770278251288567e-06,0.11862989357530093,0.16422152003821894,0.15336849000804179,0.17586113072568846,0.23185907858816102
2018-03-13,0.0064841687952641395,4.2044444965477204e-05,0.14323800246289242,0.15344680779914996,0.15075888435038584,0.1764864394940724,0.23160319577614857
2018-03-14,0.005144929172344901,2.6470296188445585e-05,0.15352909780609333,0.14518646580052777,0.1529176007883476,0.17662130432642512,0.23417785388151527
2018-03-15,0.0010895733555400912,1.187170097102894e-06,0.15201251549330677,0.11652099262757097,0.14675582041554308,0.17593907620787771,0.23422344676548976
2018-03-16,0.0010834650237724727,1.173896457738285e-06,0.04970599605443296,0.11591001851771202,0.1401318462112657,0.1755287808878573,0.23665753687828325
2018-03-19,0.013622743678600308,0.00018557914533284464,0.09010169351508122,0.1279874184899496,0.14873276195326765,0.17767755225076118,0.23552837032221968
2018-03-20,0.0016995400867918804,2.888436506612552e-06,0.10008276162901591,0.12755248255305168,0.1471528332372152,0.17769341836099248,0.2354581462679863
2018-03-21,0.0019214600889895794,3.6920088735798426e-06,0.09918451720172462,0.12781033694486485,0.14614169434370664,0.17771334576116254,0.23618472274471072
2018-03-22,0.025314854489865757,0.0006408418578430765,0.18516410387271368,0.17405969299708793,0.17191814149331947,0.18527347778821238,0.2195119022304729
2018-03-23,0.02154494045377308,0.0004641844591566278,0.18785983563587372,0.15226380687640795,0.1744114342471051,0.19037588762360708,0.20349695097425247
2018-03-26,0.026991679067674627,0.0007285507388923447,0.33293308990872006,0.23010240594440365,0.19838338091934068,0.19854469706024286,0.18666275350978373
2018-03-27,0.017158153439253174,0.0002944022294449555,0.3393847796394218,0.23871211822151878,0.20221283458858275,0.20154737099139697,0.17599325750728315
2018-03-28,0.002959329147572086,8.75762900366973e-06,0.33833258746339356,0.23908119667667652,0.20013425563819995,0.20149562296588086,0.17860715987893894
2018-03-29,0.012696572482199549,0.0001612029527957468,0.32302951558137316,0.2554689737301482,0.20079554328001833,0.20270064624536147,0.17339726971959868
2018-04-02,0.021820799755949503,0.0004761473019892459,0.32417131957957734,0.2682494354321172,0.21291141094099134,0.20694574122158219,0.15546467646375117
2018-04-03,0.01273546540766108,0.00016219207914973198,0.25697721919523,0.2804461905017751,0.2140002026965408,0.20855100554074585,0.14957393486457463
2018-04-04,0.010642328406695342,0.00011325915391595461,0.23759413061640552,0.2887026978964068,0.21814598678581676,0.20930510634317456,0.1471108008447122
2018-04-05,0.007861077714515817,6.179654283365723e-05,0.23502670391346137,0.2936377694518887,0.22067220202296275,0.20996151633408047,0.14422571487114869
2018-04-06,0.022538054894585276,0.0005079639184313393,0.28473975645935634,0.28767840090537844,0.23197010095652779,0.214694163206525,0.12634946975269126
2018-04-09,0.004916255361140718,2.4169566775944847e-05,0.22898617613981584,0.26592215443349587,0.22195832145579852,0.21501422301242354,0.12586606524600105
2018-04-10,0.01577547187787782,0.0002488655129697139,0.2381920898485942,0.24009400063758343,0.23185907858816102,0.21706624973199104,0.11333916600432413
2018-04-11,0.005256309572889282,2.7628790326047503e-05,0.23415696648055823,0.22308919477641365,0.23160319577614857,0.21675893236470956,0.11588164979957764
2018-04-12,0.008193618989198398,6.713539214015258e-05,0.23485758097487744,0.2242817667501383,0.23417785388151527,0.2174658168595252,0.11685216873814099
2018-04-13,0.0029373094163091295,8.627786607138279e-06,0.135352298156727,0.2176636892059603,0.23422344676548976,0.2164901237845913,0.11601580892600209
2018-04-16,0.008187849698206906,6.704088268042693e-05,0.13849318805448915,0.1792446059898903,0.23665753687828325,0.217265490774881,0.11325573522288813
2018-04-17,0.01064183450894613,0.00011324864171579671,0.11577787265312314,0.17659712445310352,0.23552837032221968,0.21824625593297836,0.11063827975792973
2018-04-18,0.0007397726296859141,5.472635436324125e-07,0.09165250984357017,0.17240631005188004,0.2354581462679863,0.2175203346383066,0.11155165230119048
2018-04-19,0.0055629006107601065,3.0945863205195165e-05,0.11109456307217618,0.1740081092081238,0.23618472274471072,0.21766849025619953,0.10947774072494895
2018-04-20,0.008515461441368888,7.25130835594403e-05,0.13240360474701746,0.12876616583988038,0.2195119022304729,0.2182388713893142,0.10483677446440816
2018-04-23,0.0001500079767416895,2.2502393086135258e-08,0.11656055158357788,0.12874616419095838,0.20349695097425247,0.21822674603212577,0.10732208721267698
2018-04-24,0.013558645041594866,0.00018383685536396503,0.09443494538633092,0.12575467619803044,0.18666275350978373,0.21816142464137883,0.09351788666221675
2018-04-25,0.0024683703557817744,6.092852213302243e-06,0.10201900494480814,0.12409525073327085,0.17599325750728315,0.2180181467318878,0.09354964627257693
2018-04-26,0.010114414603387752,0.0001023013827692234,0.1476789241959011,0.12798144451238042,0.17860715987893894,0.2183962544171611,0.08909035219353782
2018-04-27,0.000938354571977101,8.805093027503283e-07,0.13589336038300623,0.12684351422161066,0.17339726971959868,0.21840996726541279,0.08999853965657349
2018-04-30,0.0077202473880828,5.960221973319929e-05,0.14650142737412206,0.1250794817388845,0.15546467646375117,0.2188611050515445,0.0958126029925521
2018-05-01,0.0017752036985236826,3.151348171252162e-06,0.10057126126592797,0.10869902072905896,0.14957393486457463,0.21448182815130273,0.1054713521061813
2018-05-02,0.0067401417487855065,4.542951079372135e-05,0.11524936830428362,0.10999965656420137,0.1471108008447122,0.19618039900394552,0.10488009057238602
2018-05-03,0.002206021724391087,4.866531848485425e-06,0.06873574869182698,0.1088337773496592,0.14422571487114869,0.19196838617844822,0.1079156821789494
2018-05-04,0.012863298580203776,0.0001654644503634725,0.1322670383382638,0.12646108451542132,0.12634946975269126,0.1935503981433536,0.10073099544233
2018-05-07,0.003377480307473219,1.1407373227369391e-05,0.11607589806375718,0.12775016515184903,0.12586606524600105,0.17651469546324997,0.10056446730502344
2018-05-08,0.0,0.0,0.11679517008724068,0.1027536201148342,0.11333916600432413,0.17399935589883112,0.10321532456086589
2018-05-09,0.009619273557319702,9.253042377055003e-05,0.10113885087663195,0.11063399473101904,0.11588164979957764,0.17256555999811232,0.09929974037694238
2018-05-10,0.009307254921332024,8.662499417065917e-05,0.08274538309358956,0.10908096746312367,0.11685216873814099,0.17349408412947073,0.09509431714900371
2018-05-11,0.0030469006520496165,9.283603583460379e-06,0.0670275942553587,0.10895411018215721,0.11601580892600209,0.17147451577704034,0.09482811467100688
2018-05-14,0.0004760373436286012,2.2661155252897497e-07,0.07440299199016044,0.09460376689359276,0.11325573522288813,0.16951408564318832,0.0948084852285736
2018-05-15,0.0069106802326086795,4.775750127736835e-05,0.10886844631584326,0.10733465502394103,0.11063827975792973,0.17011424544767492,0.09151782243685565
2018-05-16,0.004196180418264449,1.7607930102626007e-05,0.09426142928961201,0.09491280137695772,0.11155165230119048,0.1698316584105501,0.09099590086243595
2018-05-17,0.0008450652893527538,7.141353432688534e-07,0.06900825569208115,0.09289572384024665,0.10947774072494895,0.16951176201306312,0.0911357993816902
2018-05-18,0.0025030234640658388,6.2651264616641515e-06,0.06464326578037001,0.08083274082937618,0.10483677446440816,0.16958442574920793,0.09091279152301439
2018-05-21,0.007490289896427999,5.610444273253137e-05,0.08981432286189872,0.08533979103226749,0.10732208721267698,0.16713553775824994,0.08936251394501653
2018-05-22,0.0027838401525453606,7.749765994923776e-06,0.07199348108483201,0.08860252400396837,0.09351788666221675,0.16547398074670877,0.08851649224903028
2018-05-23,0.0027473939273200613,7.548173391875151e-06,0.06874330914220692,0.07842451870728509,0.09354964627257693,0.1635727462372518,0.09168417370908845
2018-05-24,0.002050517124039994,4.204620475981248e-06,0.0710771129134942,0.06622666920056504,0.08909035219353782,0.1622541980600149,0.091349815215965
2018-05-25,0.0023858056455198194,5.692068578194242e-06,0.07076095700166735,0.06549725764085258,0.08999853965657349,0.15940302356400035,0.1041618434913403
2018-05-29,0.01156762822529053,0.00013381002275853813,0.08231272261350044,0.08631813002998252,0.0958126029925521,0.1609248271183227,0.09491794518958914
2018-05-30,0.013256557067530216,0.00017573630528468532,0.14352855116952354,0.10745103232053121,0.1054713521061813,0.16149981196202676,0.08768728245977972
2018-05-31,0.006144892843609422,3.7759708059442284e-05,0.14665420163865736,0.11014632018439371,0.10488009057238602,0.1619184022151967,0.08743490173643324
2018-06-01,0.009769911532837738,9.545117135947585e-05,0.16776254588776948,0.121465555548081,0.1079156821789494,0.16316218409287442,0.08004857061084795
2018-06-04,0.004739917239850513,2.246681544063211e-05,0.1674380570918379,0.12175481710627939,0.10073099544233,0.16315149468293963,0.07843381921374822
2018-06-05,0.0007272280531969992,5.288606413566975e-07,0.12090962343506383,0.11676945010090697,0.10056446730502344,0.15920465722112997,0.07912781454115633
2018-06-06,0.008326388649398667,6.932874794083497e-05,0.10191078854551988,0.12091817521728095,0.10321532456086589,0.16013145582396215,0.07883116527291376
2018-06-07,0.00010837655878556034,1.1745478494200015e-08,0.06999167968387048,0.12110290211964,0.09929974037694238,0.15956092573975175,0.08504369472725215
2018-06-08,0.0029518460978966007,8.713395385667387e-06,0.0536523069292183,0.11964172260904563,0.09509431714900371,0.1592854871720519,0.09043884893902913
2018-06-11,0.0013289552861205202,1.7661221525076739e-06,0.05345917986725341,0.11729692980472045,0.09482811467100688,0.15927633385026532,0.09117645697416926
2018-06-12,0.0012917813127706886,1.6686989600235634e-06,0.0523212611369884,0.08898956996175911,0.0948084852285736,0.1592813887929982,0.09498217769837365
2018-06-13,0.0031961000158587704,1.0215055311372432e-05,0.03667162174409444,0.0765265201635615,0.09151782243685565,0.15680712087696141,0.09957372232979328
2018-06-14,0.0025143951079733802,6.322182759000467e-06,0.03880441985056538,0.06173701261861006,0.09099590086243595,0.1568435602755565,0.09929044392922316
2018-06-15,0.0012762251458715672,1.628750622954903e-06,0.03681461231715394,0.05095308524429194,0.0911357993816902,0.15680707778859235,0.09921525154869114
2018-06-18,0.0020592272721406176,4.240416958327689e-06,0.03772456617286855,0.05113836329400801,0.09091279152301439,0.14742812118813586,0.09957250038843209
2018-06-19,0.003839790888468557,1.474399406716615e-05,0.03953045127770827,0.05677422141418419,0.08936251394501653,0.14021941844832528,0.0982022022999029
2018-06-20,0.0017044354223479748,2.9051001089545192e-06,0.04206921987146175,0.038219188709136445,0.08851649224903028,0.12949249485594316,0.09959870766254966
2018-06-21,0.006288943972856867,3.9550816293732715e-05,0.04723214682947756,0.04936617168318885,0.09168417370908845,0.12490923941221616,0.09641668483251609
2018-06-22,0.001822010870230665,3.3197236112387053e-06,0.055987568455338116,0.04731767029929557,0.091349815215965,0.12465827643199473,0.09642087004144725
2018-06-25,0.013706478109032262,0.0001878675421533806,0.10223293232964038,0.07837948086761955,0.1041618434913403,0.1258194734063971,0.08011310343572951
2018-06-26,0.0022116270727217473,4.891294308795765e-06,0.11165323512294574,0.07968599985540728,0.09491794518958914,0.11687898701476267,0.08344287373937467
2018-06-27,0.008318704438201258,6.920084353014931e-05,0.10851761641165365,0.08540258764616589,0.08768728245977972,0.11578229347956948,0.07577784827677686
2018-06-28,0.005700843332993674,3.2499614707338425e-05,0.12983337513159215,0.09210949283458873,0.08743490173643324,0.11438876573377561,0.08161095200146806
2018-06-29,0.0014388720246454822,2.070352703307389e-06,0.12906384998404458,0.09402956342354342,0.08004857061084795,0.11338399571555749,0.08546786565481639
2018-07-02,0.0021358754962777487,4.561964135599719e-06,0.08370554911063254,0.09644950852671384,0.07843381921374822,0.10282473392097517,0.08627710164068657
2018-07-03,0.0035375622834835628,1.251434690952544e-05,0.08677242705569997,0.09627477008856708,0.07912781454115633,0.102851511312583,0.08501646666856028
2018-07-05,0.008125102347050356,6.60172881500432e-05,0.07064882214757677,0.10735905303410988,0.07883116527291376,0.09919031490988214,0.08287213809280732
2018-07-06,0.008422367292795389,7.093627081474952e-05,0.07980397380900484,0.11250329881153548,0.08504369472725215,0.09971982642236646,0.07963534242229993
2018-07-09,0.00896409484135551,8.035499632481647e-05,0.08626726162688812,0.12041351298484775,0.09043884893902913,0.09997613864634522,0.07510638865599363
2018-07-10,0.0035916729103453817,1.2900114294908865e-05,0.08400085040112436,0.08749107577678997,0.09117645697416926,0.09982660267310188,0.07498895072765173
2018-07-11,0.007341011098605267,5.389044394984571e-05,0.10922890431578038,0.10152972638478641,0.09498217769837365,0.10006846720065218,0.06827801036775433
2018-07-12,0.009025055606659706,8.145162870329979e-05,0.11135335824936152,0.08914057059277108,0.09957372232979328,0.09943236592374952,0.0628998815186458
2018-07-13,0.0007871641120122876,6.196273392400932e-07,0.10768218437003763,0.08939155602446847,0.09929044392922316,0.0994326337086746,0.06863971991461584
2018-07-16,0.0008941722827328063,7.995440712075976e-07,0.09535223951206986,0.09139493674250565,0.09921525154869114,0.0986474440077547,0.07021422921816908
2018-07-17,0.00403670834093587,1.629501422978122e-05,0.09615334753995598,0.09143184501612361,0.09957250038843209,0.0969733994059198,0.07222592379588487
2018-07-18,0.002101681349688378,4.4170644956279615e-06,0.06057514341826697,0.08402009672489884,0.0982022022999029,0.09697714189060314,0.07743834591468657
2018-07-19,0.0037788085481187724,1.4279394043335504e-05,0.04722220994799863,0.08756911013647009,0.09959870766254966,0.09270170750734573,0.08084293470034476
2018-07-20,0.0011434148200888915,1.307397450798912e-06,0.04833108451379425,0.08244496223386234,0.09641668483251609,0.09277278535168479,0.0811093061660508
2018-07-23,0.0018575237734034273,3.450394568758907e-06,0.04883814379679614,0.07150715654173553,0.09642087004144725,0.09085409891030163,0.08115682943917105
2018-07-24,0.005019023911307989,2.5190601022281346e-05,0.05345409953259093,0.07338814397195567,0.08011310343572951,0.09124129253055084,0.07993109259008303
2018-07-25,0.008486395846984,7.201891447170728e-05,0.07713645937671365,0.06584021694558985,0.08344287373937467,0.09067658326710915,0.07472868446625165
2018-07-26,0.0023612936422871982,5.575707665105943e-06,0.0707349025967171,0.058933697762951466,0.07577784827677686,0.09097201992867149,0.0743153424067431
2018-07-27,0.006799595238493956,4.6234495407349676e-05,0.09550367561337732,0.07203292147509813,0.08161095200146806,0.09099423823740642,0.07163981110915994
2018-07-30,0.005237001163420854,2.7426181185671377e-05,0.10538527289863611,0.07771835685039576,0.08546786565481639,0.09168681078551588,0.0714350732208122
2018-07-31,0.0049169982868957065,2.4176872153335314e-05,0.10507028641333747,0.07904373897679545,0.08627710164068657,0.08874612898525758,0.07053593359061403
2018-08-01,0.0016719350159724534,2.795366697634808e-06,0.0715813201082049,0.07891342865660052,0.08501646666856028,0.08877344829332148,0.07075713052931538
2018-08-02,0.005432791326306883,2.95152215951953e-05,0.08976185262924462,0.0803310424554745,0.08287213809280732,0.08922918624477716,0.0723929492041486
2018-08-03,0.004275634580162871,1.8281051063084533e-05,0.07541888941226305,0.08116761817056668,0.07963534242229993,0.08768667873481457,0.07170612129985339
2018-08-06,0.0036605762441525008,1.3399818439253628e-05,0.045570411967399437,0.08195807758550679,0.07510638865599363,0.08613086073433673,0.07177183913491413
2018-08-07,0.003296782741212152,1.086877644275431e-05,0.0433995279620516,0.08037062890958997,0.07498895072765173,0.08615984282668479,0.07226806647731454
2018-08-08,0.0004199344729140975,1.7634496154164088e-07,0.03501011174083902,0.07017098050840614,0.06827801036775433,0.08619533041112978,0.073332763145026
2018-08-09,0.0013672875883730324,1.869475349318943e-06,0.04105252273385056,0.06920314650856632,0.0628998815186458,0.08480939627567535,0.0735533806728425
2018-08-10,0.006722859502965822,4.519683989661786e-05,0.06689417862047355,0.0689738278321155,0.06863971991461584,0.08594801783875532,0.06858625223447722
2018-08-13,0.0037506105569327162,1.4067079549775139e-05,0.05945431406808721,0.06577113354100379,0.07021422921816908,0.08638064584170735,0.06683394993625145
2018-08-14,0.006360354529085355,4.0454109735656586e-05,0.07728173343955276,0.0686581156210166,0.07222592379588487,0.08689324264122525,0.06405988346342834
2018-08-15,0.007495008975421641,5.617515954165096e-05,0.08841773134889137,0.0800634772974691,0.07743834591468657,0.0874124040054773,0.05811392125880835
2018-08-16,0.008058805528691178,6.49443465492635e-05,0.11727759436746707,0.0856432905491737,0.08084293470034476,0.08844861168112553,0.05296855687050834
2018-08-17,0.003514223357654381,1.234976580748363e-05,0.1062066340397656,0.08480693272312231,0.0811093061660508,0.08853610877742049,0.056935882070553896
2018-08-20,0.002137619198911943,4.569415839556936e-06,0.09618880121489141,0.0835599470758463,0.08115682943917105,0.08838150531599363,0.059141445094553755
2018-08-21,0.002342357372503326,5.486638060520686e-06,0.09010704910009246,0.08275457743220571,0.07993109259008303,0.08817467930406532,0.05890413003910234
2018-08-22,0.0005934847821472573,3.522241866403774e-07,0.050138719329357845,0.08279941605604889,0.07472868446625165,0.08431942525983767,0.06391469538793125
2018-08-23,0.0013290060949934478,1.766257200529733e-06,0.032871321372045334,0.08277872041515394,0.0743153424067431,0.08055557670106434,0.063706998463109
2018-08-24,0.006000269209693183,3.600323058879205e-05,0.04596124585816148,0.07721345735708622,0.07163981110915994,0.07988623066219545,0.06317899875542178
2018-08-27,0.007864424735449923,6.18491764195566e-05,0.0638185785081445,0.07700934259399247,0.0714350732208122,0.07909077221768981,0.057668197774481504
2018-08-28,0.00048299025991314703,2.3327959117096932e-07,0.0660878670769847,0.07477701460386807,0.07053593359061403,0.0787186995606426,0.05890564095799057
2018-08-29,0.005366319955735186,2.8797389867321687e-05,0.062016169521845965,0.05339086268601643,0.07075713052931538,0.07923223181383121,0.056584233942326596
2018-08-30,0.004056351913222734,1.6453990843905737e-05,0.07707913536984182,0.058121045382866804,0.0723929492041486,0.078427396071173,0.05442668893864535
2018-08-31,3.422529708108028e-05,1.1713709602882025e-09,0.07469017258758104,0.05849656183893832,0.07170612129985339,0.07842063531377516,0.05555867166252926
2018-09-04,0.0017233779477949423,2.9700315509459065e-06,0.05525019104402732,0.06107294565025259,0.07177183913491413,0.07846681845954016,0.05510711787630008
2018-09-05,0.0026956750901402393,7.266664191602587e-06,0.05810931603180419,0.06414526618202726,0.07226806647731454,0.07877434558297489,0.05377813782514688
2018-09-06,0.003014247621764622,9.085688725313678e-06,0.02450566431871829,0.06685431613642967,0.073332763145026,0.07912726256308569,0.06050646497002344
2018-09-07,0.0019455407754487006,3.7851289089335313e-06,0.018857142398363804,0.06744544957120394,0.0735533806728425,0.0789110168776559,0.06374388507258948
2018-09-10,0.0017373860058692487,3.018510133390301e-06,0.030169558889075517,0.06103392605316774,0.06858625223447722,0.07884817271594931,0.06350918162018272
2018-09-11,0.0032917473061385995,1.0835600327470727e-05,0.04532725918989459,0.047861383080571786,0.06683394993625145,0.07893323593110778,0.06265242180447118
2018-09-12,0.00024260988414146013,5.8859555883132703e-08,0.041062786595332405,0.047773117875714095,0.06405988346342834,0.0787300274746422,0.13002598612315938
2018-09-13,0.0058966681828648915,3.477069565881114e-05,0.04726268239824816,0.04956754471885449,0.05811392125880835,0.07883932355348179,0.1457480124509409
2018-09-14,0.00017233950925902737,2.970090645164238e-08,0.03805815218478671,0.04471980194721319,0.05296855687050834,0.0788352862553884,0.15734842957446096
2018-09-17,0.005308854514676348,2.8183936257999447e-05,0.06649800310801621,0.052619094809619085,0.056935882070553896,0.07847956153983453,0.15743175912218774
2018-09-18,0.0054117948804442585,2.9287523828002685e-05,0.07279003053848214,0.05913410828712102,0.059141445094553755,0.07900407448893167,0.17739873449174628
2018-09-19,0.0010650646544949213,1.134362718254386e-06,0.07228191317672415,0.056619403451555694,0.05890413003910234,0.07285785540229475,0.177249045582356
2018-09-20,0.00807142736267029,6.514793967086268e-05,0.0817449198491195,0.06295048451286044,0.06391469538793125,0.07418325521512606,0.1789567062097669
2018-09-21,0.0009144263420684701,8.361755350687227e-07,0.08352193695267536,0.061397190008274836,0.063706998463109,0.07159063480506159,0.1790131752650976
2018-09-24,0.0033272177045077147,1.1070377653189586e-05,0.07370585545339531,0.06694029076905438,0.06317899875542178,0.07167588015493033,0.17910975031069232
2018-09-25,0.0009284382603408427,8.619976032647305e-07,0.06915182886164511,0.06705925269896634,0.057668197774481504,0.07181610541416422,0.17913522625947842
2018-09-26,0.002996737663701149,8.98043662504502e-06,0.0739891326456851,0.07004056278463792,0.05890564095799057,0.07230836700504116,0.20439209141033182
2018-09-27,0.0027906018194502526,7.78745851471906e-06,0.03868603367362146,0.06517175398566953,0.056584233942326596,0.07171866716727571,0.2178935640319841
2018-09-28,0.00010313209594162872,1.0636229213313312e-08,0.03961582253042466,0.06517955446964198,0.05442668893864535,0.0703046643821952,0.2229379477174351
2018-10-01,0.003467681366388625,1.2024814058798881e-05,0.04235719900005901,0.058183342089093856,0.05555867166252926,0.06882325861361023,0.22091519402533397
2018-10-02,0.0005825317623409726,3.393432541360794e-07,0.04169485770295847,0.05386927478549011,0.05510711787630008,0.06687843903102321,0.23140954168303451
2018-10-03,0.000548626543380072,3.009910841011661e-07,0.028012734328894943,0.05382689625154739,0.05377813782514688,0.06664082248508814,0.23688294281741665
2018-10-04,0.007846635205771951,6.156968405245982e-05,0.0666590978110049,0.05141210477502901,0.06050646497002344,0.0669129347926448,0.24164529705766558
2018-10-05,0.005612863136796102,3.150423259240458e-05,0.07345114544993768,0.056438018804792156,0.06374388507258948,0.06596038505714819,0.24169817749788727
2018-10-08,0.0,0.0,0.06008237155803379,0.05578797511787375,0.06350918162018272,0.06596913985911132,0.24334107218981552
2018-10-09,0.001459744222711301,2.1308531957390205e-06,0.05843610970246756,0.05580445497240354,0.06265242180447118,0.06603249666350802,0.2453657107722536
2018-10-10,0.0321757613828747,0.0010352796205676908,0.20802519125114344,0.16605109387728975,0.13002598612315938,0.09375049240282662,0.23157500830685657
2018-10-11,0.022272573288941916,0.0004960675209112889,0.2256215167746982,0.1837500474613004,0.1457480124509409,0.1040937711642171,0.21575659389623758
2018-10-12,0.013792647742398046,0.0001902371317458779,0.29367552289263105,0.20883571945018245,0.15734842957446096,0.10786190818319252,0.21419667058508057
2018-10-15,0.005632651035775198,3.172675769081941e-05,0.28612297855287366,0.20316229218930132,0.15743175912218774,0.10842627815845313,0.22400176078080222
2018-10-16,0.02162990354498663,0.0004678527273654252,0.3636922230158439,0.2461739213609089,0.17739873449174628,0.11727282198589184,0.20843032635570755
2018-10-17,0.00017879823953935965,3.1968810462374235e-08,0.2719676679085016,0.24599360419343033,0.177249045582356,0.11682206022709984,0.2091702234559611
2018-10-18,0.014546687958739089,0.0002116061305689248,0.23193723971750485,0.2512168829071896,0.1789567062097669,0.11919357446960832,0.20783237248873848
2018-10-19,0.0005429292456665669,2.9477216580006736e-07,0.2116846858160159,0.25193830458955074,0.1790131752650976,0.11912253795390279,0.20814545698839831
2018-10-22,0.004498678628960172,2.0238109406662974e-05,0.20985560052421398,0.2508969560161156,0.17910975031069232,0.11868272341865471,0.21600594737215673
2018-10-23,0.00510361657759607,2.6046902171113424e-05,0.09325490754025634,0.25030527486410664,0.17913522625947842,0.118659378877889,0.22456072432849483
2018-10-24,0.030767188789779885,0.0009466199060259571,0.19274023105152424,0.24607431539817823,0.20439209141033182,0.1335510923049053,0.19710741789030167
2018-10-25,0.017781506971668224,0.0003161819901834857,0.275226373451859,0.24846936085958612,0.2178935640319841,0.13891456360166227,0.18659876189378208
2018-10-26,0.017743841184961986,0.00031484389999715317,0.2860275875387217,0.2471433753790066,0.2229379477174351,0.1427006235465295,0.1855701275584896
2018-10-29,0.005555653203039844,3.0865282512446884e-05,0.28529449254780226,0.24712877659638827,0.22091519402533397,0.14258133251488694,0.18446554249536004
2018-10-30,0.014709837924182692,0.00021637933175572337,0.33030721466986396,0.2288655171973483,0.23140954168303451,0.14592497349796058,0.19443654086135903
2018-10-31,0.010624061904932033,0.00011287069135982805,0.23977958313434386,0.24068504962417223,0.23688294281741665,0.14759732390437436,0.19154612801048687
2018-11-01,0.010585832020247753,0.00011205983956090263,0.21811784174523063,0.24164000633011906,0.24164529705766558,0.14943693761488155,0.18908600491243785
2018-11-02,0.0059408066841730766,3.52931840587155e-05,0.15637983391265795,0.24283851975029005,0.24169817749788727,0.1498257778588526,0.19272084339991377
2018-11-05,0.005501746573634024,3.0269215360493725e-05,0.12677179839122185,0.24466775492413262,0.24334107218981552,0.1498262137777536,0.22698273702928656
2018-11-06,0.00630827123096782,3.9794285923456256e-05,0.10755832234511863,0.2454794441345727,0.2453657107722536,0.15031431868340153,0.2255291610774457
2018-11-07,0.021183024216291396,0.00044872051494798773,0.15529703689901495,0.1927721535456123,0.23157500830685657,0.15609572886712617,0.2230909193737705
2018-11-08,0.0018166003481058996,3.3000368247384754e-06,0.16459227288958017,0.18338622653673664,0.21575659389623758,0.15537812480840615,0.22378495967785034
2018-11-09,0.009816519824495634,9.636406146471579e-05,0.18224579095728224,0.16017670893789523,0.21419667058508057,0.155736068569471,0.2225746566156907
2018-11-12,0.01886204121996439,0.0003557765989836357,0.2436298502427914,0.1940873440644326,0.22400176078080222,0.1600870333612691,0.21533923464510152
2018-11-13,0.0018729039077615042,3.507769047708313e-06,0.23581098575953133,0.18427000292261272,0.20843032635570755,0.159997421461716,0.21535597651464153
2018-11-14,0.006859904274406078,4.705828665401478e-05,0.1117547409095603,0.18114344699647272,0.2091702234559611,0.16035170544186045,0.22333888198592444
2018-11-15,0.010382547246294152,0.00010779728732153028,0.17104599169927318,0.1808083827746681,0.20783237248873848,0.1620080739040505,0.22712060995669284
2018-11-16,0.002596900841946236,6.743893982901069e-06,0.1735632340883923,0.17825242397803012,0.20814545698839831,0.1621436030657686,0.22621585824447626
2018-11-19,0.017059090981509772,0.000291012585115428,0.1633007857341661,0.19621843056137397,0.21600594737215673,0.16497020321169306,0.22475624486082088
2018-11-20,0.01867944360002965,0.0003489216132066887,0.19860220250049176,0.2078358989404356,0.22456072432849483,0.1678038682896298,0.22285160921016003
2018-11-21,0.003401603075161062,1.1570903480945192e-05,0.20866131065868035,0.16126738716690373,0.19710741789030167,0.16805537051172084,0.2295390634282076
2018-11-23,0.006701052062474723,4.490409874399674e-05,0.16603145281990628,0.15969595515890148,0.18659876189378208,0.16779306833557509,0.24275063439668462
2018-11-26,0.016015409915052882,0.0002564933547471742,0.23098565079504865,0.193130761166832,0.1855701275584896,0.17154965377256393,0.3031361358103257
2018-11-27,0.0033589494012175275,1.1282541079939586e-05,0.20572893556921343,0.17593939808040437,0.18446554249536004,0.17179424217177378,0.30486845867620077
2018-11-28,0.022764348511728615,0.0005182155631634408,0.18457637419960715,0.2139952480980446,0.19443654086135903,0.17868720508214406,0.2887606207683534
2018-11-29,0.0021875974313893933,4.785582521821471e-06,0.1967683294077972,0.21049455496130334,0.19154612801048687,0.17866751228404873,0.2926640993577087
2018-11-30,0.006076788094543425,3.6927353545984705e-05,0.15953503424271862,0.20641383191607834,0.18908600491243785,0.17916048983107544,0.2908348048907326
2018-12-03,0.01315459346324412,0.00017304332918322493,0.15300073017333526,0.21536979937636258,0.19272084339991377,0.18135846156650876,0.2908512635463069
2018-12-04,0.03293910586993967,0.0010849846955110942,0.33754518000581624,0.2640088870696527,0.22698273702928656,0.19314320315827055,0.30487033644837935
2018-12-06,0.0015181924579313769,2.3049083393197156e-06,0.27965726478163144,0.24240662151745862,0.2255291610774457,0.19293912646129757,0.30733168148528983
2018-12-07,0.02351021624181085,0.0005527302677367067,0.31247920908904603,0.27407031179060454,0.2230909193737705,0.19831443703718252,0.2998053259456575
2018-12-10,0.00189513595502939,3.591540288045158e-06,0.3020610063044646,0.27205692778774704,0.22378495967785034,0.1978488463445262,0.30032223069116815
2018-12-11,0.00022736692450898746,5.169571836067561e-08,0.2534868687169408,0.25770457046357537,0.2225746566156907,0.19785090486588067,0.3007103141514394
2018-12-12,0.005022752683551863,2.522804452012744e-05,0.18098766939486985,0.25867449180724694,0.21533923464510152,0.1981413991731828,0.29998693317181485
2018-12-13,0.0003390704878398742,1.1496879572397028e-07,0.18202315757568802,0.222454776273874,0.21535597651464153,0.19765178847986004,0.3005334834757084
2018-12-14,0.01863763836937673,0.00034736156398766367,0.14814223847937305,0.234899229662524,0.22333888198592444,0.20067960974573623,0.2963448223680366
2018-12-17,0.019813386121094137,0.0003925702695835658,0.18450326512394055,0.2364894634849983,0.22712060995669284,0.20295404413076523,0.2867144616935334
2018-12-18,0.0010970694223244924,1.2035613173993955e-06,0.18158330579024537,0.21081983743638347,0.22621585824447626,0.20294925822517357,0.28736819907381744
2018-12-19,0.015088880766629769,0.00022767432278956976,0.1515270583615919,0.16916139107127917,0.22475624486082088,0.20463970308023696,0.28281958410789426
2018-12-20,0.016411748981084284,0.00026934550461812104,0.11999988632888127,0.17144935100103392,0.22285160921016003,0.2065992492605134,0.2803975917032298
2018-12-21,0.02070263198831426,0.00042859897124357285,0.12556662938898291,0.16515696409650377,0.2295390634282076,0.20986626617700316,0.2657350151098109
2018-12-24,0.026778190058310718,0.0007170714627990109,0.1508871577545325,0.17695342461724015,0.24275063439668462,0.21506496552574017,0.23947431982524858
2018-12-26,0.04928991857028414,0.0024294960726652416,0.49541875319755174,0.35187170489921193,0.3031361358103257,0.24067765764867372,0.17699181898135888
2018-12-27,0.007647863449038444,5.8489815335138206e-05,0.49525717010836073,0.35450633752733074,0.30486845867620077,0.24128501322742432,0.18088605030403296
2018-12-28,0.001290583362009808,1.6656054142965394e-06,0.47768712681237924,0.35409833294681836,0.2887606207683534,0.24126402746230163,0.18089795290958374
2018-12-31,0.008720439023650661,7.60460567652093e-05,0.4347540327624454,0.35401553572386435,0.2926640993577087,0.24230097578920815,0.185437716546261
2019-01-02,0.001039905476203248,1.0814033994375042e-06,0.32833279707044577,0.34248528795481564,0.2908348048907326,0.2421447628258311,0.1861447659096827
2019-01-03,0.02415215321776161,0.0005833265050542325,0.2111516405855394,0.3608506118627432,0.2908512635463069,0.2461649281540864,0.15502036134932623
2019-01-04,0.032946880103482255,0.0010854969085532348,0.3261046612670893,0.3973911182464139,0.30487033644837935,0.2567093034251501,0.11533056843190943
2019-01-07,0.007853994282515618,6.168522618978801e-05,0.32418103901120343,0.38607710807968304,0.30733168148528983,0.25751567793720365,0.1143229559898673
2019-01-08,0.00935133510825762,8.744746830693156e-05,0.3246332594278142,0.36215341104030985,0.2998053259456575,0.25065982288854743,0.11341239464751664
2019-01-09,0.004662698184118892,2.1740754356185612e-05,0.3225745270398655,0.312311890604374,0.30032223069116815,0.2470611494712555,0.12163926055849232
2019-01-10,0.0035213887507549815,1.2400178733943729e-05,0.19249204636913309,0.22049464360131987,0.3007103141514394,0.2453615362203322,0.1216082148058122
2019-01-11,0.00038634783901714156,1.4926465271321512e-07,0.056429850087154426,0.22109320463626386,0.29998693317181485,0.24518271030662458,0.12157662031505918
2019-01-14,0.006119834078411225,3.7452369147283365e-05,0.09096137938486412,0.22579394591243193,0.3005334834757084,0.24086496158635506,0.1229257238589741
2019-01-15,0.011395798259183364,0.0001298642179640066,0.10141755577443842,0.22780977968629426,0.2963448223680366,0.24225790382485718,0.11901030547069864
2019-01-16,0.002416747660374816,5.840669253927147e-06,0.10001967304738811,0.22739832991849368,0.2867144616935334,0.24073863958065708,0.12030614082331234
2019-01-17,0.007558291187223646,5.7127765670862633e-05,0.10694074579085816,0.163266204877278,0.28736819907381744,0.24135587829335173,0.12267376480181151
2019-01-18,0.013222095085780318,0.00017482379845741605,0.12372072383695892,0.09076705675847713,0.28281958410789426,0.24289971494766685,0.11616986315862053
2019-01-22,0.013602464877357319,0.00018502705073973947,0.1710774800586529,0.13008267477816193,0.2803975917032298,0.24421914974865355,0.10033201056371406
2019-01-23,0.002090181103038268,4.3688570434982704e-06,0.15872146288577785,0.12562281966620542,0.2657350151098109,0.23601244754576345,0.10289106123549772
2019-01-24,0.0005310300117996323,2.819928734319176e-07,0.15922552090409015,0.12539208438542238,0.23947431982524858,0.23308363427167433,0.10334425043908634
2019-01-25,0.008425898164638408,7.09957598808569e-05,0.16125359016860857,0.1292623472043212,0.17699181898135888,0.23088352918966523,0.10133315699467654
2019-01-28,0.00762923648707851,5.8205249375770037e-05,0.1370489868030022,0.13905086113939102,0.18088605030403296,0.23114041469814509,0.0949175969348706
2019-01-29,0.0013276916893594766,1.7627652219942208e-06,0.09213399881786288,0.13334444800419373,0.18089795290958374,0.22913608202072774,0.09444360346534224
2019-01-30,0.015706566703154925,0.00024669623760065494,0.1438818046809627,0.1429784350232324,0.185437716546261,0.23039263211552408,0.0827385148488471
2019-01-31,0.008744218390111922,7.646135525397153e-05,0.146289087543159,0.1460737000081827,0.1861447659096827,0.23005875482207566,0.08047975794581785
2019-02-01,0.00048135381893164766,2.3170149900008145e-07,0.1446924246547874,0.14470836765605785,0.15502036134932623,0.22974129730666842,0.08274884613044362
2019-02-04,0.007010990498436517,4.915398776916712e-05,0.10849533466567716,0.1350570410369775,0.11533056843190943,0.2299168587576062,0.08093865589750626
2019-02-05,0.004182772181894163,1.749558312562766e-05,0.0901578108687646,0.10309696685919598,0.1143229559898673,0.22970932381763293,0.0841870357260089
2019-02-06,0.0013186842498755416,1.7389281508698199e-06,0.06740340380258973,0.10607705236972122,0.11341239464751664,0.22542455891474722,0.09006368160313764
2019-02-07,0.009578593102149688,9.174944581654958e-05,0.10047718296033042,0.12449027726503091,0.12163926055849232,0.22619272868880583,0.08262185728914667
2019-02-08,0.0012207920324054382,1.4903331863846004e-06,0.10076494763376061,0.12001180127197719,0.1216082148058122,0.22538687405027105,0.09572532205471053
2019-02-11,0.0005543903188083032,3.0734862558837206e-07,0.08244902780600337,0.10859336609964959,0.12157662031505918,0.22206205469962864,0.09600363645925303
2019-02-12,0.012777243491224333,0.00016325795123403456,0.12696430620339097,0.11717180111002318,0.1229257238589741,0.22356527232184703,0.0887000204595633
2019-02-13,0.0032417542522757362,1.0508970632147817e-05,0.12645290491244812,0.09725112750386612,0.11901030547069864,0.2231567605975546,0.08864517548023537
2019-02-14,0.0022202483835295516,4.929502884565587e-06,0.091186797930114,0.09378443332073759,0.12030614082331234,0.22223915682195772,0.08871558954361045
2019-02-15,0.010837983518475274,0.00011746188674674167,0.10335119118673956,0.10406383627267046,0.12267376480181151,0.2232613784380005,0.08205252820144697
2019-02-19,0.0017286439655903167,2.988209959771816e-06,0.10043681516551911,0.10123525213629292,0.11616986315862053,0.22031658865440712,0.08207183934680758
2019-02-20,0.0020138882038433894,4.055745697579553e-06,0.07582454178671039,0.10059485556994044,0.10033201056371406,0.2166206440769566,0.08320707693171266
2019-02-21,0.0035623396561227957,1.2690263825585079e-05,0.08932317104092204,0.1032173596631708,0.10289106123549772,0.2167575777048167,0.08931299199545448
2019-02-22,0.006180812230225983,3.820243982531109e-05,0.08557431224543152,0.08341231491392964,0.10334425043908634,0.2164459890831728,0.11435550204278365
2019-02-25,0.0013603543732865742,1.8505640209199081e-06,0.05491257413778627,0.08331886076305742,0.10133315699467654,0.2141970748076087,0.11432672885788712
2019-02-26,0.0007159119990994587,5.125299904545834e-07,0.05709452357878682,0.08471947037800985,0.0949175969348706,0.21415434201461137,0.11714258362346033
2019-02-27,0.000429439918930398,1.8441864397094683e-07,0.057145196735528446,0.06680671976764313,0.09444360346534224,0.20919391876076343,0.11890412655027827
2019-02-28,0.0018640374598912156,3.4746356518776955e-06,0.0502730821771041,0.06870442950234189,0.0827385148488471,0.20917803905798465,0.11923021620936097
2019-03-01,0.006224059209872317,3.8738913047996415e-05,0.050559056555160284,0.06954831180192762,0.08047975794581785,0.20919538537800728,0.11926880213628381
2019-03-04,0.0036441068116130886,1.327951445444491e-05,0.05947812286533162,0.055663997553432265,0.08274884613044362,0.20764199574114045,0.12447784575142663
2019-03-05,0.0013611220065336638,1.8526531166702271e-06,0.0600820038463279,0.05626832382144545,0.08093865589750626,0.19593409169008685,0.12411459960138001
2019-03-06,0.006075321060865325,3.6909525992593775e-05,0.0732734261762542,0.0639778643822643,0.0841870357260089,0.19636952614602338,0.12089152626626057
2019-03-07,0.008400521840031564,7.05687671848473e-05,0.08916603026242757,0.07445070642984582,0.09006368160313764,0.19082430163735944,0.11469022795561536
2019-03-08,0.0020018667939313553,4.007470660645003e-06,0.04649537530399486,0.0632309624467108,0.08262185728914667,0.1908963430574002,0.11378447405310554
2019-03-11,0.014397047292820857,0.00020727497075172038,0.14159585212349574,0.10251113789127218,0.09572532205471053,0.19293162113335421,0.1052059866921864
2019-03-12,0.003763788123102734,1.41661010356092e-05,0.14470209380229276,0.10455505002291689,0.09600363645925303,0.19283607198116698,0.10798501554671282
2019-03-13,0.0065974682238064035,4.352658696413522e-05,0.13709304344269727,0.10946752174217558,0.0887000204595633,0.19316089707137057,0.10661115910071578
2019-03-14,0.0006398137674898963,4.0936165706961513e-07,0.10396151081466723,0.1088152960654747,0.08864517548023537,0.18878959890045668,0.10652508460264878
2019-03-15,0.0049283283755880815,2.428842057762666e-05,0.08728161540705348,0.10721818900013287,0.08871558954361045,0.1836713741224882,0.10749936800764226
2019-03-18,0.003619403739329927,1.3100083428275457e-05,0.04254990371546832,0.10504916063830436,0.08205252820144697,0.18360978076312995,0.1074781317277866
2019-03-19,0.000247870174406846,6.143962336048024e-08,0.04883454766640498,0.10413608072356155,0.08207183934680758,0.1802212294754986,0.10743321083868276
2019-03-20,0.0030147214607449567,9.088545485876206e-06,0.05123172269221464,0.09877954474046258,0.08320707693171266,0.17638868889837175,0.10714675495342606
2019-03-21,0.011231608862558785,0.00012614903764150907,0.08504446858249709,0.08994982820425496,0.08931299199545448,0.1706164806724132,0.10070617362934307
2019-03-22,0.01943401988490771,0.00037768112888698826,0.18017324303205653,0.14670636101904513,0.11435550204278365,0.16575975578553706,0.06613354467527435
2019-03-25,0.0007522489925600545,5.65878546807617e-07,0.17499210747656604,0.13012679600749724,0.11432672885788712,0.13492266462994498,0.06977316651708611
2019-03-26,0.007426230058722203,5.514889288506918e-05,0.18858378144651705,0.1338232155390167,0.11714258362346033,0.13488493043822375,0.06899277505384717
2019-03-27,0.005242709615936706,2.7486004117035205e-05,0.19080162572407453,0.13320647963929247,0.11890412655027827,0.13555797087968358,0.06440851023122215
2019-03-28,0.0037836283839362403,1.4315843747727965e-05,0.16549908643356903,0.1346066103104639,0.11923021620936097,0.13490287870170015,0.06476693534338855
2019-03-29,0.006285240613455949,3.950424956903612e-05,0.08346211138335655,0.13608306786302743,0.11926880213628381,0.13516986845178597,0.06297237710635052
2019-04-01,0.0117898141514346,0.00013899971772536756,0.10035187806999202,0.14719708620270422,0.12447784575142663,0.1250491051267271,0.05130687904863043
2019-04-02,0.0004894923069647219,2.396027185776455e-07,0.1010328640104592,0.14715684270472157,0.12411459960138001,0.10804845490786043,0.0603527833959145
2019-04-03,0.0015723133161208303,2.4721691640508823e-06,0.07147655879629194,0.14521800921967803,0.12089152626626057,0.10739829527990316,0.06133898533839508
2019-04-04,0.0026498016932960987,7.021449013794872e-06,0.07291515651127549,0.13553837259034282,0.11469022795561536,0.10632526707319746,0.0688421413137166
2019-04-05,0.004828870992744761,2.3317995064571777e-05,0.07145938342114785,0.07507373683005865,0.11378447405310554,0.10634399420869324,0.06987312843946986
2019-04-08,0.0007617277658153957,5.802291892141143e-07,0.027954863160609054,0.07315534538555878,0.1052059866921864,0.10631926737904553,0.0936593651746188
2019-04-09,0.005137836164889803,2.639736045724956e-05,0.05908767491101138,0.08075330316517014,0.10798501554671282,0.10725284448995183,0.09194070204792687
2019-04-10,0.0034051237541825215,1.1594867781298069e-05,0.061707696027391186,0.06936836829850396,0.10661115910071578,0.10601667200354498,0.091652643619184
2019-04-11,0.00027724481358696847,7.68646866608729e-08,0.06117512942719366,0.07112713259005508,0.10652508460264878,0.10426479963977867,0.09355993797144921
2019-04-12,0.006742856523200852,4.546611409247228e-05,0.07013463342828544,0.07181813626031001,0.10749936800764226,0.10475562396051456,0.12664242105758386
2019-04-15,0.0006550809797650347,4.291310900499178e-07,0.07127575262676555,0.05209302877365925,0.1074781317277866,0.10419139416129009,0.1321479839649135
2019-04-16,0.000655080979765067,4.291310900499601e-07,0.049255649181987965,0.052015181620818474,0.10743321083868276,0.1014028375546584,0.13434872636240025
2019-04-17,0.002449786730144246,6.0014550231908374e-06,0.055661221092811033,0.05555829925449915,0.10714675495342606,0.09678199071707272,0.13885708954575152
2019-04-18,0.001967247753015187,3.870063721743303e-06,0.05519535787820182,0.055112661065883334,0.10070617362934307,0.09678008928578485,0.14025869591281323
2019-04-22,0.000861563483260151,7.422916356873644e-07,0.026850148242850057,0.05079223221832682,0.06613354467527435,0.09676573894144856,0.1416504516519011
2019-04-23,0.008951278172410973,8.012538091988112e-05,0.06698719979875233,0.06595413765903901,0.06977316651708611,0.0969279672246417,0.14167339415429087
2019-04-24,0.0022215665668558282,4.935358010971591e-06,0.0734218399380644,0.059123020486982786,0.06899277505384717,0.09532726017456984,0.14179560916244308
2019-04-25,0.0006162194149412444,3.797263673505296e-07,0.06830645167195765,0.05931776975609485,0.06440851023122215,0.09523925267223232,0.147177853335628
2019-04-26,0.0046460156100722,2.1585461049034556e-05,0.07132865189257388,0.06079236611482267,0.06476693534338855,0.09093827306072592,0.14604925159436896
2019-04-29,0.0015662518002286846,2.4531447017195953e-06,0.07058990486864558,0.05417268418023773,0.06297237710635052,0.08971435509355641,0.14779366893844223
2019-04-30,0.0005104397954672899,2.6054878479668877e-07,0.04093323990139195,0.05332197216389052,0.05130687904863043,0.08971297886704621,0.14814418190425782
2019-05-01,0.007544885525514001,5.692529759311068e-05,0.07151918620834082,0.0698124395372481,0.0603527833959145,0.09083939293793444,0.14822449966387466
2019-05-02,0.0021610762070414973,4.670250372640864e-06,0.0727958012675059,0.06947734817745234,0.06133898533839508,0.09089416116911606,0.15357729976994816
2019-05-03,0.00973995106578444,9.486664676387546e-05,0.09985964292656155,0.08334545051071092,0.0688421413137166,0.09242813694803048,0.1462806354346462
2019-05-06,0.004123664812899524,1.7004611489145664e-05,0.10384317826114732,0.08783834711399363,0.06987312843946986,0.09033164437041126,0.17081803623801917
2019-05-07,0.016840955920217178,0.000283617796306698,0.1525659830730575,0.11319898454128119,0.0936593651746188,0.09777633735236455,0.165595853093331
2019-05-08,0.0013897894876602188,1.9315148200108535e-06,0.15026953927672823,0.11316962223517513,0.09194070204792687,0.09790511772392774,0.1676134152622426
2019-05-09,0.003030813283518589,9.185829159552732e-06,0.1501067746041633,0.11321823696659727,0.091652643619184,0.0951622754702993,0.1712886846968897
2019-05-10,0.0050110669566866715,2.511079204439702e-05,0.12645649626378364,0.11381909936525578,0.09355993797144921,0.09542331841425414,0.17113345897197849
2019-05-13,0.025451396452981417,0.000647773581406835,0.19760574672155942,0.16191555769370666,0.12664242105758386,0.10945991897587058,0.14203404269191378
2019-05-14,0.009003047367635795,8.105486190389382e-05,0.21220275876629818,0.17444324946464787,0.1321479839649135,0.10877949751492447,0.1395216105087523
2019-05-15,0.005840321354269756,3.410935352113931e-05,0.222008656188912,0.179018169360021,0.13434872636240025,0.1093139383408489,0.1388405925257692
2019-05-16,0.009218705938846272,8.498453918691953e-05,0.23417047719283912,0.18821563208766875,0.13885708954575152,0.11072812141909705,0.13531630476502254
2019-05-17,0.006485758534638887,4.206506376964117e-05,0.235133564959835,0.1792121874925279,0.14025869591281323,0.11136006723796966,0.13294358226614847
2019-05-20,0.006634454182224506,4.401598229603624e-05,0.12854552004414707,0.18016236844293676,0.1416504516519011,0.11169949373346429,0.1343835562496724
2019-05-21,0.008975628067049808,8.056189919801226e-05,0.12845405816369868,0.1713294789136338,0.14167339415429087,0.11307321089425525,0.13148878130588176
2019-05-22,0.0030762512261234623,9.463321606226106e-06,0.12805634725872336,0.1717848378613245,0.14179560916244308,0.11328354787756317,0.13371872183669326
2019-05-23,0.0122939514057393,0.00015114124116667933,0.1257703215425854,0.18138525079267617,0.147177853335628,0.11624571342791341,0.12377532498003778
2019-05-24,0.002265823089995577,5.133954275157105e-06,0.12973151505456348,0.1790972539735995,0.14604925159436896,0.11623336748583663,0.12440737994201369
2019-05-28,0.009344179597879605,8.731369235742945e-05,0.13685955742559408,0.13167266910507158,0.14779366893844223,0.11722852640095921,0.12504552765625926
2019-05-29,0.006733505179484817,4.5340092002148856e-05,0.08982563513128765,0.12418228173888822,0.14814418190425782,0.11781465988928572,0.12127130180501734
2019-05-30,0.0027276077285047894,7.439843920599057e-06,0.10855793738832956,0.11970353866319534,0.14822449966387466,0.11791000253660272,0.1213356926336042
2019-05-31,0.013566712676373247,0.00018405569284326656,0.11440368168839717,0.11367120674492111,0.15357729976994816,0.12054869696628247,0.10580199504454706
2019-06-03,0.0025458891680659565,6.481551656075568e-06,0.09946015255231846,0.11338334353424429,0.1462806354346462,0.11940842020126523,0.10520879324758955
2019-06-04,0.021473990200987593,0.00046113225515211114,0.2106114046310764,0.1692768402339909,0.17081803623801917,0.12713089610575248,0.08234201789785778
2019-06-05,0.008625162201568835,7.439342300337175e-05,0.206617277581399,0.1686944148369436,0.165595853093331,0.12495566831566653,0.08177362355392746
2019-06-06,0.006481615774041439,4.2011343042302804e-05,0.20762938434409023,0.1725708410701482,0.1676134152622426,0.12539694477140073,0.08190189235079742
2019-06-07,0.009956941394470517,9.91406819329205e-05,0.13658148390504296,0.16523013858459687,0.1712886846968897,0.12629340571574701,0.0818392805842156
2019-06-10,0.004578590090460463,2.0963487216462754e-05,0.10501978977398166,0.16576717331516078,0.17113345897197849,0.126554856778181,0.08119734256861316
2019-06-11,0.0002424684709069798,5.879095938396891e-08,0.06334783780847977,0.15394800192417565,0.14203404269191378,0.12623052434092838,0.08159884352102707
2019-06-12,0.0017669399134258035,3.122076657657186e-06,0.07655955720975978,0.14694701451787412,0.1395216105087523,0.12613436682097032,0.08044819778555648
2019-06-13,0.004118091688821008,1.6958679157536663e-05,0.07310798547462713,0.14688901509082553,0.1388405925257692,0.12636962334139337,0.08057351504563454
2019-06-14,0.0011057840226944354,1.2227583048462875e-06,0.047686442697276246,0.11589885590681273,0.13531630476502254,0.1262085672577084,0.07996962566290598
2019-06-17,0.0003805548465266887,1.448219912149516e-07,0.03648058791126417,0.11143933449780007,0.13294358226614847,0.12419247115001311,0.08205344668249967
2019-06-18,0.010416552798483367,0.00010850457220359167,0.07974814061253958,0.07384899538925892,0.1343835562496724,0.11891987274950847,0.08145058405601296
2019-06-19,0.0022543780106738485,5.0822202150097785e-06,0.07112769871003367,0.06984145938743504,0.13148878130588176,0.1189154543548429,0.0818534393047717
2019-06-20,0.009508893720654641,9.041905979070527e-05,0.08449112680808643,0.07492013093910391,0.13371872183669326,0.11948508776245828,0.07904718042836494
2019-06-21,0.0014544498747526818,2.1154244381680916e-06,0.0859183620458943,0.07047241753305818,0.12377532498003778,0.11891063458431242,0.07900667722733924
2019-06-24,0.001225312825183678,1.5013915195596067e-06,0.09104420745589795,0.07207284369359096,0.12440737994201369,0.11883756278278208,0.08187316833452689
2019-06-25,0.00985646715054856,9.714994468984286e-05,0.11116365643300548,0.09369408154184815,0.12504552765625926,0.12026917526453842,0.0717681690901314
2019-06-26,0.0009978820487508123,9.957685832191184e-07,0.10910220026607717,0.09310667821848817,0.12127130180501734,0.11800434399383489,0.0749229369655987
2019-06-27,0.0035395908865886666,1.2528703644421544e-05,0.07708260502672634,0.09264381997592867,0.1213356926336042,0.11818524610791346,0.0767972641299475
2019-06-28,0.005132812626663585,2.6345765460437134e-05,0.09263142329929883,0.09368550879139519,0.10580199504454706,0.11856074425235033,0.07672782238628444
2019-07-01,0.009037507276032305,8.167653776433685e-05,0.11482904439889394,0.09996004197818706,0.10520879324758955,0.11978122738184145,0.07232086747356437
2019-07-02,0.0026012034493169117,6.766259384738199e-06,0.0581713793951852,0.09014318154139872,0.08234201789785778,0.11952933583622834,0.08324170031656135
2019-07-03,0.007963096009578691,6.341089805776807e-05,0.04407997493920712,0.09526297794753605,0.08177362355392746,0.1204964921392919,0.0836188120156009
2019-07-05,0.0011382929985642052,1.2957109505802898e-06,0.06551858077873314,0.08779518108184757,0.08190189235079742,0.11995368353813086,0.08713008183089818
2019-07-08,0.00551026490293829,3.0363019300553523e-05,0.09719655830614012,0.09360448373077088,0.0818392805842156,0.1204901528133934,0.13595573181355258
2019-07-09,0.0012457719860010015,1.5519478411048793e-06,0.0785986910880098,0.09281174114099917,0.08119734256861316,0.1204850089304817,0.14724785755986694
2019-07-10,0.00476679756622791,2.2722359037396324e-05,0.08271770023892647,0.07033643138628733,0.08159884352102707,0.1201216615785045,0.1455877006653737
2019-07-11,0.0023416215671993646,5.483191563973208e-06,0.06190772714937996,0.06740495652577673,0.08044819778555648,0.12014925611656511,0.16358184429080294
2019-07-12,0.004466606549672367,1.995057406957609e-05,0.06611418742369686,0.06777315353887538,0.08057351504563454,0.12040910560559923,0.1635286764153882
2019-07-15,0.000332645678076622,1.1065314714305563e-07,0.03096150853473231,0.0680066612675881,0.07996962566290598,0.1202358106840616,0.16767803030547693
2019-07-16,0.003230340747154567,1.0435101342727126e-05,0.05243555995846964,0.06326352748747092,0.08205344668249967,0.120476957267799,0.17880523981968952
2019-07-17,0.006828392189575287,4.662693989465278e-05,0.07139279947094627,0.0748343166118191,0.08145058405601296,0.12144142470562663,0.20540976327399774
2019-07-18,0.0036541466115477014,1.3352787458685547e-05,0.07528293361175907,0.06521469007225561,0.0818534393047717,0.12034801939263,0.2050452362107935
2019-07-19,0.00557024335756477,3.102761106249445e-05,0.06848383169212398,0.07094321817655413,0.07904718042836494,0.12085608852655925,0.21333065206210608
2019-07-22,0.0024533408124083225,6.018881141828328e-06,0.07501841749092118,0.0660825713964471,0.07900667722733924,0.1209138660804694,0.21824508552388022
2019-07-23,0.007124685673690976,5.0761145948897435e-05,0.0964460975769646,0.07435334783051344,0.08187316833452689,0.12139040055048966,0.21731537067518236
2019-07-24,0.00468867839232193,2.198370506662656e-05,0.07639442037949686,0.0742420475852332,0.0717681690901314,0.12168105256070114,0.21897486009925188
2019-07-25,0.004788688696837893,2.2931539435223e-05,0.09038324475737515,0.07896028655247,0.0749229369655987,0.12216366381745876,0.21866351526856112
2019-07-26,0.006677780380323425,4.459275080783247e-05,0.076989755182736,0.08296088037914798,0.0767972641299475,0.12168110087043062,0.2331874240074045
2019-07-29,0.0018229964885989546,3.3233161974441182e-06,0.08525369939394173,0.08374925507587011,0.07672782238628444,0.12164966868084968,0.23837435555159817
2019-07-30,0.002457404942109249,6.038839049502962e-06,0.07850043255392443,0.08293951557413809,0.07232086747356437,0.12032176791706733,0.23844601369621918
2019-07-31,0.011001101682602259,0.00012102423823095425,0.10103701726202446,0.09479712976496495,0.08324170031656135,0.12224985906944379,0.23836079569570529
2019-08-01,0.008745735671280628,7.648789243191041e-05,0.10977147446399721,0.10124928044666869,0.0836188120156009,0.1184570686880729,0.24178817689849488
2019-08-02,0.007558120295547073,5.7125182401960567e-05,0.06373199086841592,0.10402619776445335,0.08713008183089818,0.11954162188408164,0.2403029866089742
2019-08-05,0.03053475545201304,0.0009323712905142399,0.17132318607440755,0.17567572994806768,0.13595573181355258,0.13515605259655333,0.21319201585485065
2019-08-06,0.013925530404748044,0.00019392039705356224,0.25039965749113546,0.19127177115362387,0.14724785755986694,0.1378005708515654,0.211300833341864
2019-08-07,0.0005904479237689485,3.48628750683062e-07,0.257355941757639,0.1870213123392904,0.1455877006653737,0.12712718636346843,0.2153192805653394
2019-08-08,0.019430222928403164,0.000377533563047444,0.31328131931827763,0.22240417333129076,0.16358184429080294,0.1318164673610417,0.20485227163862949
2019-08-09,0.0068350318459384045,4.671766033499215e-05,0.31234353385297414,0.2176814065476494,0.1635286764153882,0.13225235313639166,0.20289585893489603
2019-08-12,0.012247666698563305,0.00015000533955909656,0.21361992722746698,0.22168501833168658,0.16767803030547693,0.13349142619225413,0.19679099628510185
2019-08-13,0.015431931001833767,0.00023814449444535814,0.21869330390685912,0.24351320028712622,0.17880523981968952,0.13639686395450007,0.1912272121050455
2019-08-14,0.03001336356931668,0.0009008019927439856,0.3246212869896131,0.27782683105999884,0.20540976327399774,0.14939233666711935,0.15127016595186243
2019-08-15,0.002638102623772769,6.959585453556767e-06,0.269177802908341,0.27900905803035875,0.2050452362107935,0.1483410296145552,0.15182014585303005
2019-08-16,0.014647058664627406,0.00021453632752503678,0.30661134115696836,0.291970308631361,0.21333065206210608,0.15120448985095417,0.14643539741750636
2019-08-19,0.011975988185500839,0.00014342429301925566,0.30336179086412496,0.24735225647418607,0.21824508552388022,0.1507726981387097,0.1415907633291668
2019-08-20,0.0076924106327428896,5.917318134273586e-05,0.2873497549879823,0.24429120684249367,0.21731537067518236,0.1517014848315318,0.13749119799791762
2019-08-21,0.008102653614642184,6.565299559887406e-05,0.14057414002522375,0.24701275179256388,0.21897486009925188,0.15107517498870496,0.13561890449226977
2019-08-22,0.00030760880059067797,9.462317420083548e-08,0.14636197582193003,0.22597016051333146,0.21866351526856112,0.15027896603768928,0.13728248846782162
2019-08-23,0.02602347916590668,0.000677221467898379,0.23899897395731426,0.25927509459474446,0.2331874240074045,0.16002417217251397,0.09263262813475412
2019-08-26,0.010998142927169227,0.0001209591478464425,0.23526481363957444,0.26068168661481456,0.23837435555159817,0.1587643420355625,0.09394792658918344
2019-08-27,0.00393153913419252,1.5456999963687272e-05,0.2320161209019356,0.2462590111221688,0.23844601369621918,0.15891567332832604,0.09277341411820339
2019-08-28,0.007016900409889691,4.9236891362310115e-05,0.2290786186531609,0.19242137319697392,0.23836079569570529,0.15355851400405438,0.09195853619030511
2019-08-29,0.012692111888564289,0.00016108970419183495,0.2539736548623022,0.20019388689653866,0.24178817689849488,0.15469170358196607,0.08523290277122614
2019-08-30,0.00044452812493370213,1.9760525385707309e-07,0.11454838246281904,0.18910478853575655,0.2403029866089742,0.15422472526071887,0.0862171351600172
2019-09-03,0.005864172139576349,3.438851488258345e-05,0.12358642954368615,0.18180732856872742,0.21319201585485065,0.15349759886341371,0.09490915641178091
2019-09-04,0.011286413062711812,0.00012738311982215183,0.12560160925612351,0.18583564296850585,0.211300833341864,0.15491291070898444,0.10713360603679212
2019-09-05,0.012773369304483662,0.00016315896338872543,0.1376742481877617,0.19196409145879606,0.2153192805653394,0.15697566494536155,0.1004242391137956
2019-09-06,0.0007719478486873649,5.959034810930508e-07,0.12726949942577429,0.191705459347873,0.20485227163862949,0.15689921968656637,0.11274824159143154
2019-09-09,0.0005032217037488365,2.532320831238818e-07,0.12548833124384556,0.11385205863013016,0.20289585893489603,0.15673077789118633,0.11353783559625874
2019-09-10,0.00023461681274453312,5.504504882240332e-08,0.1020920009485659,0.11002173597039679,0.19679099628510185,0.15670116542812923,0.12537869037584629
2019-09-11,0.007085747473626974,5.020781726001105e-05,0.08941721655519151,0.10298124131432636,0.1912272121050455,0.15726543642778992,0.1277624945740511
2019-09-12,0.0034578383770742897,1.1956646241967758e-05,0.047775537846668784,0.1021488753306554,0.15127016595186243,0.15607040139959472,0.1298933736188753
2019-09-13,0.0006640969765175502,4.4102479421975157e-07,0.05163304419581205,0.09262919132058754,0.15182014585303005,0.15605127754187603,0.13610513197446514
2019-09-16,0.0030936947365352617,9.570947122865982e-06,0.06332311918061045,0.09616816360476398,0.14643539741750636,0.1550889608609488,0.13580030154946393
2019-09-17,0.0025286468786372153,6.3940550368417325e-06,0.06210297798417202,0.08392981613307476,0.1415907633291668,0.1551089846609869,0.14036059144874463
2019-09-18,0.0005983023713196598,3.5796572752672805e-07,0.041336451684482,0.0723013954094407,0.13749119799791762,0.15507300345437489,0.14043133283766815
2019-09-19,6.662210639283672e-05,4.438505060218455e-09,0.03240805160365239,0.043630070238053625,0.13561890449226977,0.15359335736215898,0.1408810107840783
2019-09-20,0.0047357002423592705,2.242685678548165e-05,0.04642137523998618,0.052589826250842,0.13728248846782162,0.15394811381629556,0.14073319538219434
2019-09-23,0.00023471336497686652,5.509036369876375e-08,0.042379822824101104,0.05273372359841169,0.09263262813475412,0.15382608324127442,0.14278560395974407
2019-09-24,0.007877890073979807,6.206115201770957e-05,0.05863136224038188,0.06746918667282371,0.09394792658918344,0.1544462756173677,0.1402004458637399
2019-09-25,0.005897399650227448,3.477932263450282e-05,0.08304876108869942,0.06400125355400799,0.09277341411820339,0.15381502206916667,0.1390783972809927
2019-09-26,0.0020855415650266468,4.349483619453795e-06,0.08223410146627792,0.06055602534093327,0.09195853619030511,0.1538007092448849,0.13883081048801688
2019-09-27,0.005401477088531132,2.9175954737926756e-05,0.08384775427218348,0.06442465665404738,0.08523290277122614,0.15332364796841175,0.1375021117715587
2019-09-30,0.0046268560876139495,2.1407797255490264e-05,0.09626266949071527,0.07029037141935332,0.0862171351600172,0.15361409060150594,0.13789081826967414
2019-10-01,0.011966287946386153,0.0001431920472158265,0.11691200957568434,0.08737747282120602,0.09490915641178091,0.15516201496905252,0.12918466890103686
2019-10-02,0.017822322387922685,0.00031763517529905015,0.13806532865351684,0.11565847195071512,0.10713360603679212,0.15930782609680455,0.10669974153460086
2019-10-03,0.008159718176248049,6.658100071579279e-05,0.17346277749310648,0.12991870473413758,0.1004242391137956,0.15993229684250573,0.10629359118149538
2019-10-04,0.01344098126745823,0.00018065997743216305,0.21400281742619195,0.15357263874455782,0.11274824159143154,0.16234053127279638,0.10129944590375922
2019-10-07,0.004323827108801801,1.8695480866809336e-05,0.20931713434527374,0.15412965855325686,0.11353783559625874,0.16226040601819244,0.09872542485412518
2019-10-08,0.01564666496551745,0.00024481812454315113,0.22109959065869203,0.16718025562367383,0.12537869037584629,0.1652510837745491,0.07387558397130976
2019-10-09,0.009451542014512527,8.933164645209551e-05,0.1904155648997578,0.17303561788967856,0.1277624945740511,0.16643325886287136,0.07055013270321465
2019-10-10,0.006740573004023306,4.543532442256777e-05,0.1878745440187343,0.1787164924680823,0.1298933736188753,0.1665189684302381,0.06897800583098518
2019-10-11,0.010313763515809501,0.00010637371786004316,0.17679100217833632,0.1858248572207339,0.13610513197446514,0.167728324048026,0.06248306909359496
2019-10-14,0.0011144654768284583,1.2420332990424828e-06,0.1717473606219287,0.18430835394568812,0.13580030154946393,0.16735193837558282,0.06308700810646393
2019-10-15,0.009851816198820288,9.705828241533782e-05,0.07572654524184509,0.17799723453527008,0.14036059144874463,0.1684965913037837,0.05597657514482487
2019-10-16,0.0016071098332996606,2.5828020162884628e-06,0.0924659093776211,0.1428124513669846,0.14043133283766815,0.16789790335215307,0.054888657543850625
2019-10-17,0.0029445847502532346,8.670579351423904e-06,0.0914640671961588,0.14045531424178614,0.1408810107840783,0.1677272130569078,0.05471723774063306
2019-10-18,0.004387023494563663,1.9245975141853573e-05,0.08778812889772261,0.13159929067922657,0.14073319538219434,0.1676806862889471,0.05310445119500045
2019-10-21,0.006756085493877802,4.564469120058606e-05,0.09271193107721992,0.13027199344155516,0.14278560395974407,0.16769415458403927,0.05059441099117204
2019-10-22,0.003271885785427171,1.0705236592880377e-05,0.07395352931983387,0.09149850746366199,0.1402004458637399,0.16778639863390696,0.04751235274169496
2019-10-23,0.0029054642478694107,8.441722495647361e-06,0.07437897170121302,0.08541051941826126,0.1390783972809927,0.16781896246643527,0.05169591757110642
2019-10-24,0.001632702348066732,2.6657169573826206e-06,0.07277219614604342,0.08281088784420025,0.13883081048801688,0.16626200728787457,0.05308440368077909
2019-10-25,0.004086487650852963,1.669938132057377e-05,0.05877421563871597,0.07124577931940186,0.1375021117715587,0.16537707553267417,0.05234333477900321
2019-10-28,0.005620725660413332,3.1592556949628884e-05,0.053845420223835705,0.07160671870415825,0.13789081826967414,0.16485442240620027,0.05498460030899064
2019-10-29,0.0002964568449324074,8.788666090727746e-08,0.03600117676236929,0.05931390380718344,0.12918466890103686,0.1515116241741833,0.05454212896331854
2019-10-30,0.0030622469814643545,9.377356575487551e-06,0.03605008751217435,0.05719467795978461,0.10669974153460086,0.1492263055948059,0.05519845787007183
2019-10-31,0.0026666588188759893,7.111069256289086e-06,0.05361929150312579,0.06114003203197906,0.10629359118149538,0.1494133970573389,0.05644375932630402
2019-11-01,0.00922113721932057,8.502937161753908e-05,0.07469102697732792,0.06353893067504617,0.10129944590375922,0.14542981839905852,0.06042881696313538
2019-11-04,0.004009403005250961,1.607531245851544e-05,0.07193839709564462,0.0600349422682969,0.09872542485412518,0.14470313749377783,0.06493181399359407
2019-11-05,0.0011064765393082176,1.2242903320394895e-06,0.07423308572987095,0.05505353147354004,0.07387558397130976,0.14214058786979392,0.06781459862598987
2019-11-06,0.0002278623164112284,5.1921235240290764e-08,0.07560461853357218,0.05632749832382137,0.07055013270321465,0.13899102556742812,0.0678932457870263
2019-11-07,0.0035105968256868127,1.2324290072522325e-05,0.063686885278254,0.05641951881429945,0.06897800583098518,0.12324768264932146,0.07351324193096397
2019-11-08,0.0024633466122142545,6.068076531907445e-06,0.034747282408706226,0.05578017750290255,0.06248306909359496,0.12324097401491203,0.07479419553093261
2019-11-11,0.0019118564590348962,3.655195119953452e-06,0.03662926470247951,0.05643242453744168,0.06308700810646393,0.12029970844890496,0.07446504564454061
2019-11-12,0.00210573004353013,4.434099016225403e-06,0.03400318022620398,0.055389675853147344,0.05597657514482487,0.11819352344115487,0.07467492520214031
2019-11-13,0.00032369053968830686,1.0477556548370736e-07,0.03382285676701139,0.05547493775164332,0.054888657543850625,0.11680878217129613,0.07947402415436973
2019-11-14,0.0014547159780843159,2.116198576893808e-06,0.02799881140771297,0.05016669418281271,0.05471723774063306,0.11590602223336137,0.07950742863815538
2019-11-15,0.00721036241332899,5.1989326131547454e-05,0.053501689794457664,0.04253021245992163,0.05310445119500045,0.11655933672753523,0.07915436050378305
2019-11-18,0.0007373185555962584,5.436386524265528e-07,0.04432773819986994,0.04097615984810632,0.05059441099117204,0.1018929681363026,0.07921772653680742
2019-11-19,0.00028838573194993696,8.31663303923009e-08,0.04829547524962764,0.0397042889789184,0.04751235274169496,0.10005310769002941,0.07914025193969954
2019-11-20,0.003725826560514887,1.3881783559038193e-05,0.06290372968263949,0.047649339381833675,0.05169591757110642,0.10000710302429562,0.07751754136374447
2019-11-21,0.0016102509656130345,2.59290817225771e-06,0.06545773711771509,0.04759440257075043,0.05308440368077909,0.09950300277573014,0.07713647276145758
2019-11-22,0.002221359196069945,4.934436677964513e-06,0.036037799709266856,0.04735483489234916,0.05234333477900321,0.09664045709469846,0.0771378998472189
2019-11-25,0.007720331862848689,5.9603524072516705e-05,0.06981541406467597,0.056548486512359726,0.05498460030899064,0.09753043859379093,0.07417273846837347
2019-11-26,0.002263090680751318,5.121579429303463e-06,0.06951258865108516,0.05659223081846982,0.05454212896331854,0.09642200725253323,0.07537571691112979
2019-11-27,0.0044480108251929214,1.9784800301033413e-05,0.05428851754562017,0.057701623223033294,0.05519845787007183,0.09441381062180994,0.07489387055772975
2019-11-29,0.0037158525046708996,1.3807559836468999e-05,0.06630292641854393,0.06460304548556775,0.05644375932630402,0.091829983532859,0.0767887793922504
2019-12-02,0.008531018565314148,7.277827776173466e-05,0.1035321233799154,0.07353256749247714,0.06042881696313538,0.0938742206688191,0.06744421776029776
2019-12-03,0.006729139205725356,4.5281314450030077e-05,0.08933834487050644,0.0805200474710827,0.06493181399359407,0.09514002693292996,0.06431280030413003
2019-12-04,0.0061514732540982435,3.784062319588603e-05,0.10513771089024036,0.08781335167731727,0.06781459862598987,0.0957703409738156,0.07242725257457241
2019-12-05,0.0017962077148269558,3.226362154803875e-06,0.09675943189252581,0.0858724629234206,0.0678932457870263,0.09489842289047937,0.07271357176074902
2019-12-06,0.009092412201905254,8.267195964935555e-05,0.1232614656005548,0.09515760750229645,0.07351324193096397,0.09628575395119042,0.06969113407331863
2019-12-09,0.0031486685333621685,9.91411353298507e-06,0.10308494801424027,0.09775594727565175,0.07479419553093261,0.0965825708770237,0.06870774519194404
2019-12-10,0.0011159452299669163,1.2453337562859137e-06,0.08026279649172777,0.09036638735308111,0.07446504564454061,0.09632934566273575,0.06979755366087889
2019-12-11,0.0028346005900093964,8.034960504881619e-06,0.07411868807161757,0.09080258822714199,0.07467492520214031,0.09635479120691957,0.07212207436564926
2019-12-12,0.008582051517394888,7.365160824721989e-05,0.08793586914280266,0.09838941502173942,0.07947402415436973,0.09766083576572672,0.07026991389861519
2019-12-13,0.0005991734885892934,3.590088694282641e-07,0.07151847579441156,0.09552873908016173,0.07950742863815538,0.09764101718954961,0.07119944067572291
2019-12-16,0.0068461186713573655,4.686934086230794e-05,0.06505457570384468,0.0831713059155782,0.07915436050378305,0.09764421961832623,0.06872008351627502
2019-12-17,0.00021917997057986128,4.803985950338886e-08,0.05947386962455588,0.06742816080401243,0.07921772653680742,0.09762124637142493,0.07245239860561166
2019-12-18,6.279403202542343e-05,3.943090458009903e-09,0.06532373117316412,0.06685454489648059,0.07914025193969954,0.0958235500670715,0.07218372166976623
2019-12-19,0.004090536840901867,1.6732491646775424e-05,0.047676892076285705,0.06709612650945931,0.07751754136374447,0.09552317850645627,0.0732058262337786
2019-12-20,0.004374715557996777,1.913813621337905e-05,0.046391514119376955,0.058326700578780866,0.07713647276145758,0.09547566429789887,0.07280862679302495
2019-12-23,0.0015261464338891736,2.329122937672642e-06,0.03286377396891783,0.05017267231526552,0.0771378998472189,0.09442915818403452,0.07282810754812219
2019-12-24,3.12913313940174e-05,9.791474204102189e-10,0.033544899891060624,0.04794537251364068,0.07417273846837347,0.09424417668020996,0.08180032459311948
2019-12-26,0.005309481087652431,2.819058942013884e-05,0.034938547927661476,0.04941393110392895,0.07537571691112979,0.09034746029467501,0.10067659129628657
2019-12-27,0.0002478944112815923,6.145163914464723e-08,0.04011872851761309,0.041563213536766175,0.07489387055772975,0.08081209815015773,0.10712739218675592
2019-12-30,0.005528355359894774,3.056271298527728e-05,0.06194463247278245,0.057016075796087085,0.0767887793922504,0.08121106008281455,0.10482346197509058
2019-12-31,0.002426190992837969,5.886402733728089e-06,0.06345314420300076,0.04961417602859214,0.06744421776029776,0.07749315125013018,0.10502484300119087
2020-01-02,0.009308609164343248,8.66502045744951e-05,0.08908048184508759,0.06348894072813219,0.06431280030413003,0.0780978515988173,0.12035417610467718
2020-01-03,0.007601155484325716,5.777756469689491e-05,0.10660730978054717,0.08000311586267975,0.07242725257457241,0.07191803911593758,0.12037130160260419
2020-01-06,0.00380774832929081,1.4498947339216956e-05,0.11061333906184674,0.07974593660102904,0.07271357176074902,0.07030977545273992,0.13102443302392433
2020-01-07,0.0028157772911024154,7.928601753088057e-06,0.10272147794048724,0.08025351090018981,0.06969113407331863,0.07019128288622326,0.13550010503033513
2020-01-08,0.005315642562780639,2.8256055855245117e-05,0.10715678303987776,0.08363285513995873,0.06870774519194404,0.0682866126704268,0.13495491005320642
2020-01-09,0.006757578135012074,4.5664862250793255e-05,0.09661137763322626,0.0881446150251027,0.06979755366087889,0.06885561722183295,0.13547481402095723
2020-01-10,0.0028817563876994048,8.304519878046322e-06,0.07270824235672134,0.08827405550874627,0.07212207436564926,0.06736685907233894,0.13665929483770112
2020-01-13,0.006853520574284824,4.697074426214538e-05,0.08021041721170644,0.09287041356850953,0.07026991389861519,0.06792148981697493,0.135128468977085
2020-01-14,0.0015258059309201115,2.328083738830988e-06,0.07503243387214116,0.08624892670381304,0.07119944067572291,0.0681765077401331,0.13602066509997296
2020-01-15,0.0022574643474964685,5.096145280217656e-06,0.07191583423025255,0.08622779249318148,0.06872008351627502,0.06704267143214779,0.1362868242408564
2020-01-16,0.008283993215701007,6.862454359778031e-05,0.07841004334952807,0.08390068467201495,0.07245239860561166,0.06760639255921334,0.13380835922954493
2020-01-17,0.0031077024817367884,9.657814714992994e-06,0.06181535045142319,0.06530193423449858,0.07218372166976623,0.06685559884083336,0.13414253034948556
2020-01-21,0.0019598795504703784,3.841127852351972e-06,0.06587847710013807,0.06938746830203008,0.0732058262337786,0.06726161525708076,0.13448945192097322
2020-01-22,0.00012034372359019419,1.448261180755306e-08,0.06114296493494619,0.06468584224648768,0.07280862679302495,0.06734351493183288,0.13571406479476805
2020-01-23,0.0011462683877390125,1.313931216729795e-06,0.061768272380772586,0.06321346636314107,0.07282810754812219,0.06717105313870012,0.14138778720444237
2020-01-24,0.008932460682768971,7.978885384921352e-05,0.07365809223391721,0.07879808684265824,0.08180032459311948,0.07007225913954493,0.18380966322351192
2020-01-27,0.01615946672098877,0.00026112836470674355,0.11587072474975131,0.11521981403363347,0.10067659129628657,0.07874231256369836,0.20581837612126555
2020-01-28,0.010424747799240748,0.00010867536667777483,0.16169531627651973,0.12289745091384677,0.10712739218675592,0.08091709107135758,0.20082200531159314
2020-01-29,0.0008264792258148752,6.830679107035555e-07,0.16079945241541674,0.12275598085210791,0.10482346197509058,0.08062068877081333,0.2531587653237796
2020-01-30,0.0032400708247209966,1.04980589492082e-05,0.16473265791079814,0.12341614674463346,0.10502484300119087,0.07903152403559355,0.25144777694121384
2020-01-31,0.018324795683240903,0.0003357981368325244,0.19812533736691026,0.14317190834671345,0.12035417610467718,0.08836216994215666,0.29712523565454485
2020-02-03,0.007400718728952672,5.477063770507086e-05,0.17919436497800675,0.14962231395971737,0.12037130160260419,0.08927588295539139,0.3097278194213999
2020-02-04,0.015126664760416447,0.00022881598677402474,0.1979244823103445,0.17364548557823184,0.13102443302392433,0.09384120693297435,0.3428925060075059
2020-02-05,0.011481942798234515,0.00013183501042192945,0.2085081594050127,0.1841573924991002,0.13550010503033513,0.09606326626531053,0.3557983909592657
2020-02-06,0.00335902072030036,1.128302019940715e-05,0.20849028662957103,0.1847231767469821,0.13495491005320642,0.0961244959478516,0.3568167523175777
2020-02-07,0.005343693413062002,2.855505929280223e-05,0.12553514921971032,0.180320784517452,0.13547481402095723,0.09688089128607705,0.4462465785425517
2020-02-10,0.00743764049186727,5.53184960862636e-05,0.1255538726725761,0.15434480357851568,0.13665929483770112,0.09767774112838827,0.4918067280070222
2020-02-11,0.0017311541967275198,2.9968948528473044e-06,0.10049456408214001,0.14935121389467448,0.135128468977085,0.09765332874906951,0.512821922172568
2020-02-12,0.00642253872302738,4.124900364878617e-05,0.08030925567128604,0.1492252528425817,0.13602066509997296,0.0981867089891024,0.6004547847646778
2020-02-13,0.0010677443286254563,1.1400779513118263e-06,0.08415190075439706,0.15079445870687444,0.1362868242408564,0.09760097076133711,0.6921556870648808
2020-02-14,0.0016008430636542715,2.5626985144499942e-06,0.05683190692317394,0.09564212623543991,0.13380835922954493,0.09759270562498858,0.7829755106448926
2020-02-18,0.0025804707437460947,6.658829259329523e-06,0.05450187714581909,0.10105748314891105,0.13414253034948556,0.09787421341112729,0.8201407757315508
2020-02-19,0.004770137858306327,2.2754215187247273e-05,0.06025913077038731,0.07972559317221485,0.13448945192097322,0.09753793978496017,0.8273042511718823
2020-02-20,0.004117111297011279,1.6950605431977896e-05,0.055943614018342046,0.06991091050668717,0.13571406479476805,0.09801333526165268,0.8289049702191046
2020-02-21,0.010351731579242242,0.00010715834668868108,0.09163295393087773,0.0893496025492378,0.14138778720444237,0.10093771704385876,0.8340116249257483
2020-02-24,0.033727496634622774,0.0011375440292384904,0.23381151473566547,0.19115719793278463,0.18380966322351192,0.12292985221654332,0.8325832270398071
2020-02-25,0.030770830086536208,0.0009468439842144819,0.2668394844281293,0.2258811135457138,0.20581837612126555,0.138612072917125,0.9098507767795192
2020-02-26,0.0036849669759162983,1.3578981613593709e-05,0.23219700924662462,0.2217458667636592,0.20082200531159314,0.1385008555483839,0.9145424490311516
2020-02-27,0.04595137121349736,0.002111528516400634,0.2769272835691239,0.2791047771574877,0.2531587653237796,0.16723757269578227,0.9354255424843909
2020-02-28,0.004210388086656728,1.77273678402609e-05,0.2997417081889228,0.27590019341301575,0.25144777694121384,0.16662148103179347,0.9392405325434817
2020-03-02,0.042395018345971876,0.001797337580555292,0.5342466442576809,0.3888315918026458,0.29712523565454485,0.18813282808485057,0.9325923511244407
2020-03-03,0.029050484458140437,0.000843930647252659,0.5298387559330975,0.39949138418830815,0.3097278194213999,0.19689041864972082,0.9297246978102128
2020-03-04,0.04117379620440341,0.0016952814938817446,0.6380490646019228,0.4754956737431816,0.3428925060075059,0.21461764100227623,0.9208737293035583
2020-03-05,0.033806721819183344,0.0011428944401596472,0.5855689105461294,0.4920740550121363,0.3557983909592657,0.22473208296674588,0.9247678498784423
2020-03-06,0.01666960113994326,0.00027787560216479764,0.6020841208501696,0.4929347546991601,0.3568167523175777,0.22708598380191503,0.9245620399942642
2020-03-09,0.08131222547112943,0.006611678011067789,0.6968396547880734,0.5995510995996631,0.4462465785425517,0.2806904128796199,0.9181386256128641
2020-03-10,0.05045059765884829,0.0025452628041349886,0.8676823789881452,0.6777749669137305,0.4918067280070222,0.3005617388665773,0.8976183510274801
2020-03-11,0.04997689035288882,0.0024976895693446717,0.7787689159174476,0.7085352794197156,0.512821922172568,0.315860822624812,0.8894409522422222
2020-03-12,0.10056886897689882,0.010114097407292641,0.9458231327302763,0.8239601756740477,0.6004547847646778,0.3744611003476645,0.8064724290970432
2020-03-13,0.08202806858794993,0.006728604036269419,1.292629555720337,0.9662714299420732,0.6921556870648808,0.41344739780502343,0.755850921681928
2020-03-16,0.11588649805800295,0.013429680432147522,1.4137811513796474,1.051062708361185,0.7829755106448926,0.4739159663215892,0.6203723053224034
2020-03-17,0.05258483824729384,0.002765165213494057,1.4211889426178848,1.120629778020299,0.8201407757315508,0.48817992461855264,0.6064382259433855
2020-03-18,0.051959620924943384,0.0026998022066638144,1.423332443434207,1.0816438606773775,0.8273042511718823,0.4977189844443611,0.5679768858911277
2020-03-19,0.002122569810104048,4.505302598765134e-06,1.26584103070016,1.0898653954978612,0.8289049702191046,0.4975638202858144,0.5713679973788816
2020-03-20,0.04405027186530495,0.0019404264514072767,1.0007836797636371,1.0941284655147498,0.8340116249257483,0.503817549718007,0.5460209452822744
2020-03-23,0.02590073456608057,0.0006708480510625608,0.6724448225461325,1.0496622821659463,0.8325832270398071,0.5053895458789629,0.5506293514857592
2020-03-24,0.08673108989013446,0.007522281953530585,0.8916370419726902,1.1306330335744732,0.9098507767795192,0.5395562566193807,0.47375616470521614
2020-03-25,0.014859100508524912,0.0002207928679224453,0.7989027823474494,1.1236863984042982,0.9145424490311516,0.5409669687827754,0.47339137169743145
2020-03-26,0.05674878927733367,0.003220425084443221,0.8699276531223823,1.0433048190278733,0.9354255424843909,0.5552692697164973,0.43555059444304617
2020-03-27,0.030238157627799744,0.0009143461767236638,0.8117650652232865,0.9624993946073199,0.9392405325434817,0.55784907546847,0.4174305952471358
2020-03-30,0.03195933221896601,0.001021398915882239,0.6998927398586853,0.7505311673899082,0.9325923511244407,0.5620530277936777,0.40760265185888744
2020-03-31,0.015017464000786922,0.00022552422501493114,0.556878478220185,0.7173172272155902,0.9297246978102128,0.5624889753470672,0.4075874276120604
2020-04-01,0.046049046414328984,0.002120514675669025,0.6874257938259059,0.705258978902268,0.9208737293035583,0.5689155231489925,0.3633139315634938
2020-04-02,0.02281317947302192,0.0005204411576683087,0.5345317989324775,0.7120580844096135,0.9247678498784423,0.5716506088067058,0.3793559336992095
2020-04-03,0.014559807695527073,0.00021198800013072936,0.5028042519052116,0.6690526901413228,0.9245620399942642,0.5717129483171071,0.3719386999718619
2020-04-06,0.06500677033932463,0.004225880189949696,0.6769789605370989,0.6947091362062802,0.9181386256128641,0.5887631520083842,0.30201087568067314
2020-04-07,0.0010187796711077148,1.0379120182623435e-06,0.6602954157428299,0.5780444464588718,0.8976183510274801,0.588831995808795,0.3042584773494203
2020-04-08,0.03301736587414723,0.001090146449267302,0.4858607696745759,0.5905539584309657,0.8894409522422222,0.5931902810198748,0.285781683005755
2020-04-09,0.015102930842869419,0.00022809852004449638,0.48758746903095246,0.5334138321107784,0.8064724290970432,0.5943321527663357,0.28658732716083174
2020-04-13,0.009172402596630685,8.413296939467734e-05,0.4645437638227909,0.502596703893289,0.755850921681928,0.5943932097777176,0.28343922876835187
2020-04-14,0.02906643654308493,0.0008448577333131829,0.2856484723069869,0.4989986143949261,0.6203723053224034,0.5975673419210936,0.2770784810442684
2020-04-15,0.021476935693218444,0.0004612587667706404,0.3786118891398028,0.5083518203737045,0.6064382259433855,0.5987113827673798,0.2735333276188758
2020-04-16,0.004812758630926519,2.31626456395577e-05,0.31492923345031093,0.41371084201984665,0.5679768858911277,0.5989163385385003,0.27609416596179853
2020-04-17,0.02665697191041456,0.0007105941514326309,0.3500825486177489,0.4168157622426267,0.5713679973788816,0.6019229929359268,0.25955448818460264
2020-04-20,0.01777524145715697,0.00031595920886023183,0.3777691678953717,0.42302360249604654,0.5460209452822744,0.6027064883489855,0.27144870803320004
2020-04-21,0.030833440525717903,0.0009507010546529832,0.36918372690228374,0.35956640918042365,0.5506293514857592,0.6053496580623299,0.24686918458119067
2020-04-22,0.0219517100724602,0.0004818775751053506,0.39508570299804324,0.37142825271625185,0.47375616470521614,0.6068473339161496,0.24239134227220743
2020-04-23,7.172878813009423e-05,5.145019046611947e-09,0.3936058621034299,0.33746767548984846,0.47339137169743145,0.6062836266638656,0.24478979348733546
2020-04-24,0.013842473177585567,0.00019161406367217587,0.3466087170687131,0.3361358587622453,0.43555059444304617,0.6072050840778909,0.24125968685408067
2020-04-27,0.014315582734030144,0.00020493590901486197,0.3325482487867049,0.3355427592585838,0.4174305952471358,0.608059805256851,0.2399842987162581
2020-04-28,0.004609031737079133,2.1243173553402694e-05,0.17514499254907093,0.3065744206494544,0.40760265185888744,0.6071464982649778,0.24269246184979518
2020-04-29,0.02584149675842308,0.0006677829547155906,0.1942783915873183,0.30281330102285076,0.4075874276120604,0.6095220346591915,0.2275935539659652
2020-04-30,0.009354206539234761,8.750117997866237e-05,0.231748240929563,0.311817146675391,0.3633139315634938,0.6087215928355257,0.22399737189983965
2020-05-01,0.026830399167985235,0.0007198703195134227,0.3273818981265685,0.3185117145709997,0.3793559336992095,0.6101646126401066,0.19571868906951995
2020-05-04,0.0027546765383068684,7.588242830698312e-06,0.3047564689858564,0.3052701583323214,0.3719386999718619,0.6101405784778493,0.19627348115145163
2020-05-05,0.009196702932137448,8.457934482198553e-05,0.3141794046526754,0.2507606956874167,0.30201087568067314,0.6105918040379688,0.19815743893514642
2020-05-06,0.006801665296347354,4.626265080353594e-05,0.21782937562593765,0.23652205116951272,0.3042584773494203,0.6103104887594736,0.19558135470865087
2020-05-07,0.011994798638069092,0.00014387519436782412,0.24890758491172274,0.2415116336365278,0.285781683005755,0.6109854325625743,0.20763450539770004
2020-05-08,0.016410615067313287,0.00026930828688752985,0.1434041041725266,0.2450476543299781,0.28658732716083174,0.6119472980511673,0.2050627705529314
2020-05-11,0.00020511494539730005,4.207214082533738e-08,0.14887345906811372,0.23739210301140548,0.28343922876835187,0.6119636876911615,0.20922255358842368
2020-05-12,0.020132993151985804,0.0004053374132579073,0.2333422942461194,0.2609021556754085,0.2770784810442684,0.6129972559799303,0.19207556971737733
2020-05-13,0.01784410135076899,0.00031841195301651574,0.26556353238993224,0.23183478748578062,0.2735333276188758,0.6137898467731487,0.2901270897896325
2020-05-14,0.0118961553688158,0.00014151851255900496,0.2652397267955219,0.24249389939390148,0.27609416596179853,0.6143427974360108,0.29013029457112055
2020-05-15,0.004586740132493265,2.1038185043024337e-05,0.22389572642141717,0.1996037465414613,0.25955448818460264,0.6145198146903154,0.2908940715123078
2020-05-18,0.03000497235131383,0.0009002983658031074,0.3341308425689698,0.2467519003543848,0.27144870803320004,0.6179069244222605,0.28006467584715367
2020-05-19,0.010324325636532536,0.00010659169984916294,0.2991763944790324,0.2544713862956789,0.24686918458119067,0.6146182368502596,0.2770273127970545
2020-05-20,0.016845514098464638,0.0002837713452415709,0.23695409721738808,0.2592148476883352,0.24239134227220743,0.6126947464838773,0.27244722063355736
2020-05-21,0.00692798281105187,4.799694583023017e-05,0.26633890707160635,0.26101692395555465,0.24478979348733546,0.6127968646814115,0.2719340315731363
2020-05-22,0.0018971467233317282,3.599165689848313e-06,0.26844661456151864,0.24921735465248748,0.24125968685408067,0.6055470601472722,0.27227021312092825
2020-05-26,0.012245214614870934,0.00014994528096424874,0.18684964672372803,0.2553674396617446,0.2399842987162581,0.6059994348352904,0.2700673448792016
2020-05-27,0.014769294531886154,0.00021813206096960223,0.15912237287346165,0.22849900328308112,0.24269246184979518,0.6004133795681331,0.2834222884956715
2020-05-28,0.0018465355837999644,3.409693662239475e-06,0.14678175641591393,0.19379218583968214,0.2275935539659652,0.5974120189605847,0.285628887176795
2020-05-29,0.0044460652919528585,1.9767496580307858e-05,0.11119600836850321,0.19246471933620773,0.22399737189983965,0.591376911837768,0.2985894362150655
2020-06-01,0.004033576353714337,1.6269738201243446e-05,0.10681192685052682,0.19264423908599795,0.19571868906951995,0.5873075965702422,0.3030278043773826
2020-06-02,0.008246499369136469,6.800475184516818e-05,0.09713729515366108,0.14289673013670315,0.19627348115145163,0.5864578137862063,0.30504835007613806
2020-06-03,0.013220026234906472,0.0001747690936516154,0.08849340981836784,0.12270341895944756,0.19815743893514642,0.5614733590895734,0.3023256737507115
2020-06-04,0.002630167302939162,6.917780041450267e-06,0.0927321608245302,0.11636879094013403,0.19558135470865087,0.5524797191513622,0.30277953785422773
2020-06-05,0.02530675627668469,0.0006404319132475199,0.1669079319007933,0.13658138174919685,0.20763450539770004,0.5440721932123425,0.29380745149118737
2020-06-08,0.012014879580809306,0.00014435733134134842,0.15948485488676128,0.13339419405447006,0.2050627705529314,0.5000022291267826,0.2922639351176482
2020-06-09,0.007484901740731733,5.6023754068408933e-05,0.209344675586515,0.1549087859443372,0.20922255358842368,0.4736837441577201,0.29291383816176253
2020-06-10,0.005595409512679916,3.130860761458889e-05,0.22247415721171784,0.1599875913184301,0.19207556971737733,0.40428358438246786,0.2929403375665664
2020-06-11,0.059377237367748754,0.003525656317425979,0.5113754993981328,0.36189358525731613,0.2901270897896325,0.4128442161109449,0.19533426444427993
2020-06-12,0.01190427516819889,0.0001417117672801967,0.46470995947251925,0.36681366279194344,0.29013029457112055,0.3969831959495932,0.1965170643227544
2020-06-15,0.009292388962217667,8.634849262514473e-05,0.4570310020615189,0.36938825907611367,0.2908940715123078,0.39710650151845783,0.19869540010630898
2020-06-16,0.01906486591831883,0.0003634691124834749,0.5036477793261608,0.37960018890168207,0.28006467584715367,0.3852623063985621,0.1904204798852161
2020-06-17,0.004162620641563587,1.7327410605571247e-05,0.5036334285601144,0.37466209729050665,0.2770273127970545,0.3803060414150633,0.19009701721969274
2020-06-18,0.00038510951548417516,1.4830933891645615e-07,0.14695464264174707,0.3744126543751788,0.27244722063355736,0.34072180326698626,0.1900819560659656
2020-06-19,0.0057311214398032455,3.284575295777243e-05,0.16441518427098736,0.3474325270644311,0.2719340315731363,0.3405689867553175,0.1891429378959872
2020-06-22,0.006394597492011931,4.089087708484528e-05,0.15949647857344826,0.3417446584129218,0.27227021312092825,0.32227490039650686,0.188576596666067
2020-06-23,0.004592962747940907,2.1095306803972886e-05,0.08395131515834849,0.34320722282844907,0.2700673448792016,0.31476724053948774,0.18879307993889508
2020-06-24,0.02583951867468016,0.0006676807253391448,0.20714094313432593,0.3630817348350708,0.2834222884956715,0.3147673992132847,0.16649451050886824
2020-06-25,0.010663357587084643,0.00011370719503003562,0.23229722294361577,0.19902373072412222,0.285628887176795,0.3130308740952721,0.16714970649781866
2020-06-26,0.024038137402820615,0.0005778320497968834,0.2819520410051652,0.2314117739745007,0.2985894362150655,0.3013294919478223,0.13615021210506567
2020-06-29,0.014590559814614256,0.0002128844357038364,0.3087329896474032,0.23936178525146792,0.3030278043773826,0.2995295669693174,0.13426182392060385
2020-06-30,0.012728367271283287,0.00016201133339267555,0.32782067251290475,0.22670696647772176,0.30504835007613806,0.2978205834398895,0.1337713453732632
2020-07-01,0.006980465389352898,4.87268970519537e-05,0.25443746532904593,0.229297977061963,0.3023256737507115,0.2691572232988781,0.13448058435144844
2020-07-02,0.005491701009027286,3.015877997255131e-05,0.2487265353033176,0.23092002806503065,0.30277953785422773,0.26919228478725316,0.13553340528652857
2020-07-06,0.01531913130600395,0.00023467578397059027,0.07144844891727821,0.238845040937003,0.29380745149118737,0.2630806102753118,0.12784655054640817
2020-07-07,0.010367344828319006,0.00010748183878927284,0.1589874067993241,0.2462687025245826,0.2922639351176482,0.26304897480223066,0.11956708614757935
2020-07-08,0.0076196515467728395,5.805908969423773e-05,0.14926806689244607,0.24796381735354298,0.29291383816176253,0.2622310012698374,0.11886620854792913
2020-07-09,0.00570915728921728,3.25944769530228e-05,0.1650578237246075,0.20269876931684866,0.2929403375665664,0.256730273777581,0.11566108368979107
2020-07-10,0.010158988747388822,0.00010320505236957271,0.1735468400330222,0.2022029006808171,0.19533426444427993,0.25264405952605,0.11281316716592699
2020-07-13,0.00869675135438984,7.56334841200815e-05,0.15209506307295514,0.15280627928893228,0.1965170643227544,0.2535869251324701,0.1046153497096815
2020-07-14,0.012875571545829842,0.00016578034263178305,0.15522780481676118,0.14994901880224717,0.19869540010630898,0.24942101825149016,0.10559263970494755
2020-07-15,0.009145416939814653,8.363865100304882e-05,0.1582817606886205,0.14555182706325648,0.1904204798852161,0.24645716330747172,0.11091896094718272
2020-07-16,0.0032989451701735165,1.0883039235811171e-05,0.15010846246780082,0.1493138547458927,0.19009701721969274,0.23692181421541642,0.11003272766484783
2020-07-17,0.002894851471638522,8.380165042847716e-06,0.13995916771850414,0.1487922272367012,0.1900819560659656,0.23352278200772544,0.11034508529708838
2020-07-20,0.008049278010882814,6.479087649648159e-05,0.09959805671284569,0.1358429885334313,0.1891429378959872,0.23374242080937763,0.10831183926550826
2020-07-21,0.0021251219120339065,4.516143141006647e-06,0.07962927461882105,0.11639266505916554,0.188576596666067,0.232560880694899,0.10831220038487031
2020-07-22,0.0056761578966950995,3.2218768468214134e-05,0.06784859262934725,0.1148732230023032,0.18879307993889508,0.2313381073708934,0.10957836035260195
2020-07-23,0.012003506921353529,0.00014408417841098206,0.12421218687764837,0.13182414607073845,0.16649451050886824,0.2327648094726693,0.09719617909182322
2020-07-24,0.006461578319229934,4.175199437554234e-05,0.13422992602399866,0.13186962494089874,0.16714970649781866,0.22806747734244145,0.09153387295874486
2020-07-27,0.007266092151481792,5.2796095153825304e-05,0.13115895765014735,0.12294485596260585,0.13615021210506567,0.227207177636794,0.09386528726240984
2020-07-28,0.006362296488205271,4.047881660382913e-05,0.13354381552866695,0.11576131726780987,0.13426182392060385,0.21992601889518817,0.08716582744966248
2020-07-29,0.01222352877167368,0.00014941465563193427,0.16321190621956902,0.12286045759347322,0.1337713453732632,0.2208831139012421,0.08448938634834499
2020-07-30,0.003574605981836749,1.2777807925383067e-05,0.13639804043378853,0.12313869255978589,0.13448058435144844,0.22074344703195278,0.08062416745754478
2020-07-31,0.007871366471227303,6.195841012436137e-05,0.12717106752716636,0.12774956953209435,0.13553340528652857,0.22025268186155805,0.0797795649709317
2020-08-03,0.0069282318409836395,4.800039644241955e-05,0.12655932665066455,0.12625083166734008,0.12784655054640817,0.21955201977066238,0.08261014442265138
2020-08-04,0.0038551159272896484,1.4861918812842325e-05,0.09321306027403489,0.1268383235242899,0.11956708614757935,0.21760444440384574,0.08561255528670118
2020-08-05,0.006191860214243732,3.833913291273443e-05,0.07336630884866022,0.12733443466698957,0.11886620854792913,0.21772879229039102,0.09378840473491618
2020-08-06,0.006661948210889919,4.4381553964579396e-05,0.023790602467957556,0.10383313166022137,0.11566108368979107,0.2128655947325181,0.16560654306375616
2020-08-07,0.0007177917228864343,5.152249574442756e-07,0.041597215745803114,0.08995169321666323,0.11281316716592699,0.20859385057743796,0.1692401226954272
2020-08-10,0.0029846251336897007,8.907987188652263e-06,0.03862536231947343,0.08839013795898845,0.1046153497096815,0.20775848863495336,0.19758674204934956
2020-08-11,0.008289038361509193,6.8708156958571e-05,0.09629389982879173,0.09485479962380357,0.10559263970494755,0.2089570991686785,0.2072378540779017
2020-08-12,0.013846228930731817,0.00019171805560223474,0.12885069999523138,0.09925381099570328,0.11091896094718272,0.20242160041982585,0.21139135271387333
2020-08-13,0.001809649320218415,3.2748306621669714e-06,0.12848153351157782,0.09596302239166231,0.11003272766484783,0.20089746648077317,0.21136523384805136
2020-08-14,2.9634889334011952e-05,8.782266658391353e-10,0.1288344969060585,0.09493535682902975,0.11034508529708838,0.19869656192937457,0.21673961768228014
2020-08-17,0.0031715428952456596,1.0058684336383221e-05,0.12899042984772768,0.09254974744041866,0.10831183926550826,0.19779629006777333,0.21717582454669737
2020-08-18,0.0021584375162062176,4.658852511366466e-06,0.09694691463479646,0.09236703057530625,0.10831220038487031,0.19779449724071801,0.21758338770940194
2020-08-19,0.004172453862130245,1.7409371231605598e-05,0.047175019664489455,0.09557389052569504,0.10957836035260195,0.1971462592036294,0.21939829963377255
2020-08-20,0.003108376298139832,9.662003210837486e-06,0.04899250983072228,0.09182218998462316,0.09719617909182322,0.19537952117090002,0.2226261014006608
2020-08-21,0.0035412650723915745,1.2540558312940503e-05,0.05152439239131147,0.09252020845999072,0.09153387295874486,0.19525259584387258,0.22482379971727479
2020-08-24,0.010082183177801374,0.00010165041763074102,0.08039714495040644,0.10215998784371175,0.09386528726240984,0.19589851231922278,0.22485892506316515
2020-08-25,0.003493047364138098,1.2201379888112115e-05,0.08013392183690689,0.08388226093640822,0.08716582744966248,0.19587842528288552,0.2366898589777109
2020-08-26,0.009975633893945507,9.95132715860344e-05,0.057867709367716125,0.07167678374826128,0.08448938634834499,0.1961437664366218,0.23275370015115457
2020-08-27,0.0021843906275483297,4.771562413720986e-06,0.061098433739896256,0.06688230577893993,0.08062416745754478,0.19476654901956258,0.24215770812926551
2020-08-28,0.006438423754427411,4.1453300441575153e-05,0.05754416603086362,0.06568129526243771,0.0797795649709317,0.19475246863645015,0.24968053416488478
2020-08-31,0.0036290607681788876,1.3170082059135138e-05,0.08052980600286694,0.07612005317060914,0.08261014442265138,0.18893547054562462,0.24990472218374332
2020-09-01,0.009374443821311636,8.788019695892792e-05,0.08989233164372464,0.08147306625848065,0.08561255528670118,0.18838859788098758,0.248859207189811
2020-09-02,0.014360590540954178,0.00020622656068494262,0.10895541383127944,0.08228297919539417,0.09378840473491618,0.18924427690901596,0.24330000671279217
2020-09-03,0.035020536935257356,0.0012264380072337247,0.3135767003652032,0.2221536250325724,0.16560654306375616,0.20330034323217983,0.21349598004317522
2020-09-04,0.008198004192827884,6.720727274562357e-05,0.30680171077915364,0.22773767141260262,0.1692401226954272,0.16050463637364448,0.22219992613340012
2020-09-08,0.02770340425043105,0.0007674786070628011,0.3468779511836954,0.26158604562693394,0.19758674204934956,0.17054150058714224,0.20461946829042296
2020-09-09,0.0195549578750192,0.00038239637749377546,0.38688329628640233,0.2839965371117471,0.2072378540779017,0.1737870108258058,0.20191942494549367
2020-09-10,0.017515875513324827,0.0003068058949982923,0.33687602014908496,0.2870411135358991,0.21139135271387333,0.17439950384422576,0.19244643951057688
2020-09-11,0.0005088989632665134,2.589781548137321e-07,0.2863640783197752,0.28614966775673945,0.21136523384805136,0.17405388389937537,0.19407470701855978
2020-09-14,0.013084933910924383,0.00017121549545325886,0.31739251529554197,0.2948697955521947,0.21673961768228014,0.17572847349039686,0.19649029512041266
2020-09-15,0.005039889986712266,2.5400491078162568e-05,0.2245842125072729,0.2979735337832821,0.21717582454669737,0.17523638835477945,0.19858022611532464
2020-09-16,0.003976280387006136,1.5810805716089665e-05,0.18062398750797928,0.29032551499714954,0.21758338770940194,0.1753186686028845,0.19962240460388364
2020-09-17,0.00883426388937031,7.804421846703224e-05,0.1337487597981555,0.2720575408132214,0.21939829963377255,0.1764459208353174,0.19618456060970096
2020-09-18,0.011579699662835511,0.00013408944428147285,0.16202681726245535,0.2239838919472998,0.2226261014006608,0.16938257560689093,0.18994718596213356
2020-09-21,0.011192058292726148,0.00012526216882778016,0.10999308328617959,0.22606402476370863,0.22482379971727479,0.17023159041279737,0.19439421894290734
2020-09-22,0.010132715054146254,0.00010267191436852212,0.1433860593359167,0.19367723841258191,0.22485892506316515,0.16292847823961457,0.1923026222061262
2020-09-23,0.02346385513201841,0.0005505524976563466,0.19226357942613534,0.1894380123898753,0.2366898589777109,0.16860275871896305,0.16824483305292334
2020-09-24,0.002661982521695507,7.08615094581237e-06,0.20939962328456585,0.17820019730133213,0.23275370015115457,0.16687363137521644,0.16846070966504836
2020-09-25,0.016037716362388432,0.00025720834612042164,0.255475834994024,0.20168382530738066,0.24215770812926551,0.1693058570145228,0.16147554646580953
2020-09-28,0.016472800873474417,0.0002713531686171395,0.26246556724289555,0.20899146988839054,0.24968053416488478,0.17201957270993323,0.16919676055948948
2020-09-29,0.005460871699798469,2.9821119721659823e-05,0.2642300210698389,0.2073181330579322,0.24990472218374332,0.16999391020415067,0.16836383568670552
2020-09-30,0.007553420477124333,5.7054160904241184e-05,0.14738225539192934,0.21213957106289136,0.248859207189811,0.16890555968239382,0.20837907954187557
2020-10-01,0.006399494572197291,4.0953530779582584e-05,0.14201881870927238,0.2096887463094463,0.24330000671279217,0.16872440798188504,0.21059046185472105
2020-10-02,0.009539863452959138,9.100899470110545e-05,0.16698536764479613,0.20655529485841442,0.21349598004317522,0.1695682879472651,0.2111183523707182
2020-10-05,0.017577829396276456,0.0003089800862846007,0.17265482330260729,0.20962992554421073,0.22219992613340012,0.17193234973097868,0.20470627025064086
2020-10-06,0.014318026878525531,0.00020500589369417955,0.20868007112247514,0.2244773391320163,0.20461946829042296,0.17369012174649087,0.20924020698333082
2020-10-07,0.01725682589230712,0.00029779803987740145,0.2359060384482152,0.1884029262898812,0.20191942494549367,0.17518472412651998,0.215115548309884
2020-10-08,0.008823634893657588,7.785653273657174e-05,0.23841354401116627,0.18837599757505,0.19244643951057688,0.17512338874727842,0.22361585398315512
2020-10-09,0.0088902660647221,7.903683070154937e-05,0.20642395842676306,0.18107279053874437,0.19407470701855978,0.1755773249235922,0.22164491502678366
2020-10-12,0.015959656448020686,0.00025471063393884825,0.20178663273991565,0.18020769173233872,0.19649029512041266,0.1780860927738012,0.21875099536408357
2020-10-13,0.006547569528348109,4.287066672855268e-05,0.1502440346833312,0.18209967381845932,0.19858022611532464,0.17833573923796053,0.21738040062435954
2020-10-14,0.006302939674355429,3.972704853856372e-05,0.16022283313173152,0.1902020696834881,0.19962240460388364,0.1790129831238034,0.21708855120464343
2020-10-15,0.0012367011483731284,1.5294297303874146e-06,0.1576913667467038,0.19116272050170718,0.19618456060970096,0.17883558749274076,0.22045312659164334
2020-10-16,0.000604515614395391,3.654391280478371e-07,0.14611483968758326,0.1795892466501354,0.18994718596213356,0.1767857733490342,0.22506720419134915
2020-10-19,0.015320291934437787,0.00023471134495639951,0.09359893257945262,0.1855239918954509,0.19439421894290734,0.17935560530774275,0.21896656280815802
2020-10-20,0.003997705498560332,1.598164925321951e-05,0.11679476892122811,0.16586194134705082,0.1923026222061262,0.1790026976757304,0.2208816231807573
2020-10-21,0.001894837910097729,3.5904107055435298e-06,0.11524765325162616,0.14462918146092374,0.16824483305292334,0.1784431650741516,0.22645043663216563
2020-10-22,0.0054704085993790095,2.9925370244159816e-05,0.13057315858006804,0.14018662008165084,0.16846070966504836,0.17718539668802782,0.22623260361052477
2020-10-23,0.003389470699001482,1.1488511619389595e-05,0.13560854604946893,0.1332309503259548,0.16147554646580953,0.17698593380577943,0.22824468417468674
2020-10-26,0.01865288785511815,0.0003479302253356142,0.15816629335208518,0.12809096338701964,0.16919676055948948,0.18098789061344867,0.21601497898924465
2020-10-27,0.003453105755108587,1.1923939355964044e-05,0.15039133132153126,0.12715075761035138,0.16836383568670552,0.18071496454308286,0.2197852948284137
2020-10-28,0.03477687253297651,0.001209430863174896,0.26910187618765335,0.2028066669006192,0.20837907954187557,0.19450292282811,0.16858385290109199
2020-10-29,0.01011235108440406,0.00010225964445424798,0.2869128116090616,0.21817305254404992,0.21059046185472105,0.1952097820900241,0.16777281563070007
2020-10-30,0.010479869441526285,0.00010982766351143646,0.2663242665191107,0.21801478362761456,0.2111183523707182,0.19585586843761632,0.16170595941937027
2020-11-02,0.011146196735795554,0.00012423770167305944,0.297722685474346,0.22717154089736324,0.20470627025064086,0.197254388055406,0.16157721620285764
2020-11-03,0.01750197205367636,0.00030631902576766826,0.3408063779489828,0.248763472978072,0.20924020698333082,0.20045824008992638,0.15507865241806482
2020-11-04,0.022103016323142512,0.0004885433305811043,0.19819063858576655,0.27705091924246844,0.215115548309884,0.20466492997561117,0.14084782341558286
2020-11-05,0.01931489933040051,0.00037306533614350605,0.20877990373661562,0.2926524109072033,0.22361585398315512,0.20647598587681334,0.12930049291334333
2020-11-06,0.0002281561528650357,5.2055230090173545e-08,0.1412630979444879,0.2926035961195997,0.22164491502678366,0.20641973552426837,0.13001518852572833
2020-11-09,0.012486963338749272,0.00015592425342326837,0.13989005978959665,0.27446403875746417,0.21875099536408357,0.20781750658988482,0.12472528634066224
2020-11-10,0.0014672940196703366,2.1529517401603343e-06,0.17291067416908418,0.2730560505970434,0.21738040062435954,0.2078203945077499,0.13037490065045967
2020-11-11,0.007401064213047144,5.477575148564714e-05,0.1385291151001929,0.16263710312647137,0.21708855120464343,0.20823936023322812,0.12883030514475913
2020-11-12,0.009748319337269143,9.50297299013755e-05,0.13601999672580645,0.18686672162198667,0.22045312659164334,0.20913464561319237,0.12243363280107361
2020-11-13,0.013749632928717488,0.00018905240567447225,0.15802621151347257,0.1620584542318434,0.22506720419134915,0.21075875984752587,0.11579835299099035
2020-11-16,0.0124052022857095,0.0001538890437493722,0.15776621625407006,0.16259849108208088,0.21896656280815802,0.21199172240261224,0.1171950536962234
2020-11-17,0.005392699487662368,2.9081207764233967e-05,0.16912248254562773,0.17087430822553498,0.2208816231807573,0.211582760629001,0.1147711002738518
2020-11-18,0.012107733750691916,0.00014659721657764413,0.19658292696872937,0.17284879575781048,0.22645043663216563,0.21317745191382836,0.10401946345436829
2020-11-19,0.004201145025982758,1.764961952933967e-05,0.17805234612239765,0.14955737974555436,0.22623260361052477,0.21242512036968647,0.10597331913662413
2020-11-20,0.006871370864120484,4.721573755228389e-05,0.15520779221532074,0.15606670975779735,0.22824468417468674,0.2129374550586832,0.10301308647612839
2020-11-23,0.005976392734198312,3.571727011337838e-05,0.12192552466433394,0.14631030301966008,0.21601497898924465,0.21288357503035774,0.10262664094692882
2020-11-24,0.015985510501817478,0.00025553654600371685,0.17612739302051514,0.16386704166954574,0.2197852948284137,0.2150855465947336,0.08733843407219422
2020-11-25,0.0015431180753375951,2.381213394433604e-06,0.13644186030776417,0.16261470982194964,0.16858385290109199,0.21437124696235552,0.08752470235278928
2020-11-27,0.0027812775817893363,7.735504986963939e-06,0.13638711555945193,0.14963671338412718,0.16777281563070007,0.21248684112648522,0.0913295595279995
2020-11-30,0.004437070228071159,1.9687592208835444e-05,0.12566158280301945,0.14033922628783105,0.16170595941937027,0.19960047520708968,0.08962351278053114
2020-12-01,0.010878264166141976,0.00011833663126836857,0.13555573332316329,0.13706619163761447,0.16157721620285764,0.19973472326787683,0.08249384232543386
2020-12-02,0.0021014077671747526,4.415914603942379e-06,0.09168273831342676,0.1324454888021165,0.15507865241806482,0.19045635693319718,0.08367236801155933
2020-12-03,0.00027253479610355185,7.427521508720458e-08,0.0890330216387118,0.10919062253451352,0.14084782341558286,0.18680201375155348,0.09894122042576718
2020-12-04,0.008580431803199154,7.362380992935149e-05,0.10019517352069852,0.11282677670051816,0.12930049291334333,0.18317377502536075,0.0972545115695156
2020-12-07,0.0020567984782000237,4.230419979925933e-06,0.08934843200864782,0.1027950587594946,0.13001518852572833,0.18332470863409214,0.09870794913063922
2020-12-08,0.0029217187053973185,8.536440193468583e-06,0.06421784403758898,0.10212522663742883,0.12472528634066224,0.18181263769447376,0.11030417163371474
2020-12-09,0.009009206364476201,8.11657993177185e-05,0.10276380505181806,0.0932113691009764,0.13037490065045967,0.182940131388476,0.1040583819773172
2020-12-10,0.0003271587423579685,1.0703284270124759e-07,0.10277475846672983,0.09248149751658374,0.12883030514475913,0.1826410840030574,0.10849530423775701
2020-12-11,0.0011731760743457478,1.3763421014172997e-06,0.06956417455313416,0.0926181954399392,0.12243363280107361,0.18148120714692734,0.10809976248118851
2020-12-14,0.004487202808692014,2.0134989046333505e-05,0.07194469717624329,0.09269667306120459,0.11579835299099035,0.1798705813828759,0.10545686170287953
2020-12-15,0.013428908961481004,0.00018033559589574483,0.13343752352964636,0.10103572693781318,0.1171950536962234,0.17945001880779324,0.09854489337769011
2020-12-16,0.0015678350283909281,2.4581066762495824e-06,0.10888191365892659,0.10090393996621203,0.1147711002738518,0.1786573946507229,0.10327795314732047
2020-12-17,0.00557627101056558,3.109479838327408e-05,0.10967277146706761,0.10321800093808879,0.10401946345436829,0.1707880386968881,0.1049051458572361
2020-12-18,0.004000767453841066,1.6006140219713925e-05,0.11794769198397181,0.09826394424862257,0.10597331913662413,0.17128672876587922,0.11219354201910164
2020-12-21,0.0035818642762768752,1.2829751693668464e-05,0.11474051606168,0.09955357268169367,0.10301308647612839,0.16925953363337493,0.11037215670465603
2020-12-22,0.0016867563068456869,2.845146838683701e-06,0.06366181338238706,0.0985683223302279,0.10262664094692882,0.16667404057638754,0.11142767211339916
2020-12-23,0.000898138043490881,8.066519451656276e-07,0.06250813368981034,0.08599837798785828,0.08733843407219422,0.16602469711794968,0.1115201200998737
2020-12-24,0.0038828740037667917,1.5076710529127955e-05,0.05237102001627451,0.08728537091308339,0.08752470235278928,0.16564654077265253,0.11212768210601728
2020-12-28,0.008553976027934162,7.31705058864723e-05,0.07601366409633134,0.09378812695426361,0.0913295595279995,0.16596684591444144,0.14395500831333083
2020-12-29,0.001909425660854151,3.6459063543283117e-06,0.0694571185585438,0.08958245288260797,0.08962351278053114,0.16448517266568324,0.14659879402850245
2020-12-30,0.0014259117316429927,2.033224266437118e-06,0.06234707732125838,0.06447426652409577,0.08249384232543386,0.1611865509265172,0.16447019055075887
2020-12-31,0.00506772867793071,2.5681873953121345e-05,0.06232887115510754,0.06754755091066039,0.08367236801155933,0.15788145299514875,0.17411513992561803
2021-01-04,0.013707368069591884,0.00018789193939526712,0.13571512594305551,0.09720102398491513,0.09894122042576718,0.15777392806262483,0.17233058084852512
2021-01-05,0.0068636633191020814,4.71098741579874e-05,0.12929242369199687,0.10146994070778868,0.0972545115695156,0.15743017351433589,0.17126264290494284
2021-01-06,0.00596081905621548,3.553136382094161e-05,0.13562074398711058,0.10181603150419463,0.09870794913063922,0.15694506861663166,0.17417479918272086
2021-01-07,0.014748167441023101,0.0002175084428684539,0.16687719496442846,0.11919761794004456,0.11030417163371474,0.15648091751600368,0.16750098274634453
2021-01-08,0.005681408454396619,3.227840202568938e-05,0.16723050071795564,0.11905389048208988,0.1040583819773172,0.15587166602077912,0.16813280333358652
2021-01-11,0.00676367682439393,4.574732418484355e-05,0.12240556665883694,0.12998239605517203,0.10849530423775701,0.15597288615182925,0.16567813155954184
2021-01-12,0.00021128531095629746,4.464148262589931e-08,0.12610018474563967,0.12595249982947496,0.10809976248118851,0.15589326040878682,0.1657609469313164
2021-01-13,0.00268931295446578,7.232404167057463e-06,0.12497620261283274,0.1243082471320407,0.10545686170287953,0.1558488522382831,0.16570006683192193
2021-01-14,0.0035081299097837718,1.2306975463919495e-05,0.07818846294629472,0.1276119567589339,0.09854489337769011,0.15222156134219694,0.16507872517715683
2021-01-15,0.007319315707500231,5.3572382426059605e-05,0.06907756466046694,0.13353738961095313,0.10327795314732047,0.1532738321376066,0.16188874556020283
2021-01-19,0.007821231241047685,6.117165812594032e-05,0.09199199603726349,0.11135915214829602,0.1049051458572361,0.15362867848581654,0.1606065765088977
2021-01-20,0.013743897171418069,0.00018889470945851358,0.13449401867802055,0.12337627014123977,0.11219354201910164,0.15541387578719335,0.1554564130123712
2021-01-21,0.0009112447767309742,8.30367043119483e-07,0.13508184614355653,0.12296070931467315,0.11037215670465603,0.15539336918922525,0.15574021439735083
2021-01-22,0.003545597326107559,1.2571260398901073e-05,0.13518408224345013,0.10646395325115257,0.11142767211339916,0.14987488822539394,0.1579567025647426
2021-01-25,0.0039359254839333195,1.5491509415075736e-05,0.10481452568987489,0.10465653756880777,0.1115201200998737,0.14947413517979496,0.15747506501465025
2021-01-26,0.00156222760114044,2.4405550777650134e-06,0.10762776895107116,0.09709011525085581,0.11212768210601728,0.12838799745556714,0.16162037114606015
2021-01-27,0.024744038419763473,0.0006122674373187308,0.18074544038802381,0.1633845116200588,0.14395500831333083,0.13927055240793806,0.16087562384188459
2021-01-28,0.00856337521484386,7.333139507020212e-05,0.20327427747965093,0.16979252906331016,0.14659879402850245,0.1373338069261811,0.1597451266094751
2021-01-29,0.020222561972885807,0.00040895201274720707,0.23557485717879,0.19651833701294208,0.16447019055075887,0.1437873062499042,0.16120443924511793
2021-02-01,0.016508320778884453,0.00027252465493854823,0.28368708853662317,0.21482958918302814,0.17411513992561803,0.1433426155125637,0.15637159438933967
2021-02-02,0.014041524508468956,0.00019716441052193434,0.3132337984001689,0.22316386644320177,0.17233058084852512,0.13940058085052234,0.15709812289008349
2021-02-03,0.0007858327224910305,6.17533067737665e-07,0.234808219871446,0.21121993404829628,0.17126264290494284,0.1345560874659954,0.16311347868484163
2021-02-04,0.011301527864077643,0.00012772453206252337,0.23897592585664515,0.2194872191058355,0.17417479918272086,0.13598663826422533,0.17150094240141708
2021-02-05,0.003928046143696603,1.5429546507009756e-05,0.10642911582037655,0.21882965092566709,0.16750098274634453,0.13420730132559083,0.1714844737146905
2021-02-08,0.007196061529822799,5.178330154099564e-05,0.08517758195918392,0.22055376849898572,0.16813280333358652,0.1345464487681332,0.17747549529192208
2021-02-09,0.000666079994530061,4.4366255911316615e-07,0.07709344438854776,0.22024198694909786,0.16567813155954184,0.1341027381262148,0.1790232715181903
2021-02-10,0.0004356439489206519,1.8978565023117957e-07,0.08118883046729135,0.1656550961387825,0.1657609469313164,0.13208843448360155,0.18261196671005428
2021-02-11,0.0016137462610510036,2.604176995056094e-06,0.052271845654766204,0.16407823346530817,0.16570006683192193,0.12968970046669126,0.18259161868386664
2021-02-12,0.004927702799826753,2.4282254883420426e-05,0.05462916189875005,0.09789817007046395,0.16507872517715683,0.12790298870057515,0.18295999626180678
2021-02-16,0.0008662541691584874,7.503962855844612e-07,0.03895481730722025,0.08300144706152186,0.16188874556020283,0.12721093556653074,0.18300400462702565
2021-02-17,0.00022918640972288115,5.252641040166435e-08,0.03714238175515775,0.06380564701756408,0.1606065765088977,0.12405845523333968,0.1832980976379034
2021-02-18,0.004265045000134041,1.819060885316838e-05,0.05344694715069388,0.07269217329250027,0.1554564130123712,0.12453593738497729,0.1905370633722679
2021-02-19,0.001767503001228456,3.1240668593515996e-06,0.05371181501093598,0.05475127082954,0.15574021439735083,0.12349871371049395,0.19054831002489261
2021-02-22,0.007721489675835379,5.9621402814032344e-05,0.05039888629073285,0.0670861678477072,0.1579567025647426,0.12462216455819973,0.19014553647272533
2021-02-23,0.0012135314632572617,1.4726586123153107e-06,0.057317495606046515,0.05415565588251398,0.15747506501465025,0.12085568374182362,0.19266778385730338
2021-02-24,0.01095902877299793,0.00012010031164739652,0.11281204093642391,0.08005347638528748,0.16162037114606015,0.12237247377414603,0.1894220598171351
2021-02-25,0.02439042318865344,0.0005948927433216035,0.20773382252400355,0.14823959382548352,0.16087562384188459,0.1332120971715055,0.16767513206409979
2021-02-26,0.005166062071386572,2.668819732541892e-05,0.2064783123942665,0.14750838440343775,0.1597451266094751,0.13334526868807978,0.1738575749709027
2021-03-01,0.023951006305730015,0.0005736507030571189,0.2870806438390083,0.19745333178777605,0.16120443924511793,0.14004940788440043,0.15374092352584665
2021-03-02,0.007833903531937901,6.137004454770913e-05,0.2943717188291224,0.2006089461646845,0.15637159438933967,0.14122438745597313,0.15088817540781974
2021-03-03,0.01333407102250608,0.00017779745003323634,0.2851933401586775,0.20876355843955013,0.15709812289008349,0.1442106462666859,0.1409508961531313
2021-03-04,0.01245228690201962,0.0001550594490902094,0.2447132128597918,0.21430546342506676,0.16311347868484163,0.14575225333743796,0.13305593715842434
2021-03-05,0.01822972763573553,0.00033232296967309976,0.2845861724500824,0.2410744028870365,0.17150094240141708,0.1501681660392766,0.12775524326541018
2021-03-08,0.004991340254857189,2.4913477539757825e-05,0.20520207518735206,0.23953523401773752,0.1714844737146905,0.15054664403157253,0.12501093158572155
2021-03-09,0.014176653064226111,0.0002009774921034316,0.23686291389032724,0.2519833496697623,0.17747549529192208,0.15173099749476365,0.11829588521464345
2021-03-10,0.006205221011358901,3.850476779980999e-05,0.20424538230301106,0.247234674634644,0.1790232715181903,0.15208276323082556,0.11781766915725768
2021-03-11,0.010088057045061903,0.0001017688949444231,0.14118591782222648,0.21229996684675193,0.18261196671005428,0.15311827622640067,0.11581543587665881
2021-03-12,0.001345997347641151,1.8117088598570133e-06,0.11881107686173092,0.20785347665216655,0.18259161868386664,0.1526480911981662,0.115985573855983
2021-03-15,0.005946145714262257,3.5356648855239407e-05,0.07663650425672473,0.17547342106537464,0.18295999626180678,0.15088193247693915,0.11523803709932966
2021-03-16,0.0012624950460711126,1.5938937413541008e-06,0.07071434392298753,0.16839443673178559,0.18300400462702565,0.1509670149922877,0.11634681653488892
2021-03-17,0.003403938377864934,1.1586796480301757e-05,0.06914939561111592,0.14378207377707833,0.1832980976379034,0.15076302015164555,0.1202443155663386
2021-03-18,0.014656383889536941,0.00021480958871747798,0.12791128244535493,0.1511122621370983,0.1905370633722679,0.15386901609947645,0.10184308148026146
2021-03-19,0.0018523200401545543,3.4310895311581697e-06,0.12614865784215373,0.12971043178694897,0.19054831002489261,0.15369084449360115,0.10447596788437724
2021-03-22,0.007953563494287413,6.325917225766141e-05,0.13433751014923428,0.12686679394067568,0.19014553647272533,0.15423821501375717,0.10924963406145247
2021-03-23,0.007902138370284239,6.244379082311844e-05,0.14230779110196523,0.12135595265925886,0.19266778385730338,0.15535413523725988,0.10472173457594529
2021-03-24,0.00509603358171157,2.5969558265932056e-05,0.1321032214261194,0.12085244924673567,0.1894220598171351,0.1557368106736006,0.10993013647817852
2021-03-25,0.005609552504611211,3.146707930198991e-05,0.10831930130768652,0.11193636829266589,0.16767513206409979,0.15523245038262454,0.11299155484511846
2021-03-26,0.01598633901995853,0.00025556303526104863,0.15552028621921113,0.13988702339195797,0.1738575749709027,0.15819197008876876,0.10268354469641762
2021-03-29,0.0005052077317160275,2.5523485218565365e-07,0.15114185317872292,0.13697710438434663,0.15374092352584665,0.1582255149798953,0.1025701313867799
2021-03-30,0.002656349916687814,7.056194879887356e-06,0.13393255859408257,0.13756211602192325,0.15088817540781974,0.15818748505568958,0.10127403457742047
2021-03-31,0.004045160538915744,1.6363323785601116e-05,0.11492292224659638,0.1380395016584513,0.1409508961531313,0.15531513572682087,0.1019814547953121
2021-04-01,0.010741241302931507,0.00011537426472780173,0.12350952856567486,0.11971999377230193,0.13305593715842434,0.15611446588220043,0.1028784142899269
2021-04-05,0.014251133601119766,0.00020309480891696484,0.1145361368880644,0.1297054280523809,0.12775524326541018,0.1580793669834376,0.0922479196776785
2021-04-06,0.0005909333053161276,3.492021713318437e-07,0.11480528503129098,0.12995270309728174,0.12501093158572155,0.15567853211494043,0.09594477340372431
2021-04-07,0.0011566054921949194,1.3377362645754517e-06,0.10079042312977943,0.11501359740521419,0.11829588521464345,0.15539837160689737,0.09599145492241641
2021-04-08,0.0047357123179283984,2.2426971158178766e-05,0.10009774482530702,0.10244029550563796,0.11781766915725768,0.15468991750040692,0.09825469412736225
2021-04-09,0.00724367696725381,5.2470856005923355e-05,0.0925881132086033,0.10291603233220428,0.11581543587665881,0.15514568179406735,0.09826128951195105
2021-04-12,0.0003646440448076129,1.3296527941365638e-07,0.05228092184627391,0.08669487748047461,0.115985573855983,0.15513858243326972,0.10604487486754345
2021-04-13,0.0029593079208282006,8.757503370276528e-06,0.044150016437967,0.08347433778527734,0.11523803709932966,0.15483113076279084,0.11109084057550436
2021-04-14,0.003421149307365103,1.1704262583284724e-05,0.06509286799038468,0.08530782837263978,0.11634681653488892,0.15408657490380515,0.13477482994051201
2021-04-15,0.010685362385947953,0.00011417696931903133,0.08825985064099123,0.09137893236691574,0.1202443155663386,0.15469352130958144,0.13625218571084818
2021-04-16,0.003336769413299267,1.1134030117529536e-05,0.0821515255892314,0.08528422745446583,0.10184308148026146,0.15266596142443414,0.1470259736097156
2021-04-19,0.0049252109341742425,2.4257702746109516e-05,0.09885547816289032,0.0748949387011081,0.10447596788437724,0.15322047286236257,0.14622724358054626
2021-04-20,0.007348495418454929,5.4000384915053076e-05,0.11630548639450418,0.08831154624207681,0.10924963406145247,0.1539356220001245,0.14717132108448272
2021-04-21,0.009417509085496519,8.868947737540948e-05,0.1297742099868675,0.09679682982965288,0.10472173457594529,0.15474688487625402,0.14307139812895558
2021-04-22,0.0091748785892675,8.41783971277992e-05,0.12477953903074111,0.11114084132296974,0.10993013647817852,0.15614406674035972,0.1447133353667069
2021-04-23,0.01078411034414529,0.00011629703591470144,0.1520791137839852,0.11799643170259298,0.11299155484511846,0.14762827688549887,0.13939531946612768
2021-04-26,0.0020852110006829004,4.348104917368983e-06,0.146542842194991,0.11794379328202631,0.10268354469641762,0.14696355427271673,0.144017464433033
2021-04-27,0.00021526708519125474,4.6339917966738926e-08,0.12805682708091778,0.11787527010899307,0.1025701313867799,0.13974015731117936,0.14426750457553877
2021-04-28,0.00028772113477338056,8.278345139528182e-08,0.11306494527427881,0.11551942427189069,0.10127403457742047,0.13652796742019596,0.14441447310721472
2021-04-29,0.006352670073771136,4.035641706618738e-05,0.07573756863276619,0.10758045423436748,0.1019814547953121,0.1344737054591265,0.14259131680997872
2021-04-30,0.006592161638788255,4.345659507191145e-05,0.0744282759781612,0.11295992651871191,0.1028784142899269,0.13552385400747663,0.1406132717620249
2021-05-03,0.002154377771797514,4.641343583615222e-06,0.07453617670688265,0.1098478612947777,0.0922479196776785,0.13399597503014604,0.14050289626957524
2021-05-04,0.006188306801279021,3.829514106675619e-05,0.0879107677152904,0.1075937647666981,0.09594477340372431,0.13477648122567598,0.1385274273610985
2021-05-05,0.00031284541965714613,9.787225660045588e-08,0.08828215384675583,0.09637813299767883,0.09599145492241641,0.13420840500214073,0.13936064373770785
2021-05-06,0.00795363437449154,6.326029976309342e-05,0.09676866765606489,0.08919266178353193,0.09825469412736225,0.1348852636196095,0.14024906384144167
2021-05-07,0.007251857642938403,5.2589439273444124e-05,0.09136664284564919,0.08037525731062171,0.09826128951195105,0.13539599045539133,0.13795447553560403
2021-05-10,0.00995191767929115,9.904066549538776e-05,0.12630115738522216,0.09782906309519573,0.10604487486754345,0.13736745108719434,0.13284460930308667
2021-05-11,0.008964653919354817,8.03650198938037e-05,0.13587403338656825,0.10790649421151882,0.11109084057550436,0.13869152988345765,0.12834316905597837
2021-05-12,0.021474363914411036,0.00046114830552855887,0.19915112924565365,0.1495073832284927,0.13477482994051201,0.14607552560542145,0.09783778991616546
2021-05-13,0.011941021528208124,0.00014258799513712988,0.2167698644368739,0.16136795419449368,0.13625218571084818,0.14790816735207146,0.0908093370270416
2021-05-14,0.015238749463038317,0.0002322194851972506,0.2485329623044026,0.18130230875192704,0.1470259736097156,0.15043611228462675,0.07550133902996305
2021-05-17,0.0025480047841496857,6.492328380049687e-06,0.24023385042553483,0.1811490235923599,0.14622724358054626,0.15050864388245902,0.07509470392878595
2021-05-18,0.008652881695567154,7.48723616374811e-05,0.23960523007175402,0.18366652072996897,0.14717132108448272,0.15075396589002085,0.07049376846587785
2021-05-19,0.002625491315464179,6.893204647577825e-06,0.16409257582496833,0.18372028243688654,0.14307139812895558,0.1509461534053684,0.06929443319440892
2021-05-20,0.010701021003384971,0.00011451185051488629,0.15986078180863647,0.18801354004573637,0.1447133353667069,0.1508745753350688,0.07872690873041922
2021-05-21,0.0008192475770388492,6.711665924840251e-07,0.11234198972765974,0.18248936842251,0.13939531946612768,0.141347108888951,0.09311860898744914
2021-05-24,0.010142703218742726,0.00010287442858349407,0.1338843576071662,0.18495845184261175,0.144017464433033,0.14178224533754333,0.08820201262878534
2021-05-25,0.0022213363702889345,4.934335269968418e-06,0.10761136158127267,0.17849164849144136,0.14426750457553877,0.13415874371840397,0.08783943336293971
2021-05-26,0.0019825443992535228,3.930482295011512e-06,0.09676538005946052,0.12745469046417912,0.14441447310721472,0.1328254263307563,0.08968885059884987
2021-05-27,0.0005249865453930844,2.7561087284376505e-07,0.0770432848079763,0.11837910902416246,0.14259131680997872,0.12924706634735725,0.09017096906938218
2021-05-28,0.0017869405525871365,3.193156538480421e-06,0.07333381452316506,0.0934377473888557,0.1406132717620249,0.12586972216422265,0.09019985818410378
2021-06-01,0.0008809641429810617,7.760978212183565e-07,0.028425375870687813,0.09211710702677821,0.14050289626957524,0.12126948855470839,0.08993929899473205
2021-06-02,0.0015711847571374684,2.4686215410611254e-06,0.018907561786500614,0.07481012456940404,0.1385274273610985,0.12050065797908237,0.089927082630171
2021-06-03,0.003718241742846726,1.3825321658247859e-05,0.03588152406015311,0.07688102498537444,0.13936064373770785,0.11811885543205367,0.08937497721170358
2021-06-04,0.009104323827846445,8.288871236229255e-05,0.07562740796263162,0.07203205204489146,0.14024906384144167,0.11877417406117921,0.0878453384130125
2021-06-07,0.0009706594446252397,9.421797574401789e-07,0.07764217356243629,0.07218695227038101,0.13795447553560403,0.11747846823195067,0.08820987039536862
2021-06-08,0.00021319571675760355,4.545241364378832e-08,0.0763309562896755,0.05494400411193348,0.13284460930308667,0.11749646891125747,0.08839322613902564
2021-06-09,0.001493092923541212,2.2293264783288433e-06,0.07856064784243404,0.053958064423600585,0.12834316905597837,0.11720369910446997,0.09446207188874069
2021-06-10,0.0046376102762350655,2.1507429074241082e-05,0.07152463339885311,0.05712402810194332,0.09783778991616546,0.11732299780820526,0.09955419807148431
2021-06-11,0.001651151406353639,2.7263009667035997e-06,0.039037468271919354,0.057098758670208964,0.0908093370270416,0.11723614781777052,0.09981422564288744
2021-06-14,0.002236309942934676,5.001082160868495e-06,0.036382661793734526,0.05727455915497947,0.07550133902996305,0.11252366517588307,0.10137429452647216
2021-06-15,0.001835647967625242,3.3696034610466817e-06,0.04306161174205613,0.058450591183662255,0.07509470392878595,0.11252159067008173,0.10066724623960258
2021-06-16,0.005599080520896535,3.1349702679483015e-05,0.06335716193766819,0.06737047428845307,0.07049376846587785,0.1125956619235867,0.09890321019888954
2021-06-17,0.00033167059623069833,1.1000538440402692e-07,0.049914829187989826,0.0635806290077512,0.06929443319440892,0.11103747734776138,0.10436922636364114
2021-06-18,0.013582072207033929,0.0001844726854370835,0.09761471518573137,0.08008044613625964,0.07872690873041922,0.11444619327757975,0.10688491107983256
2021-06-21,0.014214272656758939,0.00020204554716068482,0.16094594037645824,0.11260535201451247,0.09311860898744914,0.11719017137127478,0.1069081610482518
2021-06-22,0.005332034551207976,2.8430592455275645e-05,0.16770129236120304,0.11575059834227114,0.08820201262878534,0.11347673005113816,0.10873360317904932
2021-06-23,0.001206126714643535,1.4547416517768072e-06,0.16122493238875357,0.11561953854838118,0.08783943336293971,0.11352971250311482,0.10834126140713984
2021-06-24,0.005898468216399218,3.479192729987177e-05,0.16429980850733902,0.11703178798119682,0.08968885059884987,0.11365919391183217,0.11171827606954922
2021-06-25,0.0035457066539840015,1.2572035676106423e-05,0.08870596434201301,0.11785653311113747,0.09017096906938218,0.1136120782246464,0.11154798338123097
2021-06-28,0.002013772346739709,4.055279064493555e-06,0.045411407314467946,0.11778942493069663,0.09019985818410378,0.11190333861599375,0.11369783523422015
2021-06-29,0.0005380477740113947,2.894954071186169e-07,0.04338653408278374,0.11687604748833495,0.08993929899473205,0.10851649008171099,0.11383538469879821
2021-06-30,0.0008412237240719149,7.076573539414213e-07,0.035011800150604955,0.1108852755869744,0.089927082630171,0.10847170838476773,0.11426611711357794
2021-07-01,0.005521369607546699,3.0485522343140384e-05,0.03278294507217988,0.11173309668072653,0.08937497721170358,0.10887848831444366,0.11530216069431246
2021-07-02,0.0076146769948943795,5.7983305736573696e-05,0.049491240672028626,0.0702889946803467,0.0878453384130125,0.10945825247861819,0.11296506642145199
2021-07-06,0.0018232734999608807,3.3243262556595995e-06,0.06177443318782056,0.05134182045184895,0.08820987039536862,0.1088431425352723,0.1157821314423972
2021-07-07,0.0035277934703801354,1.244532676965672e-05,0.059270844702608114,0.04964849353479759,0.08839322613902564,0.10896954210348461,0.11716044857386906
2021-07-08,0.008181250749008336,6.693286381814945e-05,0.10111888543151894,0.07208422231667486,0.09446207188874069,0.11047516723249926,0.11414532902231637
2021-07-09,0.01061807669143721,0.00011274355262524217,0.1192672599579576,0.08246891408561204,0.09955419807148431,0.1119383038599355,0.1086835997572897
2021-07-12,0.0035755541809569095,1.2784587700958437e-05,0.11121238469145503,0.08248044081846465,0.09981422564288744,0.11024688333528272,0.10830972054341746
2021-07-13,0.0034147156909052406,1.1660283249714455e-05,0.11476466850631799,0.08758149504306204,0.10137429452647216,0.11047322111869988,0.10729158176567202
2021-07-14,0.0014909543627857995,2.2229449119100093e-06,0.1130887037207854,0.08730233083677562,0.10066724623960258,0.10984093569509479,0.10743288309594051
2021-07-15,0.0034213772849965014,1.1705822526290031e-05,0.0923788707528987,0.09138217054722828,0.09890321019888954,0.10887531534673825,0.10645318276748782
2021-07-16,0.00787453847526805,6.200835619847685e-05,0.07177848504368935,0.09946974421240538,0.10436922636364114,0.1088941538297345,0.10093879455469555
2021-07-19,0.01487805852906283,0.0002213566255942192,0.09755317235356953,0.11540412311356246,0.10688491107983256,0.1116846163028343,0.07980955299211931
2021-07-20,0.014228659940098967,0.00020245476369097713,0.17351385078928913,0.14143674648866247,0.1069081610482518,0.11324364771048297,0.07323787093165887
2021-07-21,0.008063794894589096,6.502478810200117e-05,0.18775206629959038,0.14672739479496802,0.10873360317904932,0.11423311033577731,0.0813444326026282
2021-07-22,0.0020918230776623345,4.3757237882407215e-06,0.1869367010353429,0.13953463108468064,0.10834126140713984,0.11425052497397507,0.08122859823343544
2021-07-23,0.010235422097058987,0.0001047638655049634,0.18100233411699107,0.13881112940888846,0.11171827606954922,0.11586409421095173,0.07790369147327744
2021-07-26,0.0024519999868022327,6.012303935278149e-06,0.0823981989164596,0.13834342654198517,0.11154798338123097,0.11535916405612698,0.08315892578645097
2021-07-27,0.004568048277697171,2.086706506737209e-05,0.09196557472418429,0.13946658693895136,0.11369783523422015,0.11487378946919286,0.0808221382929527
2021-07-28,0.00041018076947529696,1.6824826364734672e-07,0.08584543704028891,0.139522537680578,0.11383538469879821,0.11487438526807263,0.08072751758469444
2021-07-29,0.004138972230701811,1.7131091126520727e-05,0.08726171268658735,0.1385921417954543,0.11426611711357794,0.11411632066630066,0.08360944208378616
2021-07-30,0.004868111293544486,2.369850756633537e-05,0.0643640978577618,0.13372677865008858,0.11530216069431246,0.11474742684197925,0.08585080701643318
2021-08-02,0.0021003295757992878,4.411384326977216e-06,0.05837215831519326,0.10085409079953067,0.11296506642145199,0.11397100153342156,0.08550981614883328
2021-08-03,0.008102673932397619,6.565332485475589e-05,0.08184719629839916,0.08508787596022889,0.1157821314423972,0.11419063858101258,0.08263017798962097
2021-08-04,0.004931499953739187,2.4319691793729607e-05,0.09228765232200203,0.08550546379370089,0.11716044857386906,0.11262640772550914,0.07949941206869691
2021-08-05,0.006313148405802478,3.9855842793686365e-05,0.09934982446224253,0.08952633553661549,0.11414532902231637,0.11127053096241935,0.07767542209021511
2021-08-06,0.0016509283958548097,2.7255645682397353e-06,0.08717975929359777,0.07511375124175133,0.1086835997572897,0.10080817691041319,0.0778452247651298
2021-08-09,0.0008137058519227365,6.621172134533065e-07,0.08396612440008927,0.07461973635578084,0.10830972054341746,0.09853616172073255,0.07939157078972402
2021-08-10,0.0012431544652026958,1.5454330243534006e-06,0.06482920712212197,0.06964722302114403,0.10729158176567202,0.09415764725492123,0.07978983124483013
2021-08-11,0.002481828991288446,6.159475141999825e-06,0.041466941786433925,0.06971545958608248,0.10743288309594051,0.09389666525594664,0.0816317699370732
2021-08-12,0.002992462313797403,8.954830699497707e-06,0.023320967662962624,0.06855397937903905,0.10645318276748782,0.09171082697833018,0.0864044578114592
2021-08-13,0.0018179783638360533,3.3050453313760135e-06,0.023414111774266316,0.060219581247791566,0.10093879455469555,0.09134048923976917,0.08664571436516537
2021-08-16,0.002351905685502515,5.531460353499055e-06,0.010617703570826184,0.05643112767854086,0.07980955299211931,0.0892965179731114,0.08830492206102808
2021-08-17,0.006576808500254569,4.325441004902075e-05,0.06415121855881831,0.06080638196690381,0.07323787093165887,0.09064407020257823,0.09010433172723561
2021-08-18,0.01100524423393383,0.00012111540064853381,0.1005393789882233,0.08078667534124918,0.0813444326026282,0.09206701651273907,0.07987125909006394
2021-08-19,0.0015470450514744078,2.393348391291453e-06,0.09637912782038853,0.07366202767797812,0.08122859823343544,0.0918569543946877,0.08834241994284436
2021-08-20,0.007925655118594641,6.281600905890544e-05,0.11997625741837661,0.08455677041799803,0.07790369147327744,0.0929585222553401,0.1026400028252501
2021-08-23,0.008757925119064616,7.670125239114296e-05,0.13888976330106412,0.09443056126297733,0.08315892578645097,0.09430279817391862,0.09609803115505279
2021-08-24,0.0015862966878963415,2.516337182030903e-06,0.12550232081026252,0.09445538193983977,0.0808221382929527,0.09429773107359914,0.10347217484097096
2021-08-25,0.0020960411929908714,4.3933886827145955e-06,0.057666618748283216,0.09432717345967738,0.08072751758469444,0.09422426070487525,0.1130327546703214
2021-08-26,0.0059206131163547695,3.505365967355214e-05,0.09383005179059101,0.09989798891283307,0.08360944208378616,0.09533476602367631,0.11138342869031002
2021-08-27,0.008901425650673407,7.923537861446649e-05,0.09732060651414468,0.10891656462007777,0.08585080701643318,0.0961422772601769,0.10648911473735415
2021-08-30,0.004387723612671874,1.925211850119832e-05,0.08549661230581279,0.1101145800901737,0.08550981614883328,0.09497797529654671,0.12538216359777032
2021-08-31,0.001482554102592779,2.19796666711468e-06,0.08958553626693949,0.10280669518744687,0.08263017798962097,0.09503334977687433,0.1260332347685985
2021-09-01,0.0005314093699683127,2.82395918490119e-07,0.08972430563839204,0.07568531408277927,0.07949941206869691,0.0950218265699301,0.13105138146731285
2021-09-02,0.0030716592820280116,9.43509074486884e-06,0.0629556857555329,0.07534618153516458,0.07767542209021511,0.09493368441667617,0.13931738506129063
2021-09-03,0.0002426428242707046,5.887554017006403e-08,0.03837472285525207,0.07140495954625269,0.0778452247651298,0.09471794315055279,0.1444574940469871
2021-09-07,0.003581941794894259,1.2830307022010304e-05,0.039065374575482356,0.06620074648715511,0.07939157078972402,0.0952115418005401,0.1515118402361412
2021-09-08,0.001219179597772315,1.4863988916242639e-06,0.03862267060450031,0.06692164924418671,0.07978983124483013,0.09529688233055301,0.15302905212858606
2021-09-09,0.004289172521173685,1.8397000916391424e-05,0.046530829612572,0.07064240333769731,0.0816317699370732,0.09574367531239468,0.15687625900331814
2021-09-10,0.007916057387585353,6.266396456354464e-05,0.04757785406715935,0.07585534355492472,0.0864044578114592,0.09653914290257443,0.15479225031165242
2021-09-13,0.002556321972851354,6.534782028882639e-06,0.06155942158512871,0.059500683482979655,0.08664571436516537,0.09655667362492984,0.15597535814213462
2021-09-14,0.0054113470831905035,2.9282677254754368e-05,0.06416955662983674,0.05570643439549617,0.08830492206102808,0.09265987949163337,0.15526654161940376
2021-09-15,0.008318178219454707,6.919208889061068e-05,0.1055921484088741,0.07547912659536692,0.09010433172723561,0.08985054690613137,0.15236651405289162
2021-09-16,0.0015867610835545206,2.5178107362831164e-06,0.10254967228752027,0.07516691772487391,0.07987125909006394,0.08955629390075433,0.1651387035700309
2021-09-17,0.00978869122242301,9.581847584794126e-05,0.1112220798186593,0.08284841135432422,0.08834241994284436,0.09211792262304529,0.1634974492957943
2021-09-20,0.01681480474017844,0.0002827376584503273,0.14885227012040217,0.10890555406562898,0.1026400028252501,0.09828073762807116,0.15024607167824094
2021-09-21,0.0009451098456363438,8.932326203187536e-07,0.1515346708024139,0.10997012339324903,0.09609803115505279,0.09809758982609494,0.1515069836408491
2021-09-22,0.00970753417203483,9.423621970122394e-05,0.15888694538154527,0.12894204065539294,0.10347217484097096,0.09991356855427072,0.14893436554005568
2021-09-23,0.012076764058689293,0.0001458482301292495,0.19649928042591586,0.14779436338077806,0.1130327546703214,0.10271438645598963,0.14383395727329476
2021-09-24,0.0016459504254124524,2.709152802915433e-06,0.18099618567429318,0.1429454625548034,0.11138342869031002,0.10273416149906674,0.14402903209953372
2021-09-27,0.0028650313900443155,8.208404865939263e-06,0.10497165129757666,0.1427957483355558,0.10648911473735415,0.10247625364963786,0.14403624073530727
2021-09-28,0.020357560758851624,0.0004144302800503355,0.20474787126657226,0.17342218897731565,0.12538216359777032,0.1099648643496994,0.11895515374356906
2021-09-29,0.0016817455193583939,2.8282679918820337e-06,0.18813128650192976,0.165311273800307,0.1260332347685985,0.10994399486724953,0.12147189728163363
2021-09-30,0.012297636829323022,0.000151231871585922,0.15311622011572731,0.17186142480389321,0.13105138146731285,0.11259547349466797,0.11126467256940603
2021-10-01,0.011813976970071317,0.00013957005184937545,0.19751694926029773,0.18451701625039574,0.13931738506129063,0.11395391538615031,0.10664698816873847
2021-10-04,0.012979956952909941,0.00016847928249939513,0.20544323190055952,0.1765143792014782,0.1444574940469871,0.11498018206485532,0.08912488558965025
2021-10-05,0.010351356077698026,0.00010715057264729586,0.18930821066323744,0.1859225599056877,0.1515118402361412,0.11675831519606537,0.08546244701380636
2021-10-06,0.004147258506364158,1.7199753118609867e-05,0.191716689727968,0.17968175683063303,0.15302905212858606,0.11686957843456904,0.08601730039216898
2021-10-07,0.008608491199666557,7.410612073473655e-05,0.16076087949417314,0.173526163581764,0.15687625900331814,0.11815364580662778,0.0839213674396647
2021-10-08,0.0018253568261313961,3.331927542704484e-06,0.14986151442591675,0.17290386583572617,0.15479225031165242,0.11799301833723796,0.08186181197842872
2021-10-11,0.007266144417236913,5.279685469214316e-05,0.11646356108403458,0.1753618395481211,0.15597535814213462,0.11782227086496627,0.07237388405521862
2021-10-12,0.0024644487248205805,6.073507517269785e-06,0.09824905273113622,0.14225807830155976,0.15526654161940376,0.11372017182861738,0.07339920763805648
2021-10-13,0.003591084598710702,1.2895888595097205e-05,0.09692600909521111,0.14321841182528808,0.15236651405289162,0.11022677683593345,0.08456817027749568
2021-10-14,0.016680817498031995,0.0002782496724026504,0.14595793930529893,0.1464387369813657,0.1651387035700309,0.11419188026492955,0.0682543898269575
2021-10-15,0.007587042155991711,5.756320867679536e-05,0.14675373137467204,0.14079688623570752,0.1634974492957943,0.11510049143838069,0.06818484423791384
2021-10-18,0.0029560368884582167,8.738154085925736e-06,0.11302434825302263,0.11082088120290008,0.15024607167824094,0.11341078669408292,0.06850412531700083
2021-10-19,0.007685291846690236,5.906371076880341e-05,0.08696870196548008,0.10745910003054232,0.1515069836408491,0.11433323081961355,0.06577569294933032
2021-10-20,0.003919999909115455,1.5366399287465177e-05,0.08601580240731226,0.10745465967504887,0.14893436554005568,0.11407682565176466,0.06719990971651761
2021-10-21,0.002604870043073823,6.785347941303421e-06,0.039664225210817625,0.1043440824548963,0.14383395727329476,0.11413526374064388,0.06739652687917948
2021-10-22,0.001036605897687472,1.0745517871204497e-06,0.04956521868198368,0.10331943410776692,0.14402903209953372,0.11394342738511995,0.06786088452947478
2021-10-25,0.005348282470853874,2.8604125388042823e-05,0.051611950725689935,0.08445089851089366,0.14403624073530727,0.11380414970352186,0.06824580629885116
2021-10-26,0.0008996538969626637,8.093771343201071e-07,0.039759321579516116,0.07790919765950172,0.11895515374356906,0.11365610444282437,0.06822923118315098
2021-10-27,0.004439872804426984,1.9712470519490334e-05,0.05870668757206196,0.09132042967370507,0.12147189728163363,0.1130903811126867,0.06484679756755919
2021-10-28,0.009602440596596718,9.220686541116874e-05,0.0872678734939487,0.0682855283579352,0.11126467256940603,0.11401139712763529,0.10235275390774913
2021-10-29,0.0020270926252976573,4.109104511536148e-06,0.08299200512086374,0.06460147547212895,0.10664698816873847,0.1134586738159316,0.11092989721085482
2021-11-01,0.0017186782714684594,2.9538550008178116e-06,0.0795914362130221,0.06489977284324923,0.08912488558965025,0.1134611829330717,0.1319569145272302
2021-11-02,0.004035113222377053,1.6282138717402126e-05,0.08006712318493368,0.05963119929614986,0.08546244701380636,0.11361964228317714,0.13601705013005097
2021-11-03,0.006086644795891119,3.7047244871348445e-05,0.05170273521220707,0.062051236792354324,0.08601730039216898,0.11413595831821038,0.1460157265887696
2021-11-04,0.004701368337724887,2.2102864246962068e-05,0.02920048550306825,0.06286297462127592,0.0839213674396647,0.1143608274253099,0.14709729145844896
2021-11-05,0.003463734737197471,1.1997458329668433e-05,0.025521993007131902,0.05891920501957304,0.08186181197842872,0.11440172665422609,0.1536045758309993
2021-11-08,0.0008532105497458808,7.279682421976682e-07,0.030627111718503693,0.05895938035890508,0.07237388405521862,0.11438603256319187,0.1715685326401478
2021-11-09,0.0033108006876613008,1.0961401193418541e-05,0.05887308256025632,0.06628257887775262,0.07339920763805648,0.11466567343608083,0.17137843586128948
2021-11-10,0.00807743528700672,6.524496081578132e-05,0.08321306883931999,0.07832722735360467,0.08456817027749568,0.11511822244729622,0.17060156787745875
2021-11-11,0.0003236644189056118,1.0475865606550735e-07,0.07096209323727826,0.06641995389107758,0.0682543898269575,0.11247867289134984,0.17361778904183658
2021-11-12,0.007518343983854893,5.652549625956706e-05,0.09123151523970799,0.0736975066995031,0.06818484423791384,0.11327438826462621,0.17489868056482058
2021-11-15,0.0003423197629242965,1.1718282008854655e-07,0.09081161856171473,0.07402722192943707,0.06850412531700083,0.11237399473366994,0.17655285852838898
2021-11-16,0.003950207590652219,1.5604140009246406e-05,0.09198470046793865,0.07395000087882793,0.06577569294933032,0.1113718486592834,0.18492605284914618
2021-11-17,0.002432367757254588,5.916412906531715e-06,0.0611949295785611,0.07176308872883327,0.06719990971651761,0.11156338455652469,0.18750019855028732
2021-11-18,0.0033908611692732215,1.149793946928496e-05,0.059951144137203205,0.07001431558995416,0.06739652687917948,0.11165977695004256,0.19058621303036716
2021-11-19,0.001790019185063273,3.204168682894584e-06,0.046243709437028865,0.06896138464932557,0.06786088452947478,0.11091489412261842,0.19373894023782764
2021-11-22,0.002819178689873326,7.947768485435883e-06,0.052740940597475354,0.07025566762906264,0.06824580629885116,0.10988964454236622,0.2048983690318794
2021-11-23,0.0013251947414667739,1.7561411028111895e-06,0.0429205357364498,0.0685079236261355,0.06822923118315098,0.10962750738432649,0.20807276144798156
2021-11-24,0.0026662943115749464,7.1091253559369176e-06,0.043457511472743494,0.051362959564733766,0.06484679756755919,0.10961553400620437,0.2090229358508453
2021-11-26,0.022555574902290133,0.0005087539591728205,0.1629305670109713,0.1304340027573973,0.10235275390774913,0.11953055098507345,0.19591644930354649
2021-11-29,0.012191950803128999,0.00014864366438591784,0.20349648733687173,0.1407248092207954,0.11092989721085482,0.12186721854068469,0.19246599408413595
2021-11-30,0.01964943304325648,0.0003861002189214196,0.24034795316309973,0.1698540259319432,0.1319569145272302,0.128651483016908,0.17559213171086296
2021-12-01,0.011169250683839631,0.00012475216083845207,0.23527799634368488,0.17055380266739342,0.13601705013005097,0.13051627107046376,0.16932251780043228
2021-12-02,0.01520003147396165,0.00023104095680942478,0.2822221448859605,0.19635252294399175,0.1460157265887696,0.13413901336738795,0.1639101634108939
2021-12-03,0.008739438947541856,7.63777931178115e-05,0.24300338141108624,0.19591415742647444,0.14709729145844896,0.13509475542944085,0.15925854235457038
2021-12-06,0.01177371010185902,0.00013862024956261712,0.24143060521082285,0.2105781341392429,0.1536045758309993,0.13605464519040714,0.15595965962323954
2021-12-07,0.020473901793300782,0.00041918065464172495,0.2298096174743279,0.23912116381381476,0.1715685326401478,0.14201059858867313,0.1581144147685893
2021-12-08,0.002644486730923939,6.993310070032783e-06,0.1827644629535952,0.2393940010285832,0.17137843586128948,0.14145352763095384,0.15788699712122606
2021-12-09,0.006774520074203346,4.589412223578411e-05,0.19635098995305153,0.24144539252395675,0.17060156787745875,0.14149033020765614,0.15659488307184302
2021-12-10,0.009369482056125061,8.778719400004951e-05,0.16216483600949425,0.21174444948446158,0.17361778904183658,0.14250313933918168,0.15279068230564682
2021-12-13,0.008897755143430806,7.917004659244936e-05,0.19156138994523175,0.21127124485481033,0.17489868056482058,0.14222889398295105,0.1528199982887553
2021-12-14,0.006903742731689074,4.7661663705349716e-05,0.12428709702318454,0.1854788005001175,0.17655285852838898,0.13834651919121416,0.15041981395006107
2021-12-15,0.015504218872450029,0.00024038080284483564,0.1774536319090734,0.18196701834970927,0.18492605284914618,0.1413870813799484,0.14897712034181576
2021-12-16,0.008857608619578954,7.845723045763938e-05,0.18332268498225782,0.18193349127231478,0.18750019855028732,0.14182606511258167,0.1456548098814007
2021-12-17,0.010700146787171079,0.00011449314126700756,0.17413517627121483,0.18539522177375511,0.19058621303036716,0.14194679504228475,0.15458140242204468
2021-12-20,0.010690232468893944,0.00011428107023899431,0.17775744768093402,0.1857283119106787,0.19373894023782764,0.1438252115250021,0.15436007989866515
2021-12-21,0.01760312681340457,0.00030987007360880293,0.2322032932130675,0.17701286469972582,0.2048983690318794,0.1478591291107666,0.1433218882178974
2021-12-22,0.00994890317031789,9.898067429236137e-05,0.2121829370629235,0.18459383628570622,0.20807276144798156,0.14226687805695887,0.14979195536323214
2021-12-23,0.00620304348114624,3.8477748428990865e-05,0.20166336117754252,0.1828239652357001,0.2090229358508453,0.14261794287472157,0.14829646833261675
2021-12-27,0.014052777246061339,0.0001974805483274193,0.17453777723051198,0.19001234947173443,0.19591644930354649,0.1420386365982684,0.1362086159191824
2021-12-28,0.0008174667213801443,6.682518405640024e-07,0.11332721525329523,0.1815012464221902,0.19246599408413595,0.14059792139278776,0.135700359095123
2021-12-29,0.0012783575418217773,1.634198004732617e-06,0.0969403035292207,0.17408411216499614,0.17559213171086296,0.13727146557167955,0.1337990968344108
2021-12-30,0.0027682648615170316,7.66329034350991e-06,0.10693065707804135,0.16212583628253385,0.16932251780043228,0.13643451743219087,0.17022486595445402
2021-12-31,0.002523358411974789,6.36733767528393e-06,0.11134934872730036,0.1536648720779188,0.1639101634108939,0.13659536001404735,0.18670267753660602
2022-01-03,0.005773227426953387,3.333015492332683e-05,0.055835393132231015,0.13634181869376208,0.15925854235457038,0.13609020105487715,0.18731170929533486
2022-01-04,0.0003350662732081816,1.1226940744161978e-07,0.05539110625881251,0.11351236640318763,0.15595965962323954,0.13596982945827168,0.19225878681362224
2022-01-05,0.019388717898797186,0.00037592238175913835,0.14835301665734604,0.1446804974111831,0.1581144147685893,0.1414682773515656,0.19803140676294917
2022-01-06,0.000940053814816942,8.837011747518856e-07,0.1497527784642936,0.13619954782152568,0.15788699712122606,0.14132932976731205,0.19957764600162373
2022-01-07,0.003961180617352622,1.56909518832901e-05,0.14952013757648516,0.1328662362916796,0.15659488307184302,0.1416599126029617,0.19950283267119803
2022-01-10,0.0012451939085299357,1.5505078698400577e-06,0.12805972309531302,0.10337867368054218,0.15279068230564682,0.13801051066661968,0.20280185055324024
2022-01-11,0.009067085068891617,8.221203164651731e-05,0.1630560348320631,0.11864501654596801,0.1528199982887553,0.13834957124759636,0.20748228467641686
2022-01-12,0.002699604009892649,7.2878618102284705e-06,0.0798897869480415,0.11978737395960909,0.15041981395006107,0.13833451323634433,0.21516524464598816
2022-01-13,0.013874318324760649,0.00019249670897678915,0.13482568491558558,0.1353949261187699,0.14897712034181576,0.14086656788269108,0.22045737063880763
2022-01-14,0.00040905877401100656,1.6732908059538775e-07,0.13328473748789804,0.1361623284212578,0.1456548098814007,0.1406930058061931,0.22016472738164153
2022-01-18,0.017868465764988763,0.00031928206879457545,0.18184320111021202,0.14864804317669505,0.15458140242204468,0.14556060822420563,0.22232239926450725
2022-01-19,0.010437554663327022,0.00010894254734993965,0.14261841618268772,0.14928883349173272,0.15436007989866515,0.14715823956702348,0.21968912176161856
2022-01-20,0.011129966984298434,0.0001238761650715732,0.10797479007951019,0.132693405332775,0.1433218882178974,0.14847311727026705,0.22928689812257516
2022-01-21,0.019825718583533006,0.000393059117353446,0.12615001335824796,0.15029755867910294,0.14979195536323214,0.1537590696372067,0.2195195313026703
2022-01-24,0.004237752487532619,1.7958546145588904e-05,0.15009415453175456,0.15969534453581918,0.14829646833261675,0.15386478290245983,0.22175115341853982
2022-01-25,0.01228408272082829,0.00015089868829215215,0.13881820066639727,0.16049833910342742,0.1362086159191824,0.1542840231666682,0.2263272673184392
2022-01-26,0.002512142479384966,6.310859836730444e-06,0.1479437510561024,0.13705627416180263,0.135700359095123,0.15420514562741539,0.23361160932772876
2022-01-27,0.004950121367643512,2.4503701554400875e-05,0.1470060390681343,0.12510172403736364,0.1337990968344108,0.1543255812779331,0.2459874198556069
2022-01-28,0.024532060881209364,0.0006018220110793627,0.2224144343923607,0.20483831855286153,0.17022486595445402,0.16268328592989434,0.229491639018083
2022-01-31,0.01785093162134292,0.0003186557597498605,0.25096129338746687,0.23428964870238647,0.18670267753660602,0.1665138975901843,0.22427631745922172
2022-02-01,0.006733904297912688,4.5345467093446976e-05,0.20230129740328232,0.22358163044624257,0.18731170929533486,0.1668358918505145,0.23389898756329663
2022-02-02,0.00966732795789661,9.345722984552946e-05,0.1782195499938305,0.22203572765563248,0.19225878681362224,0.1679378386437221,0.23021657144721608
2022-02-03,0.02378574702823811,0.0005657617616913381,0.29486268510746355,0.24919336306507806,0.19803140676294917,0.17464492151415784,0.2173046259421321
2022-02-04,0.004691312347931721,2.2008411545856638e-05,0.2509072908064594,0.22376546552069418,0.19957764600162373,0.17491444884570453,0.23770221485583867
2022-02-07,0.003214394739788432,1.0332333543179542e-05,0.21444181392792558,0.2251912149146936,0.19950283267119803,0.17431193561570663,0.23817506617571188
2022-02-08,0.00819426870573431,6.714603962177665e-05,0.21805793410423463,0.21277529544886417,0.20280185055324024,0.17522246783456727,0.25814826794883744
2022-02-09,0.014529898545814704,0.00021111795175166823,0.2349657758359932,0.21597178854000587,0.20748228467641686,0.17715589542175633,0.250033702472385
2022-02-10,0.018129036681082632,0.0003286619709840396,0.19952253877364215,0.242234686941803,0.21516524464598816,0.18087864216863073,0.24662633029426895
2022-02-11,0.01991565003967364,0.0003966331165027526,0.2440215494946199,0.24004879946612181,0.22045737063880763,0.18488276226025596,0.23936541606279213
2022-02-14,0.0032747747798887966,1.0724149858995716e-05,0.24401424714524078,0.21760555917291047,0.22016472738164153,0.18491873642649867,0.25461845491826324
2022-02-15,0.015998304985389927,0.0002559457624055522,0.272629675957689,0.2329804538971649,0.22232239926450725,0.18798055218748186,0.2608180662557749
2022-02-16,0.0011200716555631663,1.2545605135960122e-06,0.2349321320956885,0.22530929120431065,0.21968912176161856,0.18800981358571955,0.26520091826240433
2022-02-17,0.021592678514407083,0.0004662437654265373,0.2481879083452213,0.21967344672744557,0.22928689812257516,0.19276737754120088,0.25604403125674124
2022-02-18,0.006496103560473796,4.219936146840033e-05,0.21530049180603192,0.21706808951365833,0.2195195313026703,0.1930192036600844,0.254577479888504
2022-02-22,0.010789755692561648,0.0001164188279051665,0.22271902788480347,0.2203127286388114,0.22175115341853982,0.1938372177677581,0.2528777223223955
2022-02-23,0.017897932232419738,0.00032033597819628937,0.14351414621987868,0.21868739693341854,0.2263272673184392,0.19189342009403834,0.24817788303563218
2022-02-24,0.014937151058140396,0.00022311848173370475,0.227040246758598,0.21979824722674596,0.23361160932772876,0.19280078427912606,0.2481941305601671
2022-02-25,0.021824058592103963,0.00047628953343158685,0.2724068016527379,0.25050158798478767,0.2459874198556069,0.19466527709377252,0.23793461366387655
2022-02-28,0.002561902289944968,6.56334334322527e-06,0.26759855421050055,0.23134618035550986,0.229491639018083,0.193465920327473,0.23803609377750717
2022-03-01,0.015347214577830734,0.0002355369952979802,0.28193034883548485,0.24252277011500042,0.22427631745922172,0.19303130921920306,0.23094924908485245
2022-03-02,0.018228690496471876,0.0003322851572161641,0.2508469386664347,0.2473878299285472,0.23389898756329663,0.19628100697991963,0.22680215548461255
2022-03-03,0.0049906310959038185,2.4906398735402147e-05,0.25308968632856416,0.24723021577577228,0.23021657144721608,0.19479661790996672,0.23434497337602
2022-03-04,0.008157885096636218,6.655108924991932e-05,0.19968569731963218,0.22645810566312669,0.2173046259421321,0.19022384073229298,0.23128453597593737
2022-03-07,0.029922606468991784,0.000895362377898149,0.27855130599592837,0.26862450652531045,0.23770221485583867,0.19886723869695866,0.19761527097264436
2022-03-08,0.0076104930447290975,5.791960438386997e-05,0.27107623994476227,0.2666650497822398,0.23817506617571188,0.19896351978178659,0.20250442978273164
2022-03-09,0.026457778743473725,0.0007000140560386101,0.3201966025187612,0.28992494555175224,0.25814826794883744,0.2060305777927329,0.19030270423083914
2022-03-10,0.00452571053500035,2.0482055846613156e-05,0.3202002710601985,0.2805767459960842,0.250033702472385,0.20555897942895174,0.1887447856319305
2022-03-11,0.012796498506434344,0.00016375037402517639,0.3249667756611645,0.25560801823944906,0.24662633029426895,0.2065755464037368,0.18089518728404222
2022-03-14,0.007335358026496011,5.3807477376879456e-05,0.24964167662163017,0.2559149368994303,0.23936541606279213,0.20379376175298644,0.19172964573709828
2022-03-15,0.0217521714752155,0.00047315696388717886,0.2862112550822912,0.27901394322394996,0.25461845491826324,0.20895628987136994,0.17930230088476734
2022-03-16,0.021931948841059645,0.00048101037996685754,0.26560823451131427,0.2866343818264275,0.2608180662557749,0.21343777441971631,0.1668880228710192
2022-03-17,0.012433179893387332,0.00015458396226133102,0.2593088501194957,0.2923137137261961,0.26520091826240433,0.21416841241053777,0.16778710892502172
2022-03-18,0.010893413664919442,0.00011866646127505363,0.18933231212826257,0.29083647852099576,0.25604403125674124,0.21217581445025596,0.16262641720758975
2022-03-21,0.00029264003275575074,8.563818877128686e-08,0.14576116492135419,0.2277499276314187,0.254577479888504,0.21102997943389962,0.17318229733626106
2022-03-22,0.011633646997572404,0.00013534174246412542,0.125244330610834,0.2154925630196849,0.2528777223223955,0.2120905236177457,0.16771039700299184
2022-03-23,0.012962161159249908,0.00016801762191836692,0.17434340541083926,0.21185799097470068,0.24817788303563218,0.2112838398750132,0.1699282557219046
2022-03-24,0.01496193050434629,0.00022385936441688805,0.18247255420337632,0.2122967442658903,0.2481941305601671,0.21385218113293566,0.18498889309599278
2022-03-25,0.004871650232116577,2.3732975984081495e-05,0.1747456075337364,0.18524884304331413,0.23793461366387655,0.21413488934052677,0.18551571068435604
2022-03-28,0.00708791832168418,5.023858613486628e-05,0.17211036369543906,0.16535929099645957,0.23803609377750717,0.21470711209347562,0.20412484714326687
2022-03-29,0.012294879131886797,0.00015116405286770543,0.1737435368390596,0.15154646646179457,0.23094924908485245,0.2163032776135884,0.19636006090698288
2022-03-30,0.006194033915139219,3.8366056141894876e-05,0.13024499011324753,0.14631205036036063,0.22680215548461255,0.21622883548638647,0.22321355213180857
2022-03-31,0.015510935026039879,0.00024058910538203072,0.1779770235525357,0.17376162748281526,0.23434497337602,0.21836803736157842,0.2511316634888912
2022-04-01,0.002830136079752893,8.009670229919074e-06,0.17539640676055662,0.16769635136339578,0.23128453597593737,0.21504577185362772,0.2526228607812032
2022-04-04,0.0085302135854619,7.276454381359875e-05,0.179271753829884,0.17033549017666375,0.19761527097264436,0.21583880404710543,0.25030949644085854
2022-04-05,0.012711926451283563,0.0001615930741028427,0.1616944653914634,0.17845097686153913,0.20250442978273164,0.21720487887125292,0.2765605624824556
2022-04-06,0.010049606372604616,0.00010099458824429532,0.16632260617940528,0.17289360563323933,0.19030270423083914,0.21808232829068228,0.3005536483042339
2022-04-07,0.005026396442617161,2.5264661198354447e-05,0.15070313286922396,0.15618934806116513,0.1887447856319305,0.2174702989170849,0.29879942398026943
2022-04-08,0.002677557140937297,7.169312242984313e-06,0.14625831040968293,0.1536555867254047,0.18089518728404222,0.21738942532169275,0.31494391200195637
2022-04-11,0.017240177962157124,0.0002972237361668482,0.1394559085243633,0.16528397464689876,0.19172964573709828,0.21836134959191356,0.3132044590867379
2022-04-12,0.0037120109746455864,1.3779025475889276e-05,0.13287089817235567,0.1398365561963661,0.17930230088476734,0.21842273350229569,0.31563558841779904
2022-04-13,0.011388534283517828,0.00012969871312686093,0.17073856733105222,0.16228803646690187,0.1668880228710192,0.21695343506088294,0.30985234215605506
2022-04-14,0.012530074858340437,0.00015700277595561514,0.1742855839490463,0.1566581779991321,0.16778710892502172,0.2174073397430257,0.3260675813962412
2022-04-18,0.00041126674048249854,1.691403318270988e-07,0.17816395768963833,0.1545444043545407,0.16262641720758975,0.2162743055397561,0.3255966936567049
2022-04-19,0.016013676346199737,0.00025643783012083696,0.18278240634464613,0.17400183310989306,0.17318229733626106,0.21490708523239507,0.3295757173763266
2022-04-20,0.0007418920689466962,5.504038419660094e-07,0.17776042519538438,0.1646649723503829,0.16771039700299184,0.21476143204658366,0.3540770629468916
2022-04-21,0.015066361558545007,0.00022699525061280274,0.19648024832879657,0.1737114192993071,0.1699282557219046,0.2155285008799178,0.35256908250782293
2022-04-22,0.02782263830111133,0.0007740992020344672,0.2644689075812777,0.21119407778265228,0.18498889309599278,0.22299580451580023,0.34339249824321366
2022-04-25,0.0057807970320952265,3.3417614326280976e-05,0.27451133192033383,0.21817324053993645,0.18551571068435604,0.22311065128131846,0.35133508648598544
2022-04-26,0.029388610050469312,0.0008636904006985458,0.2503123718961104,0.24512598922262765,0.20412484714326687,0.2250887384123017,0.33860524396252556
2022-04-27,0.0028080508633014298,7.885149650887905e-06,0.262630279982221,0.24866691560363333,0.19636006090698288,0.22180854893883045,0.34056857548632957
2022-04-28,0.024945599342937174,0.0006222829265783476,0.371380126015283,0.2807921074095201,0.22321355213180857,0.22765514667999354,0.3355187789828168
2022-04-29,0.03765586025866543,0.0014179638118201384,0.41400640230735886,0.3276824172176351,0.2511316634888912,0.2386646758104713,0.3216549370999077
2022-05-02,0.0060014830263054484,3.60177985150324e-05,0.4144283508204752,0.3319529392187357,0.2526228607812032,0.23465876068074332,0.32161465038383
2022-05-03,0.004573563190646246,2.091748025883427e-05,0.36416140292830196,0.3157532571336494,0.25030949644085854,0.23464627451724565,0.32227846795204923
2022-05-04,0.029998458869884063,0.0008999075345681258,0.42312468732672764,0.36564361213241264,0.2765605624824556,0.24314340668981474,0.31035911481816647
2022-05-05,0.0361897334759874,0.0013096968090630027,0.46709219071884606,0.398150362858471,0.3005536483042339,0.2530666589503186,0.2881777980871988
2022-05-06,0.005986923607460754,3.584325428157089e-05,0.38081194573905797,0.37878914933775415,0.29879942398026943,0.2510422294745115,0.2876361817292952
2022-05-09,0.03254101330583665,0.0010589175469706378,0.43495485349548807,0.40068426986742284,0.31494391200195637,0.2567380518184433,0.26203630830342234
2022-05-10,0.0023079137298671246,5.326465784509183e-06,0.4310994344715004,0.38306052794440637,0.3132044590867379,0.254126945190467,0.26611909486267504
2022-05-11,0.01601363329379288,0.00025643645126807187,0.2635456791523401,0.38510205750555554,0.31563558841779904,0.2558225441732328,0.27455342382671055
2022-05-12,0.0010445423371100275,1.0910686940152783e-06,0.22307799997487,0.3467054136682658,0.30985234215605506,0.2531269556665554,0.29519095268335616
2022-05-13,0.023626490681372347,0.0005582110619169743,0.3337403570536694,0.33958580811326866,0.3260675813962412,0.25849100840049133,0.3106322707955343
2022-05-16,0.00406595009858816,1.6531950204209066e-05,0.22907872495087464,0.33625077259334957,0.3255966936567049,0.2552086718022699,0.3106266038415489
2022-05-17,0.020361842949101622,0.00041460464828387944,0.268265184334631,0.3556880961239331,0.3295757173763266,0.2588374456058986,0.30506415578388624
2022-05-18,0.041146594166073275,0.0016930422114675352,0.4110893382601055,0.3560357562030707,0.3540770629468916,0.27094792454923755,0.2938207099808619
2022-05-19,0.006143634966296229,3.774425059909767e-05,0.41313975461207963,0.3223022337749374,0.35256908250782293,0.2689693482872166,0.2942407866483337
2022-05-20,0.0004363839282431949,1.9043093282896188e-07,0.3527710524801304,0.32395431138720227,0.34339249824321366,0.26686767750936663,0.31026304562662016
2022-05-23,0.018537209498153507,0.00034362813597843257,0.3949973388481884,0.30516045056834395,0.35133508648598544,0.26572191654862654,0.3009366915125227
2022-05-24,0.007662763368812807,5.87179424464194e-05,0.34363997295377124,0.30686141037851156,0.33860524396252556,0.26600788012657084,0.3034722700813181
2022-05-25,0.008795983052126123,7.736931785328999e-05,0.17365289680664142,0.2987452789421936,0.34056857548632957,0.26530466866297797,0.3237619322289825
2022-05-26,0.019784407666236133,0.00039142278670382306,0.18666334144574503,0.3124087079563728,0.3355187789828168,0.26581152165388106,0.31465849924317385
2022-05-27,0.02425257670391223,0.0005881874767791461,0.2019869335943523,0.31356564425547634,0.3216549370999077,0.270757734794403,0.3054057045792339
2022-05-31,0.005626706548952417,3.165982658802402e-05,0.22930556429740312,0.31469017656154297,0.32161465038383,0.27051150398863916,0.3055716918757856
2022-06-01,0.008121503127506457,6.595881305009716e-05,0.23128272199186573,0.30337236571617854,0.32227846795204923,0.2640678487218606,0.30557828833074785
2022-06-02,0.018864573155853416,0.00035587212035254534,0.24462852298562718,0.20848664812492987,0.31035911481816647,0.26651891949445783,0.2986930929499026
2022-06-03,0.016547797144596643,0.00027382959033872084,0.28426358116494,0.23119549976513873,0.2881777980871988,0.26289941490980545,0.29583296639190976
2022-06-06,0.003040036941114589,9.241824603341347e-06,0.21334521609260385,0.23003748947067218,0.2876361817292952,0.2628765011617864,0.2959309565241502
2022-06-07,0.00954658509572522,9.113728698992289e-05,0.2226453938043297,0.2200140860181415,0.26203630830342234,0.26239767831475747,0.29959160113018735
2022-06-08,0.010931723367424099,0.00011950257578188609,0.23092206295868006,0.22566853455435665,0.26611909486267504,0.2629229920074449,0.2982369076204815
2022-06-09,0.024070405135368605,0.0005793844033807793,0.22017374083445673,0.26435348328223707,0.27455342382671055,0.2633665168714039,0.2894404740112583
2022-06-10,0.029424114369238002,0.0008657785064139983,0.2665281343285655,0.2814118536470057,0.29519095268335616,0.26533595739495636,0.27228106608713365
2022-06-13,0.03870776600098635,0.0014982911487871147,0.29723640900884635,0.28252303829888326,0.3106322707955343,0.2741707561827397,0.2339495872002445
2022-06-14,0.003017841979512583,9.107370213308424e-06,0.22706941174823958,0.2840046040474761,0.3106266038415489,0.2727134374927735,0.23383445770520425
2022-06-15,0.014155630342861918,0.00020038187040375302,0.34034559475374376,0.3089166527611841,0.30506415578388624,0.27489872362773105,0.23803529595433856
2022-06-16,0.03365622367579463,0.0011327413921151188,0.360495039493421,0.2945911646251065,0.2938207099808619,0.28046472603796957,0.20360535835438598
2022-06-17,0.002153561385768316,4.6378266422723505e-06,0.36779938524293765,0.3030535182178299,0.2942407866483337,0.27997364198255226,0.22125458348610408
2022-06-21,0.024862043686065503,0.0006181212162478296,0.35148189201231805,0.34800938967878176,0.31026304562662016,0.2834225856035236,0.20681999913178248
2022-06-22,0.0018146248310299078,3.292863277390321e-06,0.35074008332368733,0.3355909807298551,0.3009366915125227,0.2829621195656774,0.207813885249179
2022-06-23,0.009754955007569904,9.515914719971314e-05,0.34172755158637635,0.34982610251887497,0.3034722700813181,0.2834244049399071,0.21079146322418094
2022-06-24,0.03129875377230317,0.000979611987699262,0.22768802228077692,0.3869535407918436,0.3237619322289825,0.29040848369748934,0.18060376493788008
2022-06-27,0.0038271467145644784,1.464705197480168e-05,0.24901250531993852,0.35716065218776444,0.31465849924317385,0.2903284706736434,0.18549543534097884
2022-06-28,0.02064423156026217,0.0004261842967137246,0.30486478019520397,0.31065994501760175,0.3054057045792339,0.29148478692753077,0.1889160468577573
2022-06-29,0.0008149943537805534,6.642157966941819e-07,0.30396106667784767,0.3098740962594524,0.3055716918757856,0.29128088214822506,0.1915856700824001
2022-06-30,0.008157318305849271,6.654184194294363e-05,0.3060456539662244,0.30588045241799944,0.30557828833074785,0.2905055055630385,0.19051620719235354
2022-07-01,0.010520970634796302,0.0001106908230982461,0.1798866157482632,0.24431534732703603,0.2986930929499026,0.2911292628959117,0.19078792162516936
2022-07-05,0.0018866385261532398,3.559404928365669e-06,0.18587603094095984,0.24438568877592973,0.29583296639190976,0.2908750473778853,0.19423598333134148
2022-07-06,0.0033717563062492816,1.13687405887318e-05,0.10753670752123394,0.21592789046403277,0.2959309565241502,0.2907111489837837,0.19903322244131083
2022-07-07,0.01486612954172174,0.0002210018075512518,0.14020412614791425,0.2234418603380498,0.29959160113018735,0.2928955721699907,0.19530027458054874
2022-07-08,0.000822877628857367,6.771275920739226e-07,0.10331250042267391,0.22188639703804375,0.2982369076204815,0.2912384495181526,0.19555807868743522
2022-07-11,0.01148940557983697,0.00013200644057798888,0.14984545313916206,0.16433579828616032,0.2894404740112583,0.291870042227883,0.18865846374278292
2022-07-12,0.008888174360125262,7.89996434559881e-05,0.16692752556760773,0.1682502614046694,0.27228106608713365,0.29081734502928996,0.1851168303808029
2022-07-13,0.005265619996580132,2.7726753948384547e-05,0.16525889053422074,0.13500484887851552,0.2339495872002445,0.2901232021442309,0.1910951408584768
2022-07-14,0.002431557917555314,5.9124739064259345e-06,0.07023809256607572,0.13536083022554088,0.23383445770520425,0.29006658903514193,0.19000625018199188
2022-07-15,0.018925018886573382,0.0003581563398571592,0.19215009952639428,0.15939309090710832,0.23803529595433856,0.29091550439589764,0.18811196113436304
2022-07-18,0.00829124736431608,6.874478285627836e-05,0.18315215279675476,0.1594321318532311,0.20360535835438598,0.29114992019295965,0.18136966705391477
2022-07-19,0.026660448206850137,0.0007107794985901387,0.25051095975244847,0.20795229034020726,0.22125458348610408,0.2959541194396573,0.164040741733617
2022-07-20,0.006352972028577101,4.036025359588304e-05,0.2306189112300651,0.2087735008190046,0.20681999913178248,0.291355430766653,0.16898379451225762
2022-07-21,0.010131840913602438,0.00010265420029854829,0.21033845788092592,0.20247235717027104,0.207813885249179,0.2919364894613898,0.16737900089373695
2022-07-22,0.009321429255034227,8.688904335660795e-05,0.2353292329080625,0.21069150597975483,0.21079146322418094,0.28648460593370395,0.17225651220633392
2022-07-25,0.00121410325595186,1.4740467161129076e-06,0.2094932379493488,0.19778440835977518,0.18060376493788008,0.28641767720513983,0.19274802224462773
2022-07-26,0.01190149546950817,0.0001416455944107235,0.1527873780880409,0.20331786706875707,0.18549543534097884,0.282184315277883,0.1863828467739011
2022-07-27,0.02563485200176089,0.0006571456371521842,0.24337054962327762,0.2275446934727912,0.1889160468577573,0.2772501701110136,0.1655745468744172
2022-07-28,0.012464430697792218,0.000155362032620065,0.2481027891721311,0.22491618971110028,0.1915856700824001,0.27820005013336435,0.16701917741441247
2022-07-29,0.014473416033222742,0.00020947977167074913,0.22648746551203633,0.219454994068798,0.19051620719235354,0.27967211792813307,0.2033966474333468
2022-08-01,0.002965430616634599,8.79377874207386e-06,0.23653572807178977,0.210693465330802,0.19078792162516936,0.2725867068162797,0.20432538088283345
2022-08-02,0.006619279272059889,4.3814858081521695e-05,0.21074906026260964,0.19019096189621312,0.19423598333134148,0.2626779483724557,0.20652745343459733
2022-08-03,0.015538055521792027,0.00024143116939829169,0.16696849019986665,0.1988378127052808,0.19903322244131083,0.26433785011064204,0.19778248875098509
2022-08-04,0.0006755431554691598,4.5635855490122944e-07,0.16381419359944152,0.19822261351263704,0.19530027458054874,0.2553969531397308,0.19867795729421317
2022-08-05,0.0016917891212794233,2.8621504308794034e-06,0.1362774532397196,0.18750903053009446,0.19555807868743522,0.25542284314009905,0.20088600335733187
2022-08-08,0.0011615115719222086,1.3491091317092e-06,0.13378532204393792,0.18906417287112887,0.18865846374278292,0.25308424632242915,0.20084620620422708
2022-08-09,0.003978948760282072,1.5832033236950237e-05,0.12525625399380147,0.17359360454236045,0.1851168303808029,0.2532524006291325,0.21358406674592914
2022-08-10,0.020786463621080362,0.0004320770698704973,0.16214395557245223,0.1585944377743034,0.1910951408584768,0.2522267572355217,0.19919930712410985
2022-08-11,0.0,0.0,0.1613384940922916,0.1535895147383948,0.19000625018199188,0.2520283870705047,0.20893147470816167
2022-08-12,0.01678722759709329,0.0002818110103966105,0.18111664406729674,0.1586294121006876,0.18811196113436304,0.25095240532722185,0.20283915077126058
2022-08-15,0.0041123524129702054,1.691144236846187e-05,0.17065401540721475,0.15434595917632293,0.18136966705391477,0.23527579716475402,0.2511728371801933
2022-08-16,0.001956704932230497,3.828694191815153e-06,0.1492732056761496,0.14292436017063062,0.164040741733617,0.23472567905384656,0.25187490655775757
2022-08-17,0.007123106176219762,5.073864159770011e-05,0.13834139641287416,0.14215321831276928,0.16898379451225762,0.23541121800178952,0.2529812679921343
2022-08-18,0.002902118928790597,8.422294276844681e-06,0.13569157963616907,0.14076041659652277,0.16737900089373695,0.23276803013992411,0.25167046026124507
2022-08-19,0.0135291941343732,0.0001830390939255582,0.12184406994329293,0.16317611057862083,0.17225651220633392,0.23404242438881495,0.2534229880373913
2022-08-22,0.02104237770938069,0.00044278165966424136,0.16216770412116427,0.20047505814375952,0.19274802224462773,0.2378776645505962,0.24708559523304277
2022-08-23,0.0024220763222357307,5.866453710734963e-06,0.1487295910353404,0.19974190853788096,0.1863828467739011,0.2346106902729481,0.2520573242495732
2022-08-24,0.0031959965399203033,1.021439388318255e-05,0.17012723991719114,0.16570296200601012,0.1655745468744172,0.2293611329974426,0.25089430682896907
2022-08-25,0.014018884257446074,0.00019652911582366934,0.21884245411899744,0.18330394794270205,0.16701917741441247,0.23082875943946318,0.24403414840403517
2022-08-26,0.03443519680957164,0.0011857827793139329,0.30844421032108316,0.22635610155066146,0.2033966474333468,0.24102070180566396,0.22105556816459185
2022-08-29,0.006634334618373022,4.401439582854271e-05,0.28665619363522943,0.22027513821855493,0.20432538088283345,0.2380970496461784,0.2211608005778659
2022-08-30,0.011038589978756709,0.00012185046871910805,0.2878153242063845,0.2162405042753835,0.20652745343459733,0.23677789577569647,0.23600908149826286
2022-08-31,0.00763802112183872,5.833936665765441e-05,0.27361312264273974,0.21622343707911093,0.19778248875098509,0.2371192819277257,0.2439317873095204
2022-09-01,0.0031330288026971582,9.815869478529988e-06,0.22150399297437967,0.21654220402526778,0.19867795729421317,0.23630833195170467,0.24564246411300186
2022-09-02,0.010600584413056656,0.00011237238989833973,0.09102146463486836,0.21480383313389798,0.20088600335733187,0.2362481868947037,0.2680183950496689
2022-09-06,0.0037802276060108168,1.4290120753246271e-05,0.09309770914981028,0.20102269778392767,0.20084620620422708,0.2312884165277749,0.2934326057344141
2022-09-07,0.01780569680337855,0.0003170428386538451,0.17953416754480764,0.23311718022813557,0.21358406674592914,0.22615065204609194,0.28446714950957963
2022-09-08,0.006514946790900154,4.2444531688260214e-05,0.1705652553457162,0.23639760021175513,0.19919930712410985,0.2112394627220666,0.28370985439924284
2022-09-09,0.015415743744738392,0.00023764515520344084,0.19364524719927267,0.23934294907790382,0.20893147470816167,0.21305132418089265,0.28783709334357666
2022-09-12,0.010690232133607043,0.0001142810630704046,0.13528921492739449,0.17169799682106432,0.20283915077126058,0.21228704892116046,0.2814509034741359
2022-09-13,0.04445614530005788,0.0019763488549398582,0.4109499814633947,0.2872584996844456,0.2511728371801933,0.22088692037112173,0.24301521578089627
2022-09-14,0.0038085481601770475,1.4505039088387974e-05,0.3865971624738934,0.2844049449012943,0.25187490655775757,0.2209424197776579,0.2410907400790334
2022-09-15,0.011418156092464531,0.00013037428855188488,0.38381956795662037,0.2875245396057815,0.2529812679921343,0.21686218256885068,0.2632448959625208
2022-09-16,0.007658253787503998,5.8648851073819334e-05,0.3379905923109988,0.28798063779469213,0.25167046026124507,0.21747630293859874,0.2723784498090119
2022-09-19,0.007725006579838842,5.9675726658553405e-05,0.3271432923208231,0.2880051388068882,0.2534229880373913,0.2171491974374478,0.28894695247897356
2022-09-20,0.011544849327027276,0.00013328354598376215,0.14278662268061396,0.29304816022604663,0.24708559523304277,0.20880667445679083,0.2914574218408986
2022-09-21,0.017597786790048586,0.00030968209990800855,0.15137303983942682,0.2820655407513261,0.2520573242495732,0.21171815084342832,0.28620854938164486
2022-09-22,0.008435200398122872,7.115260575649226e-05,0.14871002852859652,0.27509413274408556,0.25089430682896907,0.2081856568602371,0.2862036478021004
2022-09-23,0.016896807138164372,0.0002855020914643225,0.16308890967077358,0.25021635246969964,0.24403414840403517,0.21097353333229993,0.29318102769257737
2022-09-26,0.009941775028574129,9.883889071878012e-05,0.0657232590808677,0.22342156648336153,0.22105556816459185,0.21128222665776503,0.2928844236537737
2022-09-27,0.002556165679306823,6.533982980066112e-06,0.09953674318183982,0.13100525712274022,0.2211608005778659,0.21006137584236367,0.29638265021503424
2022-09-28,0.019485297669232807,0.00037967682525860946,0.22087812653090438,0.1823204689604109,0.23600908149826286,0.21405641254524319,0.2917983750381891
2022-09-29,0.021110268437741775,0.00044564343351351655,0.2539611978768667,0.19649872024930998,0.2439317873095204,0.21803839438420014,0.2807366544502286
2022-09-30,0.015584285648218694,0.00024286995916527514,0.2506287164402312,0.20137587624073533,0.24564246411300186,0.21759609571886632,0.28197477364156015
2022-10-03,0.026058833311563882,0.0006790627935598715,0.33164669776812444,0.2545657070408557,0.2680183950496689,0.22473307936847395,0.272464512201215
2022-10-04,0.03051604372315882,0.0009312289245137408,0.3862884229135403,0.3096497840090108,0.2934326057344141,0.23263256974057778,0.25247588160433926
2022-10-05,0.0023308535165273863,5.432878115508083e-06,0.37588082744937984,0.29679052596865907,0.28446714950957963,0.2319744440220922,0.2690959136549361
2022-10-06,0.010369345528725966,0.00010752332669410919,0.33731448709460893,0.2984692767207515,0.28370985439924284,0.23269491163071854,0.2690864246819753
2022-10-07,0.028290392341250588,0.0008003462988218899,0.3948750112148642,0.3208768084694838,0.28783709334357666,0.23969243600333692,0.25225183637048904
2022-10-10,0.007664556424822958,5.874542518929489e-05,0.3402362419501271,0.3193820447485424,0.2814509034741359,0.23660988858145623,0.25104123354727037
2022-10-11,0.006353016776080622,4.036082215716182e-05,0.16017313867668703,0.32040569521553874,0.24301521578089627,0.23638995865185103,0.24887860714331939
2022-10-12,0.0033040396047305655,1.0916677709628112e-05,0.15697115731997371,0.2981342457950536,0.2410907400790334,0.22927097650743933,0.2624196415879389
2022-10-13,0.026048770369912613,0.0006785384377844373,0.3086728182598853,0.3151625898520955,0.2632448959625208,0.23562575761265123,0.3091474873907247
2022-10-14,0.02305238639018966,0.0005314125182826014,0.283853273772261,0.32804796638869926,0.2723784498090119,0.23860823533503223,0.2928668525317153
2022-10-17,0.025372378835112182,0.0006437576077524486,0.3400036907822525,0.32654317269073657,0.28894695247897356,0.24442694488833655,0.286891246680747
2022-10-18,0.011681143658004859,0.00013644911715894714,0.33023389374131185,0.28886622305191884,0.2914574218408986,0.24580025314750142,0.28593883405808435
2022-10-19,0.007111743036065853,5.057688901103115e-05,0.33896349805831777,0.29009445295795533,0.28620854938164486,0.24508744290408513,0.286215531702579
2022-10-20,0.008420583706257914,7.090622995409627e-05,0.3004262098284188,0.2887392444278948,0.2862036478021004,0.2391970689894765,0.2838714599362264
2022-10-21,0.02401071683574368,0.000576514522966265,0.25885347459009633,0.2749948927367651,0.29318102769257737,0.24320932806089082,0.27371375368092626
2022-10-24,0.01216243579882768,0.00014792484456060511,0.22073982108662424,0.27120765779920536,0.2928844236537737,0.2426149621538722,0.27230713640315096
2022-10-25,0.015842408323389977,0.00025098190148501603,0.22876635257234493,0.2678215850508083,0.29638265021503424,0.24512180795343702,0.27077968855044615
2022-10-26,0.0075628775394670925,5.719711667697582e-05,0.23057171757097958,0.27334949248342266,0.2917983750381891,0.24522156148478697,0.268808931565269
2022-10-27,0.005354217685981174,2.86676470288736e-05,0.21817315548892974,0.2566928799448285,0.2807366544502286,0.24291941279795523,0.2674083386100876
2022-10-28,0.02351213213418027,0.0005528203574951524,0.21585853552716605,0.2249965559782547,0.28197477364156015,0.24821835721859112,0.2637589348232253
2022-10-31,0.0072495004071323295,5.2555256153011814e-05,0.23392513869101728,0.21554458733327844,0.272464512201215,0.2485479361918368,0.26222481591503305
2022-11-01,0.004385441080376449,1.9232093469453357e-05,0.21153283433680456,0.21700025143377313,0.25247588160433926,0.2486408944396531,0.2816908975142414
2022-11-02,0.025416472731973422,0.0006459970861351485,0.27813020895668245,0.25779035874847456,0.2690959136549361,0.25352640490334444,0.2616688306466097
2022-11-03,0.010350218099053092,0.0001071270146979662,0.2821456721992387,0.2600861860349187,0.2690864246819753,0.24985035689739765,0.2568987092393524
2022-11-04,0.014290594179772147,0.00020422108201093757,0.22587929271602944,0.24038287476927517,0.25225183637048904,0.2520453966576879,0.2663370150119747
2022-11-07,0.00952012651431109,9.063280884848904e-05,0.25272417709031675,0.2371527323941371,0.25104123354727037,0.2501945139785501,0.2721336104721745
2022-11-08,0.005380674941765188,2.8951662828939807e-05,0.25942593056181784,0.2233492421307618,0.24887860714331939,0.2503377506812111,0.2720569175311172
2022-11-09,0.02081711789640752,0.00043335239751293025,0.2332397010884139,0.2436393102215014,0.2624196415879389,0.2531891807700318,0.259689617105762
2022-11-10,0.05349714019262158,0.002861944008789007,0.42399258458391337,0.36860818288546754,0.3091474873907247,0.2775070724315967,0.18001038059647764
2022-11-11,0.009632109228156565,9.277752818313885e-05,0.4239559545110799,0.3541237390287824,0.2928668525317153,0.27827670835960716,0.1841152559946081
2022-11-14,0.008543144554003701,7.29853188706031e-05,0.4478378252994255,0.3551697937583992,0.286891246680747,0.2775133917098624,0.18300168971171407
2022-11-15,0.008492826924962983,7.21281091773762e-05,0.4473102238119152,0.3542843478762572,0.28593883405808435,0.2750079404530907,0.18240364507950768
2022-11-16,0.007657896428512337,5.8643377709822004e-05,0.4003540270395251,0.32348031429713103,0.286215531702579,0.2753699321172488,0.2012110743059946
2022-11-17,0.0030645014531870745,9.391169156585691e-06,0.1387692844732774,0.3155530396183279,0.2838714599362264,0.2752973790312909,0.20495684927423513
2022-11-18,0.004530253169804381,2.0523193782522645e-05,0.11929074814637246,0.3122224515307409,0.27371375368092626,0.2738083827545137,0.20536559350077868
2022-11-21,0.0036429665224433777,1.3271205083643197e-05,0.10457816548887718,0.31398851785900467,0.27230713640315096,0.2648207925774359,0.20555036507878088
2022-11-22,0.013367159282568389,0.00017868094728555424,0.1323439975258109,0.31766602798954785,0.27077968855044615,0.2659725877988763,0.20703431296291222
2022-11-23,0.006281820430125747,3.9461267916345224e-05,0.11232694233462014,0.284389104220475,0.268808931565269,0.2652825482855661,0.20968614281242254
2022-11-25,0.00022365267833860297,5.0020520528030606e-08,0.10332651798710192,0.12079882212015135,0.2674083386100876,0.2647763649386145,0.21161840025280226
2022-11-28,0.016085710667783328,0.0002587500876876384,0.1757335847995694,0.14194646198428232,0.2637589348232253,0.2668403179851026,0.2053835731193025
2022-11-29,0.0017189444279809487,2.954769946486751e-06,0.17378268614724451,0.13530594647826663,0.26222481591503305,0.2659459365182646,0.20897778843399742
2022-11-30,0.031014711167372273,0.0009619123087955264,0.2736771101047794,0.20436801860367879,0.2816908975142414,0.2731860163580572,0.1850921000849868
2022-12-01,0.0007363926027120589,5.422740653290401e-07,0.274288908293663,0.19779172828260858,0.2616688306466097,0.2708819236658648,0.18492903605710087
2022-12-02,0.0011541758185805585,1.3321218201961022e-06,0.27493912114769686,0.19638670519208046,0.2568987092393524,0.2706062543706956,0.1848584529176353
2022-12-05,0.018153109678300847,0.00032953539099241986,0.28387826284721573,0.22315355085212438,0.2663370150119747,0.27136123256600153,0.17960452518144715
2022-12-06,0.014519635112296606,0.00021081980379423647,0.3075748253725228,0.23567495505143798,0.2721336104721745,0.27194908653768507,0.1770527428943987
2022-12-07,0.0017026519477286628,2.8990236551042092e-06,0.13330914378893183,0.22320889979553504,0.2720569175311172,0.2561865932203097,0.1969612284130688
2022-12-08,0.007803625059670415,6.089656407191609e-05,0.16869928304182802,0.2248572287081838,0.259689617105762,0.2565660981066068,0.19455159060370408
2022-12-09,0.007498316064102707,5.6224743797180716e-05,0.16424964257103228,0.22661647563392817,0.18001038059647764,0.2559370231839217,0.19477135803733
2022-12-12,0.014314083733498878,0.00020489299312961718,0.18362683433324728,0.22612485787258213,0.1841152559946081,0.25701355358206995,0.19314799640264926
2022-12-13,0.007541405104515755,5.687279095041628e-05,0.13703640044225895,0.22804686566105659,0.18300168971171407,0.25699199376818704,0.1915616833720461
2022-12-14,0.006414096926833789,4.114063938681865e-05,0.15276605921190936,0.16076524843145798,0.18240364507950768,0.2561730809786835,0.19075511140136087
2022-12-15,0.024765877844904017,0.0006133487054287076,0.24020896730702998,0.19653524551168394,0.2012110743059946,0.2587622379458604,0.16696609494925774
2022-12-16,0.011876395676879868,0.00014104877427381082,0.24687391700669228,0.19885009398116243,0.20495684927423513,0.259366979832304,0.17172755540791487
2022-12-19,0.008515727880631301,7.251762133696128e-05,0.18396427087620645,0.18726382031274622,0.20536559350077868,0.2575316553274951,0.17088473691100345
2022-12-20,0.0013675195200357738,1.870109637678873e-06,0.15181248931842403,0.1804725859460386,0.20555036507878088,0.2565929270100739,0.18164038011074138
2022-12-21,0.014841856194565616,0.00022028069530016575,0.23565242024745733,0.20161003832790983,0.20703431296291222,0.25809305193288495,0.17918026068754783
2022-12-22,0.01436898374999351,0.00020646769400757756,0.19005564282293821,0.2042224574527419,0.20968614281242254,0.2571121327048004,0.16917369699405527
2022-12-23,0.005735830173486277,3.289974777907562e-05,0.18339339691701936,0.20780991961032738,0.21161840025280226,0.25332041590719095,0.16888166133823995
2022-12-27,0.003951317877439076,1.5612912968569643e-05,0.17289794657929206,0.18624262015147425,0.2053835731193025,0.251185108419265,0.16991940579748377
2022-12-28,0.012505819582245163,0.0001563955234236666,0.196140207195569,0.17835784438227653,0.20897778843399742,0.24726718922101382,0.15986376360586313
2022-12-29,0.017840245733662215,0.0003182743678374529,0.21285128546060117,0.2147908044300643,0.1850921000849868,0.24200962023446881,0.1607271280841471
2022-12-30,0.00263743469103861,6.956061749493929e-06,0.18205953924524668,0.1796405816094096,0.18492903605710087,0.24202475604171883,0.16543785937832386
2023-01-03,0.004218819126372023,1.7798434821042397e-05,0.17908074405545116,0.17105235121997964,0.1848584529176353,0.24119231442103617,0.16514959159152148
2023-01-04,0.0076904441141074755,5.9142930672210315e-05,0.18630697255284015,0.1695022148984162,0.17960452518144715,0.23406995552058935,0.16896806206280046
2023-01-05,0.011478870232432723,0.00013176446181303007,0.18161939455397788,0.18058378449935364,0.1770527428943987,0.23480330126362475,0.16801736017508231
2023-01-06,0.022673020361417516,0.0005140658523092533,0.21011869845686051,0.20198676628601872,0.1969612284130688,0.23845441409420182,0.15666346142924123
2023-01-09,0.0005672306509145711,3.2175061133696805e-07,0.20748589652795132,0.1847265175716519,0.19455159060370408,0.2382880969009491,0.16023645594485664
2023-01-10,0.006988509288260047,4.883926207209695e-05,0.19859904197370495,0.1855679385714043,0.19477135803733,0.23303767496165442,0.1674540948457171
2023-01-11,0.012568542140985777,0.00015796825154973534,0.2055649410277636,0.1892683898891852,0.19314799640264926,0.22862171921372135,0.1675263234475761
2023-01-12,0.0036341930460357303,1.320735909585446e-05,0.14287899603950258,0.1667278020077692,0.1915616833720461,0.22330897825872337,0.16736390621141534
2023-01-13,0.003872062300808127,1.4992866461339526e-05,0.07733064092842085,0.15121519961536734,0.19075511140136087,0.22234361383747936,0.17115250813031413
2023-01-17,0.0018335928170469702,3.362062618726244e-06,0.08364755128467878,0.15030028990870326,0.16696609494925774,0.22175689994797185,0.17083851192014132
2023-01-18,0.015914028868937852,0.0002532563148413874,0.16681526735536703,0.17713201877334833,0.17172755540791487,0.22369042964606453,0.15744967117952893
2023-01-19,0.007306513925154811,5.338514573848116e-05,0.13201114380729584,0.18139871817696498,0.17088473691100345,0.21922823496162255,0.16458794215945746
2023-01-20,0.018457607155571473,0.0003406832619094032,0.2045587735332532,0.18473633542239382,0.18164038011074138,0.22100606142448798,0.15405440636770668
2023-01-23,0.011927290926812871,0.00014226026885283264,0.22270520838121027,0.1611070755457799,0.17918026068754783,0.22001193482401696,0.16678019298746524
2023-01-24,0.0010737610227377803,1.1529627339508839e-06,0.22214655037068343,0.1614568808817745,0.16917369699405527,0.2193665624997423,0.16680508520897713
2023-01-25,0.00037450829324626555,1.4025646171023084e-07,0.16601137862590976,0.1604441350750848,0.16888166133823995,0.2189882430723,0.1679476359483706
2023-01-26,0.010930586510056378,0.00011947772145382647,0.13133188963672382,0.15774566047073446,0.16991940579748377,0.2149312509955143,0.16692019971293978
2023-01-27,0.002294996596323145,5.267009377134821e-06,0.0967896941523632,0.1575732942436715,0.15986376360586313,0.2143056011638759,0.16725920789895854
2023-01-30,0.012626375333630688,0.00015942535406571746,0.13410466824275633,0.1735479210174581,0.1607271280841471,0.21583310535608285,0.16193959779035277
2023-01-31,0.014596559348022514,0.00021305954480034344,0.16816551675209074,0.18642231185081456,0.16543785937832386,0.21062160418665155,0.15199745043908117
2023-02-01,0.010571442597791806,0.00011175539859840717,0.17320594148134127,0.16004498557467253,0.16514959159152148,0.2099887669288348,0.14933850081869238
2023-02-02,0.014451993860799942,0.00020886012655259919,0.1821773239784372,0.1509157619425122,0.16896806206280046,0.21003011283771034,0.15149284692234927
2023-02-03,0.010685819579596372,0.00011418674008768518,0.21796374073884625,0.1595750883216902,0.16801736017508231,0.21092868439240753,0.1477126136321713
2023-02-06,0.006130013958457813,3.757707113088763e-05,0.19139037024466982,0.16044290494502447,0.15666346142924123,0.21132897353617347,0.15552998576708527
2023-02-07,0.012993697246731124,0.00016883616813970798,0.18636774978902051,0.16761376548678572,0.16023645594485664,0.20757695603653137,0.14652207845688853
2023-02-08,0.010994682314453563,0.00012088303919575794,0.20241032858608196,0.18290544442604115,0.1674540948457171,0.1791165373593482,0.15499004603813965
2023-02-09,0.008707202821017782,7.581538096634002e-05,0.16005379223957827,0.18424331126373883,0.1675263234475761,0.17916977704284978,0.1594610131705707
2023-02-10,0.002331127831095622,5.434156964908579e-06,0.15603641888309747,0.1842528367315187,0.16736390621141534,0.17822680864534501,0.15845215717926237
2023-02-13,0.011670439930100172,0.0001361991681620765,0.1768653211697167,0.17566040113969553,0.17115250813031413,0.17894442351621206,0.16495261296752184
2023-02-14,0.00046023110861619527,2.118126733380921e-07,0.1443954446848809,0.16370652387049256,0.17083851192014132,0.17812052994743585,0.16523222477329685
2023-02-15,0.003242093624473707,1.0511171069853056e-05,0.11641724868200132,0.1563071058187878,0.15744967117952893,0.17800717891682782,0.17926402688920656
2023-02-16,0.013864540236871099,0.0001922254759798177,0.146973812175191,0.15147225862144875,0.16458794215945746,0.18037681150642842,0.17759773168870105
2023-02-17,0.002501238592463333,6.256194496427955e-06,0.14735775267177284,0.14380067344620395,0.15405440636770668,0.18027768136402295,0.18234227449063176
2023-02-21,0.020265176884633702,0.00041067739416549215,0.1568948025207841,0.17199657665816281,0.16678019298746524,0.18325854050697063,0.17506104632030442
2023-02-22,0.0013788364787330558,1.9011900350849727e-06,0.1546874582473539,0.14897274786066483,0.16680508520897713,0.18281650467186109,0.18559777281636494
2023-02-23,0.005305042509266565,2.814347602512529e-05,0.1636852675741899,0.15029348713494203,0.1679476359483706,0.18314942146875704,0.1847224515265688
2023-02-24,0.010739646747994323,0.00011534001227170503,0.15620965199124878,0.15298019978425068,0.16692019971293978,0.18146300930959003,0.18250251194203074
2023-02-27,0.003400077197174859,1.1560524946748445e-05,0.16939817107946295,0.15404829129172204,0.16725920789895854,0.18154754578040605,0.18221712023684555
2023-02-28,0.003702737963517351,1.3710268426472621e-05,0.10056462883783837,0.1320463497095065,0.16193959779035277,0.16993403151696937,0.18189418514884362
2023-03-01,0.003843427162473773,1.4771932353241198e-05,0.10200785135032363,0.13052107332983057,0.15199745043908117,0.1700797571792122,0.18809064234144426
2023-03-02,0.007747283474332604,6.002040123166707e-05,0.11370282957470444,0.13958526612415345,0.14933850081869238,0.17089847994768448,0.18730555105674046
2023-03-03,0.01591050944306749,0.00025314431073793973,0.13211799656812873,0.15921962900012954,0.15149284692234927,0.16995552389068264,0.18538766292704797
2023-03-06,0.0006926904821425713,4.79820104050908e-07,0.13414891632254147,0.15918752289227392,0.1477126136321713,0.16713854222716895,0.18568577710893452
2023-03-07,0.01544761366855851,0.0002386287680530357,0.1881523727236083,0.14367942145164198,0.15552998576708527,0.17026397991930922,0.1772052316967961
2023-03-08,0.001630854524925538,2.6596864814701026e-06,0.18320122922049129,0.1437856545738415,0.14652207845688853,0.16956929277552343,0.17779896276104062
2023-03-09,0.01862218809618441,0.0003467858894896723,0.2233098534875139,0.1676930724916226,0.15499004603813965,0.17321636354339456,0.16162083206670969
2023-03-10,0.014534563374119736,0.00021125353247630288,0.15296981582646543,0.1740057018861016,0.1594610131705707,0.17312609753242433,0.14894718190854564
2023-03-13,0.0014263742598201333,2.034543529077433e-06,0.14480924307125323,0.1709459351962336,0.15845215717926237,0.1723256119382624,0.14837377555584239
2023-03-14,0.016395150315724378,0.0002688009538751972,0.22120700303467739,0.19695198646960396,0.16495261296752184,0.1753671073737994,0.14199002177576006
2023-03-15,0.0062740504072281884,3.9363708512440194e-05,0.2171619456641823,0.1982564298304789,0.16523222477329685,0.16827558110189722,0.14333409493762753
2023-03-16,0.017393032807608486,0.00030251759024654514,0.2241167756216583,0.21584108456921208,0.17926402688920656,0.17008821740169497,0.13430245580691094
2023-03-17,0.011761508512507636,0.00013833308248978958,0.21149491777168378,0.2014074163249432,0.17759773168870105,0.1709549341613967,0.12375712876035207
2023-03-20,0.009569520716760122,9.157572674850114e-05,0.21184423051745696,0.21091104206621644,0.18234227449063176,0.1719571468340803,0.1214868887419469
2023-03-21,0.013045211250179671,0.00017017753656181427,0.2016456321065023,0.20970445442334537,0.17506104632030442,0.17136139415392612,0.11521635332271866
2023-03-22,0.01719346803393808,0.00029561534303405065,0.24768638754305913,0.22750243947488427,0.18559777281636494,0.17250926767563812,0.09527633056323254
2023-03-23,0.0026996906928519883,7.288329837071649e-06,0.21005088765702828,0.20634820578520327,0.1847224515265688,0.17223178876944753,0.09545636551010384
2023-03-24,0.006540551493274355,4.2778813836173395e-05,0.18857348502354437,0.18890417041029803,0.18250251194203074,0.1724146031046535,0.09425270869483841
2023-03-27,0.001868177090548349,3.490085641649694e-06,0.17918890646768967,0.18751090672422135,0.18221712023684555,0.1702222668376262,0.11406725289102296
2023-03-28,0.0022473621821774248,5.050636777881276e-06,0.14642833013794157,0.17370210329259553,0.18189418514884362,0.16663339994437001,0.11508253700304914
2023-03-29,0.0144304368720264,0.00020823750831753908,0.09987911733101155,0.17921809920666013,0.18809064234144426,0.16888025664815265,0.12435457591975675
2023-03-30,0.0058381488463067465,3.40839819516328e-05,0.09847715887887598,0.1626390807412121,0.18730555105674046,0.16884402416501496,0.1259736632333533
2023-03-31,0.013996150863705975,0.00019589223899961752,0.1169522334064936,0.15138770954289113,0.18538766292704797,0.1703929455907958,0.1171726086314568
2023-04-03,0.003803364858877539,1.4465584249744563e-05,0.11255935020928612,0.1491095775082299,0.18568577710893452,0.16842556588695734,0.12400792150666579
2023-04-04,0.005563577273796455,3.0953392081504396e-05,0.13098246028393315,0.14772931547345192,0.1772052316967961,0.16304479573262412,0.1248798789776643
2023-04-05,0.002621749797810353,6.873572002318627e-06,0.12154986966222978,0.1056984365507579,0.17779896276104062,0.16317942535585409,0.12708702007424075
2023-04-06,0.0038933551692833276,1.5158214474185209e-05,0.1195478648456531,0.10549664811626902,0.16162083206670969,0.16280828914931944,0.14279642111484486
2023-04-10,0.001025830162752977,1.0523275228137994e-06,0.06566626395233335,0.10540120693521647,0.14894718190854564,0.16096456459814332,0.14277903243699977
2023-04-11,0.0002686194724859245,7.215642099861635e-08,0.057408152529657655,0.10637147715455716,0.14837377555584239,0.16084551562792843,0.14378369330040033
2023-04-12,0.0040843730200626335,1.6682102967015557e-05,0.04980733755754153,0.10940193915372254,0.14199002177576006,0.1609787038736175,0.1437212080959058
2023-04-13,0.013195244428203913,0.00017411447552004641,0.10232251689116056,0.10594055600364513,0.14333409493762753,0.1629986398947158,0.13590661745552682
2023-04-14,0.0024456391089094144,5.981150651027234e-06,0.10802567780062575,0.10781701641395092,0.13430245580691094,0.15943008273579168,0.13571332532895905
2023-04-17,0.0035816810864899486,1.282843940531982e-05,0.10870359441378545,0.08629613008184595,0.12375712876035207,0.15858592004977282,0.1356646797773666
2023-04-18,0.0006519128726335402,4.2499039350531444e-07,0.10832949459413534,0.08497727523843669,0.1214868887419469,0.15441228675308516,0.13761448011771124
2023-04-19,0.00016875809853038724,2.847929581959189e-08,0.09704376389849874,0.07768553370324208,0.11521635332271866,0.15267530251337033,0.14465444015857598
2023-04-20,0.005472172608685775,2.9944673059250884e-05,0.053972537808411505,0.08288860497862255,0.09527633056323254,0.15314862033185134,0.1467784685935036
2023-04-21,0.0007767384029077683,6.033225465517105e-07,0.05250022430702356,0.08135168094379283,0.09545636551010384,0.1531489493197336,0.14701399026752146
2023-04-24,0.0010427066161094924,1.0872370872785084e-06,0.043531669310886506,0.08135342650838669,0.09425270869483841,0.15161925829928716,0.14701585891283847
2023-04-25,0.01600119047823983,0.00025603809672091306,0.1147788698745688,0.11710484542493599,0.11406725289102296,0.15522824864928314,0.14071169016002802
2023-04-26,0.004244732630863599,1.8017755107518214e-05,0.10982761473808739,0.11722993362963853,0.11508253700304914,0.1532354666149203,0.14259874958560756
2023-04-27,0.019712632998297792,0.000388587899725579,0.20452926136567598,0.14128244489816816,0.12435457591975675,0.15562571029636948,0.12778045791836193
2023-04-28,0.008498777126746243,7.222921265010511e-05,0.2129390370967688,0.14709727217034824,0.1259736632333533,0.1550987754680613,0.13237006678192784
2023-05-01,0.0010102349790715131,1.0205747129396206e-06,0.2138966134899733,0.1465038392954866,0.1171726086314568,0.15227145444129964,0.13225310808232266
2023-05-02,0.011302885717494148,0.00012775522554273318,0.19122846075703293,0.1577399527989938,0.12400792150666579,0.15246176184334212,0.12688401197792212
2023-05-03,0.006887604160933424,4.743909107770741e-05,0.19776246200021494,0.16054788142279414,0.1248798789776643,0.15259975640753556,0.1269348581104465
2023-05-04,0.007108039885655236,5.05242310160657e-05,0.12181272430609653,0.16188875921636633,0.12708702007424075,0.15083375763974405,0.13009160802234918
2023-05-05,0.01834327772721353,0.00033647583777768797,0.18623395312658225,0.19071932323672336,0.14279642111484486,0.15393806859014855,0.11708275258249114
2023-05-08,0.00026634635588391927,7.094038129264338e-08,0.18670557875724958,0.19065216909042218,0.14277903243699977,0.152828879019948,0.11696369987630198
2023-05-09,0.004395014392439289,1.931615150974849e-05,0.1690871069656852,0.17124705759947728,0.14378369330040033,0.15306725803884122,0.11635252638928244
2023-05-10,0.004661673900597958,2.1731203555516182e-05,0.1588284083286641,0.16916049010517484,0.1437212080959058,0.15148603211988015,0.11688895075799503
2023-05-11,0.0017457552136086615,3.0476612658418233e-06,0.14241804668442612,0.13794125910730712,0.13590661745552682,0.1515279472656696,0.11608367123128728
2023-05-12,0.0013109918899269811,1.7186997354543177e-06,0.05301396567113392,0.1294091276448232,0.13571332532895905,0.15140461107194317,0.1178320554086853
2023-05-15,0.0034442791742448275,1.186305903013663e-05,0.06023491057231906,0.1313636519626205,0.1356646797773666,0.1487835637126549,0.11863946181258553
2023-05-16,0.006705256906711637,4.496047018500411e-05,0.07221269520246128,0.12261461199786632,0.13761448011771124,0.14936458182454004,0.11346077352508235
2023-05-17,0.012065888132803713,0.00014558565643333347,0.11240879874245625,0.13011195511925483,0.14465444015857598,0.14509275083547643,0.11372938529410263
2023-05-18,0.009587159551169577,9.191362825958204e-05,0.12236992559425443,0.12517954060194075,0.1467784685935036,0.14615047426320738,0.11339399931081101
2023-05-19,0.001456105534102705,2.120243326444524e-06,0.12272690732823484,0.0948872061328688,0.14701399026752146,0.14593814741105743,0.1158972918827799
2023-05-22,0.0004058938815549001,1.6474984308370327e-07,0.12452036394638158,0.09484140109851018,0.14701585891283847,0.14394977233964634,0.11876784829725559
2023-05-23,0.011286079695506062,0.0001273755948933142,0.14844988188261768,0.11157573715876369,0.14071169016002802,0.14602673732503993,0.10780134494359661
2023-05-24,0.007271362916804743,5.2872718667883184e-05,0.1265898374440816,0.11590652096349673,0.14259874958560756,0.1466716998089679,0.1082006404556949
2023-05-25,0.008622629253267648,7.4349735239307e-05,0.12109161773361618,0.12400739631720116,0.12778045791836193,0.14725495686541354,0.10854877854964788
2023-05-26,0.012867511911098898,0.000165572862782272,0.16229819640683688,0.13754578396692288,0.13237006678192784,0.14864165646224495,0.10617978828412596
2023-05-30,0.0003809179912875713,1.4509851608655823e-07,0.16230083163161418,0.13752189102244208,0.13225310808232266,0.14534478936804426,0.10615460625153628
2023-05-31,0.0055605591777213486,3.091981836894112e-05,0.1391894361300006,0.1356655235294352,0.12688401197792212,0.1459118643995997,0.10237580976074188
2023-06-01,0.009456212023332147,8.941994583021147e-05,0.1197507185353446,0.1306969076739374,0.1269348581104465,0.1431080893796126,0.10470280790048657
2023-06-02,0.014357478738921447,0.00020613719573858136,0.13603194661120957,0.14069677969566036,0.13009160802234918,0.1456931392891117,0.09520878443331202
2023-06-05,0.0019182380084891719,3.6796370572125044e-06,0.1314851152303075,0.14103809577096552,0.11708275258249114,0.13987568792934965,0.09498571029788258
2023-06-06,0.002175142884147843,4.731246566458997e-06,0.1295411281308827,0.1407556278708407,0.11696369987630198,0.13582152894740318,0.10125350746563945
2023-06-07,0.003463574164404746,1.1996345992332034e-05,0.12064482490401393,0.12431485723295219,0.11635252638928244,0.1360914803099823,0.10069492683252823
2023-06-08,0.006030255740617423,3.636398429724939e-05,0.11333070366995464,0.11085220785718905,0.11688895075799503,0.13295089675225757,0.09939763268358355
2023-06-09,0.0017926989697835318,3.2137695962629363e-06,0.05924986762273494,0.1086666485634168,0.11608367123128728,0.1319386362747194,0.10094123980294767
2023-06-12,0.009031042383890842,8.155972653963279e-05,0.07505121868225488,0.10094961617705982,0.1178320554086853,0.12877023134582355,0.10001168903074419
2023-06-13,0.0065712669953434605,4.318154992409027e-05,0.0780202441368039,0.10084385807027287,0.11863946181258553,0.12611209102476748,0.10100303852906443
2023-06-14,0.00119021624188451,1.4166147024456866e-06,0.05297858106981354,0.08809875924341252,0.11346077352508235,0.12509605318138392,0.1013150127101634
2023-06-15,0.012321273443486169,0.0001518137792691575,0.0753592482748033,0.09359417357781913,0.11372938529410263,0.12482522508785517,0.0933956790797204
2023-06-16,0.0034119130114424454,1.1641150397650257e-05,0.09961030159670066,0.0849411694125712,0.11339399931081101,0.11895791510882349,0.09433925296461422
2023-06-20,0.005201694991795029,2.7057630787665484e-05,0.11469330582313012,0.09163443752572878,0.1158972918827799,0.11984739856938773,0.09080386366803425
2023-06-21,0.005136995798886366,2.6388725837776173e-05,0.11727449573798264,0.09980274432789668,0.11876784829725559,0.12027574110211853,0.09253614581660954
2023-06-22,0.0036032333103342908,1.298329028870261e-05,0.12009655516979661,0.09522545482795483,0.10780134494359661,0.12034261723888168,0.09256295221779272
2023-06-23,0.00758876491294197,5.7589352903899144e-05,0.06769786684224771,0.10576385423145566,0.1082006404556949,0.12157575414829083,0.08606901851455116
2023-06-26,0.004094041748098782,1.676117783517573e-05,0.06778511836663759,0.10909839935939715,0.10854877854964788,0.11911216584766311,0.082615336699013
2023-06-27,0.010903597098937418,0.00011888842969595649,0.12077699923025195,0.1134084126015771,0.10617978828412596,0.12038806257377828,0.07709722188759645
2023-06-28,0.0005044085522106051,2.544279875431987e-07,0.11343915612749696,0.10893817213729254,0.10615460625153628,0.11747528143402057,0.08309832225502538
2023-06-29,0.003933612041325764,1.5473303691663047e-05,0.11400099423396584,0.11042000713964596,0.10237580976074188,0.11748826150678937,0.08750742060019237
2023-06-30,0.01173143480048382,0.00013762656247800285,0.10748956055231149,0.10869051373593926,0.10470280790048657,0.11862168322767894,0.07977559663870251
2023-07-03,0.0011500320653540575,1.3225737513425192e-06,0.08484207814560148,0.10645420000015478,0.09520878443331202,0.11832470600875537,0.08134114062840413
2023-07-05,0.00148829796503595,2.21503083273015e-06,0.08201399243146575,0.1019529417941649,0.09498571029788258,0.11836980016333895,0.09774420837440455
2023-07-06,0.007861521629277354,6.180352232759566e-05,0.11427853405981749,0.10757083354698191,0.10125350746563945,0.11987820140942669,0.09339798013041335
2023-07-07,0.002527908558196997,6.390321678605621e-06,0.1147905061649345,0.10794545591532383,0.10069492683252823,0.1201119322328807,0.0946744321245321
2023-07-10,0.002527908558197024,6.390321678605756e-06,0.06383174313290521,0.09832562019117119,0.09939763268358355,0.11963402365809497,0.09850153412884369
2023-07-11,0.006348226134462634,4.02999750542744e-05,0.08522750325725459,0.09569461332746478,0.10094123980294767,0.11753197020154087,0.09847049698489875
2023-07-12,0.008013807430665085,6.422110953578293e-05,0.10368797861334175,0.08950724263378679,0.10001168903074419,0.11810290821368595,0.09784324426773033
2023-07-13,0.007905468998665852,6.249644008886687e-05,0.07127187060036892,0.09314178734924247,0.10100303852906443,0.11877992564804653,0.09328601042895626
2023-07-14,0.0006230961470615749,3.882488084829798e-07,0.059891266255968974,0.09462336219179868,0.1013150127101634,0.11884467108149334,0.09328489499495306
2023-07-17,0.0034664216281374634,1.2016078904019182e-05,0.0579534318950261,0.08006539963530931,0.0933956790797204,0.1188710832834455,0.09467720913276999
2023-07-18,0.00740300466136795,5.48044780162356e-05,0.05992419711330511,0.08489001439655089,0.09433925296461422,0.11858446183952237,0.0982923829941333
2023-07-19,0.0022213761606953582,4.93451204730565e-06,0.05703042801719543,0.08223572243143804,0.09080386366803425,0.11857382042203753,0.09967001837386456
2023-07-20,0.006656697011177237,4.431161509861596e-05,0.08313354392669901,0.0780228101711733,0.09253614581660954,0.11980395342271848,0.10037911084674371
2023-07-21,0.0,0.0,0.08240503573739898,0.07411645904213807,0.09256295221779272,0.11412367236932966,0.10050725876032435
2023-07-24,0.004457372626313485,1.9868170729808773e-05,0.08433401713536574,0.0743606280947708,0.08606901851455116,0.11352932681692122,0.10241197362897694
2023-07-25,0.0027262878703150487,7.432645551826964e-06,0.06875525408084529,0.07233537699746793,0.082615336699013,0.10737990947314573,0.10113182562496043
2023-07-26,0.0001537898963209208,2.3651332210399567e-08,0.06713593712597073,0.067339241009451,0.07709722188759645,0.10648663411658701,0.11106769422429202
2023-07-27,0.0066520122314099395,4.424926672682744e-05,0.06710607619655401,0.07174003038320773,0.08309832225502538,0.10769293468160335,0.11843947605857573
2023-07-28,0.00974276892646998,9.492154635458899e-05,0.09549337225751969,0.08435395532394138,0.08750742060019237,0.10563818345847623,0.1152916114203524
2023-07-31,0.0019020715842670503,3.6178763116761668e-06,0.09319041125775851,0.08379324497566931,0.07977559663870251,0.10406289785340732,0.11824880854516413
2023-08-01,0.002865713298574967,8.212312709629418e-06,0.09720597371286153,0.07937999414727188,0.08134114062840413,0.10283641341206477,0.13103906561602263
2023-08-02,0.01400843512978461,0.00019623625478538357,0.14176479993656177,0.1066638924860388,0.09774420837440455,0.10231605786876229,0.12232482920886054
2023-08-03,0.002869990854906357,8.236847507246122e-06,0.13704240913480567,0.10278354486303332,0.09339798013041335,0.10268033171422541,0.12197382436069305
2023-08-04,0.00453299727420301,2.0548064287931915e-05,0.09280908841661548,0.10437465716828882,0.0946744321245321,0.10271431711741173,0.12081188914693046
2023-08-07,0.00869081668746436,7.553029469510899e-05,0.1280279552899963,0.11263061031286666,0.09850153412884369,0.10357950822089143,0.11789221711265731
2023-08-08,0.004358250978925963,1.8994351595309116e-05,0.12828143000072575,0.11208403422105621,0.09847049698489875,0.10406898538770251,0.11931462119109701
2023-08-09,0.006707617626766994,4.499213422691528e-05,0.09694493163326473,0.11454925797267958,0.09784324426773033,0.10526805927688504,0.1174015548170144
2023-08-10,0.00035881060234776004,1.2874504835716237e-07,0.09773305649468308,0.11224479034414311,0.09328601042895626,0.1052008581627628,0.11753150876140823
2023-08-11,0.0005831769358768061,3.400953385386604e-07,0.09345563775848845,0.09383499276698139,0.09328489499495306,0.1039419718024817,0.11980623745585345
2023-08-14,0.005504710483110767,3.0301837502869573e-05,0.07448456497239948,0.10009830274187581,0.09467720913276999,0.10192766807567051,0.11985009273958323
2023-08-15,0.011717316164078565,0.0001372954980889768,0.10604547401377445,0.11115411156471132,0.0982923829941333,0.10389016675011056,0.11194665033501298
2023-08-16,0.007365048938087526,5.424394586042419e-05,0.10772785534825181,0.096851829209975,0.09967001837386456,0.1051789796132282,0.11157629493885907
2023-08-17,0.007649019651789505,5.8507501633462044e-05,0.10812012883371921,0.1004631414215741,0.10037911084674371,0.10661908229606255,0.1172673017507454
2023-08-18,0.0004811071769695135,2.314641157315748e-07,0.11069681925288176,0.10124167596772031,0.10050725876032435,0.10363358351616554,0.11726195204398815
2023-08-21,0.0064852306533650554,4.2058216627345744e-05,0.11616767300708836,0.09492469313690285,0.10241197362897694,0.102809383585941,0.1158665348419348
2023-08-22,0.002712321488407705,7.3566878564781884e-06,0.09366029300997805,0.0944074266442516,0.10113182562496043,0.10192017401126983,0.12052882255520075
2023-08-23,0.011076179475242897,0.00012268175176779203,0.11747015918213623,0.11217477235534447,0.11106769422429202,0.1010905655651584,0.127453807280205
2023-08-24,0.01395597988681532,0.00019476937460119372,0.15199785349893621,0.13026394714341236,0.11843947605857573,0.105604839762308,0.11830571574654611
2023-08-25,0.00702510092287507,4.935204297658016e-05,0.159473330970534,0.13802042571144807,0.1152916114203524,0.10556188053408169,0.11630635909872263
2023-08-28,0.006321360179539393,3.9959594519466306e-05,0.1591599518565435,0.1392007554053835,0.11824880854516413,0.10467107701323401,0.12332075230623415
2023-08-29,0.014351249011198976,0.00020595834818143958,0.17561528740401727,0.14543034274372807,0.13103906561602263,0.10466764891475194,0.1081444986895205
2023-08-30,0.00411023859268069,1.6894061288761736e-05,0.16709660797134407,0.1372300879545752,0.12232482920886054,0.10471108074690039,0.10964373684577677
2023-08-31,0.0014645254173493774,2.144834698062368e-06,0.09055575906595031,0.12752472058511413,0.12197382436069305,0.10479774908973348,0.1095901851598739
2023-09-01,0.0018634803512402806,3.4725590194585994e-06,0.09445157428848677,0.12689530687047093,0.12081188914693046,0.10441636448290702,0.10870565367196351
2023-09-05,0.004331169329511198,1.875902776089848e-05,0.11364664149134786,0.13087163804647267,0.11789221711265731,0.1044425912089141,0.11534554801261211
2023-09-06,0.006745238670796304,4.549824472600588e-05,0.07016418728364585,0.13657624044255887,0.11931462119109701,0.10556442322888138,0.11993167714014252
2023-09-07,0.0030747825240834002,9.454287570408686e-06,0.051134742521419474,0.12793859712552125,0.1174015548170144,0.10438413587045135,0.12008280231340762
2023-09-08,0.001504887334442114,2.264685889364291e-06,0.05950026833041165,0.09976917045723716,0.11753150876140823,0.10363529878586795,0.12945530419786322
2023-09-11,0.006555023615282494,4.2968334596911185e-05,0.08382125100384627,0.09912626687318364,0.11980623745585345,0.10439121997838499,0.12931096652687085
2023-09-12,0.005500667177699662,3.0257339399822366e-05,0.0869117035203868,0.1021121019317506,0.11985009273958323,0.10212597655685807,0.13066046497282652
2023-09-13,0.0011653380308387059,1.3580127261190327e-06,0.073700389271768,0.06890540332710868,0.11194665033501298,0.10186713824840238,0.1317470804675397
2023-09-14,0.008585298018327822,7.370734206350363e-05,0.08703845383102717,0.08019317691769137,0.11157629493885907,0.10262257386433048,0.12787063488839837
2023-09-15,0.012121325454177273,0.00014692653076608586,0.1362970059192068,0.10040302489019078,0.1172673017507454,0.10522497176804549,0.12256884913815508
2023-09-18,0.0005862443868422041,3.4368248110399184e-07,0.12346916674298176,0.09950905317813499,0.11726195204398815,0.10501151710598802,0.1294694651262468
2023-09-19,0.0020759759240886132,4.309676037395572e-06,0.11870498923190212,0.09824541142757891,0.1158665348419348,0.10383749475653949,0.12941770811704295
2023-09-20,0.009235841940486673,8.530077634965263e-05,0.13040049616917046,0.10292789465525394,0.12052882255520075,0.10531641053990178,0.1338220152057885
2023-09-21,0.01666649877213075,0.0002777721813214358,0.11291873636346904,0.1286613844442509,0.127453807280205,0.1086040753269635,0.1241702005132375
2023-09-22,0.0022510942659804568,5.067425394330092e-06,0.11141888293328411,0.1265722826242151,0.11830571574654611,0.10868265827530188,0.13097966984668089
2023-09-25,0.00419641263886347,1.760987903561307e-05,0.12662757172237965,0.12200823545650254,0.11630635909872263,0.10872637518195828,0.1294919646712867
2023-09-26,0.014800218495059041,0.0002190464675014877,0.13847539539270975,0.13488822408196754,0.12332075230623415,0.10991512163991697,0.12287425469447281
2023-09-27,0.0003990587470160937,1.5924788357005468e-07,0.14849943739404325,0.13407738097766916,0.1081444986895205,0.10987456526803296,0.13272894355533058
2023-09-28,0.005780687260504063,3.341634520375397e-05,0.12954703083148897,0.12706372984364844,0.10964373684577677,0.11063679379712482,0.13568847952524457
2023-09-29,0.002429975572948729,5.904781285127503e-06,0.12963291679829414,0.12016790275225883,0.1095901851598739,0.1096487522010696,0.13600508038938167
2023-10-02,0.0003976499075769865,1.5812544899598592e-07,0.12101987526045012,0.11929512204459257,0.10870565367196351,0.10955984557275086,0.1446436570504364
2023-10-03,0.013476583728502028,0.00018161830899132562,0.11246163363880156,0.12821513290188663,0.11534554801261211,0.11261624521343862,0.13965140536772316
2023-10-04,0.007255634080060157,5.26442259037304e-05,0.13080969391582126,0.13884365460685114,0.11993167714014252,0.11287183748833719,0.142566802594459
2023-10-05,0.0003768535164128942,1.4201857283276352e-07,0.11844864840025013,0.11711375053163074,0.12008280231340762,0.11142935358717093,0.15803642117983718
2023-10-06,0.01180297042342986,0.00013931011081636004,0.15252138126303272,0.13486489252804135,0.12945530419786322,0.11299996387843372,0.15578734027286115
2023-10-09,0.006381685300221954,4.072590727106897e-05,0.15626305094301948,0.13728605603136965,0.12931096652687085,0.11392852085846748,0.1544443829902368
2023-10-10,0.005191295273766745,2.694954661943294e-05,0.0695142383074842,0.11105928026083622,0.13066046497282652,0.11424483268181818,0.15369943815135698
2023-10-11,0.004087942613016101,1.671127480731291e-05,0.06969311674897095,0.11110208108795086,0.1317470804675397,0.11345782430992671,0.15305530558390304
2023-10-12,0.006115110098297545,3.739457151430061e-05,0.10347004335046396,0.11681430776609898,0.12787063488839837,0.11385478226484966,0.15409684830817977
2023-10-13,0.0049932273463283595,2.493231933212135e-05,0.0947724114171428,0.11971260241092672,0.12256884913815508,0.11353672846959649,0.16219063581466542
2023-10-16,0.010466346572425326,0.00010954441057411936,0.11242125282121918,0.1284289518501229,0.1294694651262468,0.1158239398126664,0.1584137682123952
2023-10-17,4.585163473257235e-05,2.102372407649235e-09,0.10832899046238666,0.09686365733968051,0.12941770811704295,0.11535963027423354,0.17176655548567046
2023-10-18,0.01341458167806831,0.000179951001597566,0.14021080594640456,0.12508593316802885,0.1338220152057885,0.11806936407989395,0.16255646769166826
2023-10-19,0.008825242004986628,7.78848964465804e-05,0.1454451314994699,0.13504723378154354,0.1241702005132375,0.1191588929247582,0.15733600195040065
2023-10-20,0.012364199277791426,0.00015287342378093803,0.15939603333289773,0.13265028388705388,0.13097966984668089,0.12087053515069965,0.14712095129127675
2023-10-23,0.0017348396699468248,3.009668680421208e-06,0.09687079645480984,0.12435155250959612,0.1294919646712867,0.11872806989579555,0.14655676761933584
2023-10-24,0.00751120908569462,5.6418261929021415e-05,0.13837493787181693,0.12897226346028917,0.12287425469447281,0.11993011849757486,0.1473955784748377
2023-10-25,0.014456089502018014,0.00020897852369035542,0.14214808863998973,0.13569781168653638,0.13272894355533058,0.12291875744663634,0.13147656634454574
2023-10-26,0.012046957955725426,0.00014512919598701614,0.1479415223244394,0.14096552435763884,0.13568847952524457,0.12212440149454046,0.11754431654906793
2023-10-27,0.004542995025875697,2.0638803805131323e-05,0.1389502798058775,0.1409833841747344,0.13600508038938167,0.12225880234150148,0.11499000113773847
2023-10-30,0.01188483482521086,0.00014124929882254486,0.18534288285706507,0.14543469590943184,0.1446436570504364,0.1250720645695497,0.11290683057414376
2023-10-31,0.00626075441814721,3.919704588434981e-05,0.1813290857915472,0.15438194735452776,0.13965140536772316,0.12435261431540828,0.11418373199135516
2023-11-01,0.0106082252536611,0.0001125344430324131,0.16442896209216182,0.16107092331487227,0.142566802594459,0.12648784063285576,0.11162460409412532
2023-11-02,0.01898301004345257,0.0003603546703098211,0.13766797541296263,0.18559347619265615,0.15803642117983718,0.13230785459670077,0.09675410282710026
2023-11-03,0.009081886917794183,8.248066998760113e-05,0.07535917211537349,0.1731264832259877,0.15578734027286115,0.13375276438113015,0.09854258222335875
2023-11-06,0.002297875986801227,5.280234050717713e-06,0.09839614040114814,0.17110914853090342,0.1544443829902368,0.13386306511298357,0.0989967902605684
2023-11-07,0.00284213323022196,8.077721298331914e-06,0.10790276833698911,0.16968828689088222,0.15369943815135698,0.13347905696936754,0.10151770772902709
2023-11-08,0.0007320630569596589,5.359163193651208e-07,0.11942485107735326,0.14029462397898187,0.15305530558390304,0.13137747559464358,0.10329272094825125
2023-11-09,0.007829231107899418,6.129685974089994e-05,0.09640383931469064,0.12726585678184751,0.15409684830817977,0.13148967936927292,0.09617571513566665
2023-11-10,0.015484245843781289,0.0002397618693506581,0.13242522268217752,0.12476232040313388,0.16219063581466542,0.13437914415561983,0.08419059459875387
2023-11-13,0.0009536157387016402,9.093829770994749e-07,0.13504163511226608,0.1274054181983622,0.1584137682123952,0.13439953576732372,0.083576084398383
2023-11-14,0.01921476392735861,0.00036920715278412165,0.18267510029978182,0.1443289356570871,0.17176655548567046,0.13938212292377672,0.0703063891723242
2023-11-15,0.002115020992423026,4.473313798390083e-06,0.1807358426834928,0.1447564593481543,0.16255646769166826,0.13927112929469757,0.07036051060953244
2023-11-16,0.0012222824109278452,1.4939742920635858e-06,0.14653219923588848,0.12722597427319252,0.15733600195040065,0.1375256363573147,0.07173446675076767
2023-11-17,0.0012430005950847868,1.545050479381134e-06,0.1312127915405487,0.12525495399883554,0.14712095129127675,0.13427231490617686,0.0725671680223723
2023-11-20,0.0076682053277729,5.880137294888469e-05,0.12232988656431115,0.12654208936390518,0.14655676761933584,0.13441054599622942,0.07126186070056904
2023-11-21,0.00218174688671261,4.760019477680166e-06,0.05657530165191471,0.1304745357968675,0.1473955784748377,0.13399127467050925,0.09088892292457001
2023-11-22,0.003853203844711516,1.4847179868899608e-05,0.05809736461410849,0.12944236086832214,0.13147656634454574,0.13103385820248623,0.09462278642615243
2023-11-24,0.0006153584131112882,3.7866597658684285e-07,0.05899956450684302,0.11386880895017486,0.11754431654906793,0.13079244554261035,0.09446035214477079
2023-11-27,0.001802736236270064,3.2498579375611557e-06,0.06580991044300608,0.10090061636534434,0.11499000113773847,0.13081284662182538,0.09350698951632515
2023-11-28,0.0009897408848917567,9.795870192263176e-07,0.038706530649992646,0.09917170448819766,0.11290683057414376,0.13077794988974206,0.0933793540310095
2023-11-29,0.0007037412704858977,4.952517757851054e-07,0.03386881932757976,0.04554256778822158,0.11418373199135516,0.13045246504840727,0.09296225047855426
2023-11-30,0.0039296896029246825,1.544246037533435e-05,0.03433418724217935,0.047325937426389394,0.11162460409412532,0.1298381640084766,0.0947834914442145
2023-12-01,0.005898477564019378,3.479203757323998e-05,0.05091191221923865,0.05217690241038862,0.09675410282710026,0.13010427505870734,0.09764163882607553
2023-12-04,0.005263262689046162,2.7701934133905432e-05,0.06860332394877366,0.06361699555286332,0.09854258222335875,0.13063799149210714,0.10090419777925337
2023-12-05,0.0001969830979772495,3.880234088871467e-08,0.06909754200062648,0.05292716669629947,0.0989967902605684,0.13002641547783741,0.10214916881548877
2023-12-06,0.004037900942802347,1.6304644023884083e-05,0.07706010661954318,0.056287603879499354,0.10151770772902709,0.12977918811344832,0.10014415266040808
2023-12-07,0.007601309748285907,5.777990988938636e-05,0.09167947565804482,0.06528546239292811,0.10329272094825125,0.130612431808569,0.10777190275627332
2023-12-08,0.004289978691554495,1.8403917173991618e-05,0.0866156929957342,0.0677084133232224,0.09617571513566665,0.12976933610613153,0.10807612374729535
2023-12-11,0.00388204846230179,1.5070300263659693e-05,0.0714222295417608,0.0669636975393881,0.08419059459875387,0.12728470994358448,0.10873185079155702
2023-12-12,0.004556867901530177,2.0765045071996037e-05,0.06884669167394136,0.06837476849348487,0.083576084398383,0.12753133927261381,0.1084704888510798
2023-12-13,0.013696023686965713,0.00018758106483392589,0.06547315256600927,0.08788434494245598,0.0703063891723242,0.13010775436006156,0.09844423849212973
2023-12-14,0.0032040096302543785,1.02656777107628e-05,0.06942775757871038,0.08784560804819691,0.07036051060953244,0.12840831820715837,0.0992933929572495
2023-12-15,0.0016479239808416628,2.715653446633033e-06,0.08843711042105226,0.089891489910532,0.07173446675076767,0.1230489494322852,0.10138149571260663
2023-12-18,0.00560950344253911,3.146652887185812e-05,0.08823361427838132,0.07916237362836187,0.0725671680223723,0.12308751700388351,0.10424229328749357
2023-12-19,0.0060623869606101395,3.6752535660175846e-05,0.08831460701433783,0.07674327881466951,0.07126186070056904,0.12331461341804796,0.110942679981992
2023-12-20,0.013954157397648992,0.00019471850867836207,0.1318189914216107,0.11405978771289993,0.09088892292457001,0.12284429575198058,0.09631077457646524
2023-12-21,0.009437085932391925,8.905859089534958e-05,0.148205054791468,0.11633428559990087,0.09462278642615243,0.1238439921483239,0.09195158547633826
2023-12-22,0.0020078558163334963,4.031484979184251e-06,0.14619136028964816,0.1164718298885755,0.09446035214477079,0.12356697889302783,0.09191156000304913
2023-12-26,0.004213651896723272,1.7754862306759624e-05,0.14424226239243992,0.11653127633811977,0.09350698951632515,0.12336017012681602,0.09253217341246595
2023-12-27,0.0018064369932373153,3.2632146105362724e-06,0.13892720814547657,0.11653085099860025,0.0933793540310095,0.1232715387269828,0.09294601847724782
2023-12-28,0.0003775916415979212,1.4257544780461298e-07,0.05644882938689833,0.1005207768185296,0.09296225047855426,0.11909724868433941,0.09591482305612682
2023-12-29,0.002899113186312051,8.404857267048413e-06,0.04164816791264154,0.10263053077828858,0.0947834914442145,0.11904325503498069,0.09491157410313551
2024-01-02,0.005612103296437002,3.1495703409879066e-05,0.06156761965930347,0.10742139050270055,0.09764163882607553,0.11995942861301888,0.11209830379889768
2024-01-03,0.008200122897048237,6.724201552669476e-05,0.06561561041585799,0.11203673517663897,0.10090419777925337,0.11988108772747005,0.11408961286804073
2024-01-04,0.0032264255240323347,1.0409821662127326e-05,0.050931508473057586,0.1059310232494114,0.10214916881548877,0.11983557537684503,0.11590594644919071
2024-01-05,0.0013688356427243788,1.8737110167926633e-06,0.05638528329634666,0.08087938166365514,0.10014415266040808,0.11956998254834139,0.11808397419440336
2024-01-08,0.01417488292427029,0.00020092730591676945,0.14008783076328316,0.09813367268229276,0.10777190275627332,0.1223293197152374,0.1098782728279519
2024-01-09,0.0015180813350134097,2.304570939716096e-06,0.13314879447279862,0.0981135145354203,0.10807612374729535,0.12147178065146629,0.1112302388271877
2024-01-10,0.005639360133625541,3.1802382716725077e-05,0.1103456623301593,0.10005010877181285,0.10873185079155702,0.12098057891119954,0.11080920123420133
2024-01-11,0.00044062473862838076,1.9415016029132886e-07,0.10139413035632763,0.09966946824379333,0.1084704888510798,0.11967162974329183,0.11101217350127038
2024-01-12,0.000692407739592809,4.794284778480232e-07,0.10254200609252839,0.09971834979403778,0.09844423849212973,0.11963937505675225,0.1113344477814407
2024-01-16,0.0036781017377525054,1.3528432393258e-05,0.05511242473154069,0.10042618554302854,0.0992933929572495,0.11604658584501212,0.12397653834835111
2024-01-17,0.005574047547101883,3.107000605735252e-05,0.06865386385508852,0.1003676523876183,0.10138149571260663,0.11497153310898536,0.12302539377741549
2024-01-18,0.008853491005808225,7.838430298992713e-05,0.08826140919665465,0.09820438325194336,0.10424229328749357,0.1120154636752253,0.12191035634530224
2024-01-19,0.012389232191989712,0.0001534930743070342,0.12418280593084664,0.10743828134974809,0.110942679981992,0.11366530343253166,0.11899290322532213
2024-01-22,0.0021119865460994935,4.460487170905268e-06,0.12326017693866426,0.10714980440150285,0.09631077457646524,0.11315741898265465,0.12172900290832328
2024-01-23,0.002912263455999765,8.481278437151694e-06,0.10947936799470341,0.08829898384040819,0.09195158547633826,0.10765749907860571,0.12159750880127648
2024-01-24,0.0010924435010461315,1.193432802977929e-06,0.07789234541136242,0.086219771104379,0.09191156000304913,0.10332432036497312,0.13942411913657077
2024-01-25,0.005424276401233183,2.9422774476975214e-05,0.07210248512628825,0.08599997504032392,0.09253217341246595,0.10232245697690921,0.1389964476956059
2024-01-26,0.001271283011846001,1.6161604962082394e-06,0.03894987670627951,0.08685915375893193,0.09294601847724782,0.1009552684781685,0.13999980881822685
2024-01-29,0.007888223351800455,6.222406764789001e-05,0.05692919255445846,0.0905729838212368,0.09591482305612682,0.10125343050610909,0.1381865758758323
2024-01-30,0.0007739102730853789,5.989371107870857e-07,0.06374691668242032,0.08560084332392286,0.09491157410313551,0.10016212328995623,0.1383235945122935
2024-01-31,0.016451700861428036,0.00027065846123391197,0.15041982299883389,0.12537174652489902,0.11209830379889768,0.10166295371119546,0.12094890270235957
2024-02-01,0.013003210860014804,0.00016908349267000692,0.17802012343616538,0.1330192576968645,0.11408961286804073,0.10314132589447822,0.11739737110179262
2024-02-02,0.01047226870199352,0.00010966841176675305,0.1898740195067105,0.12938059769393168,0.11590594644919071,0.1045802937927723,0.11391842296625035
2024-02-05,0.003647745650281179,1.3306048329145262e-05,0.18815831626273108,0.13297137599735034,0.11808397419440336,0.10524647364207572,0.12006039612354329
2024-02-06,0.002899099466806998,8.40477771844062e-06,0.18837324982092823,0.13296848886977622,0.1098782728279519,0.10522299319278153,0.12064452847968261
2024-02-07,0.008305803853538827,6.898637765346043e-05,0.1055518080641212,0.13667617792767395,0.1112302388271877,0.10390697684835346,0.12193027580380286
2024-02-08,0.00044146220751951,1.9488888066799888e-07,0.09130456089358738,0.13606520621778437,0.11080920123420133,0.10030853400664512,0.12490078948510709
2024-02-09,0.0057628877599908345,3.321087533425218e-05,0.07370420892812672,0.1357863471057641,0.11101217350127038,0.10037425010084511,0.12399010399433731
2024-02-12,0.0004389874623027481,1.927099920590067e-07,0.05799718651689115,0.1334463186137979,0.1113344477814407,0.09405255484831919,0.12850294964534403
2024-02-13,0.013868815444122386,0.00019234404182312762,0.13630848977160648,0.1553445221909904,0.12397653834835111,0.09944841816301732,0.11570508844686202
2024-02-14,0.009046563285581432,8.184030728002991e-05,0.1392088743893504,0.12688435075897966,0.12302539377741549,0.10059525080948348,0.11361093819689232
2024-02-15,0.006876042972305404,4.727996695699054e-05,0.14721024311518582,0.11696656769716456,0.12191035634530224,0.10113086303418868,0.11564862305406434
2024-02-16,0.00499229813435476,2.492304066228202e-05,0.14727800266266805,0.11347778348798826,0.11899290322532213,0.10135392120900079,0.1147255231235412
2024-02-20,0.005520632365161594,3.0477381711269692e-05,0.15113192834113914,0.1160047083246291,0.12172900290832328,0.10212115684882947,0.11247840247641798
2024-02-21,0.0009053542675560363,8.196663497819269e-07,0.10570695271941151,0.11544958065719095,0.12159750880127648,0.10202131186810325,0.1152072929982723
2024-02-22,0.020484171112886966,0.0004196012661820328,0.1702481006587226,0.14928519438550472,0.13942411913657077,0.10912628707889716,0.09364415733184966
2024-02-23,0.0006895017414198272,4.7541265142097434e-07,0.16828884843773984,0.14922393530543684,0.1389964476956059,0.10888666381633884,0.09441861972841428
2024-02-26,0.0036692764676822323,1.34635897962866e-05,0.1648985169312869,0.14988785136402755,0.13999980881822685,0.10947335493949541,0.09382159217234212
2024-02-27,0.0018560229826467824,3.4448213121130584e-06,0.14968921044792435,0.14973454964568336,0.1381865758758323,0.10934489373652186,0.09455306920047246
2024-02-28,0.0013225210341043577,1.7490618856484597e-06,0.1534296020431645,0.12575175576798034,0.1383235945122935,0.10945472914199315,0.09719086721552338
2024-02-29,0.003588636340689805,1.2878310785719514e-05,0.04472429367064018,0.12059639916833118,0.12094890270235957,0.10918693731462244,0.09719334425544175
2024-03-01,0.00934435679810976,8.73170039703801e-05,0.07923577740183053,0.12404149338762167,0.11739737110179262,0.1092793910213815,0.09338239636797284
2024-03-04,0.0010729701735958713,1.1512649934263543e-06,0.06911364534123249,0.11920060443376228,0.11391842296625035,0.10936933445516567,0.0968213687579559
2024-03-05,0.010044372004997096,0.00010088940897476938,0.1133489927465729,0.1294739540497066,0.12006039612354329,0.11145515461987804,0.08795801835172871
2024-03-06,0.005054359174396176,2.5546546663802793e-05,0.11728434266731756,0.1300974108500571,0.12064452847968261,0.11101865743352086,0.09908621504591383
2024-03-07,0.009877469141656981,9.75643966443859e-05,0.13230180755102053,0.09525106967642508,0.12193027580380286,0.11212961079134535,0.09974906986635335
2024-03-08,0.006020220745794653,3.624305782809633e-05,0.1280881032357602,0.102399039045028,0.12490078948510709,0.11322675710080432,0.09672849418766002
2024-03-11,0.0008602291344054963,7.399941636800294e-07,0.12803088289505488,0.09993892803065195,0.12399010399433731,0.11320179989526695,0.09652454484568171
2024-03-12,0.010699918958305637,0.00011448826571430839,0.11343889061494518,0.11118862519790405,0.12850294964534403,0.11200375107121775,0.09680369344548496
2024-03-13,0.0015687361746324097,2.460933185600326e-06,0.11828319156030963,0.1113966217486099,0.11570508844686202,0.11214448270159977,0.1002899890920194
2024-03-14,0.001978682035652373,3.9151825982134176e-06,0.09971687802353925,0.11253337544579223,0.11361093819689232,0.11218682874113661,0.11218433893135292
2024-03-15,0.0068903442830180964,4.7476844338520166e-05,0.10318725674449206,0.10968734350066056,0.11564862305406434,0.11317345641348626,0.11834250131445148
2024-03-18,0.005925560342370959,3.511226537107943e-05,0.1110636897057418,0.11381988009561934,0.1147255231235412,0.11314940379521175,0.11590747598158573
2024-03-19,0.005541749321211819,3.071098553915165e-05,0.08675393769803719,0.09971784265917455,0.11247840247641798,0.10887063614386686,0.11457611403249653
2024-03-20,0.00920682302871096,8.476559028200246e-05,0.10473228696212813,0.10532578664976751,0.1152072929982723,0.10880138509194784,0.10737625769316413
2024-03-21,0.003299259756041907,1.0885114937837705e-05,0.09740038856866201,0.09709269826293307,0.09364415733184966,0.10885137275191119,0.107936435957409
2024-03-22,0.001897709839511887,3.6013026349802316e-06,0.06526339473903896,0.0898040965938751,0.09441861972841428,0.10896382299180546,0.115828216269367
2024-03-25,0.0027666952579992903,7.65460265063576e-06,0.0800814926048934,0.09207338033512813,0.09382159217234212,0.10932501025586694,0.1258292975067594
2024-03-26,0.0018485043035028521,3.4169681600685645e-06,0.08060903828425008,0.07938452003005572,0.09455306920047246,0.1095176459884524,0.125855511424315
2024-03-27,0.008368724671297505,7.003555262398352e-05,0.07541585126504205,0.08675638159286572,0.09719086721552338,0.11003410058898692,0.12075595253348921
2024-03-28,0.0001914029143247203,3.663507561199622e-08,0.07282879560427337,0.085084521226817,0.09719334425544175,0.10906240258584514,0.1272345731503928
2024-04-01,0.0017410993646754097,3.0314269976731154e-06,0.07253449884508477,0.0733489287802751,0.09338239636797284,0.1073374121934266,0.1284395909857558
2024-04-02,0.006378500905204788,4.068527379769831e-05,0.08569458553643909,0.08221171666722503,0.0968213687579559,0.10816516539871783,0.13776698951726699
2024-04-03,0.001097881221410589,1.205343176326007e-06,0.08501652976497874,0.07852263807656117,0.08795801835172871,0.10817116260510398,0.13748053192761317
2024-04-04,0.012281066985207426,0.0001508246062951518,0.08686801541444769,0.08707951889643024,0.09908621504591383,0.10882132884154413,0.13715493936780287
2024-04-05,0.01039275055475068,0.00010800926409327057,0.13467117203958728,0.10359068472463301,0.09974906986635335,0.11020906135519318,0.13939027338555138
2024-04-08,0.0005590471532531795,3.125337195604839e-07,0.13570125409884212,0.10354578077276926,0.09672849418766002,0.10989510339617191,0.1447120916809136
2024-04-09,0.001156164467467064,1.3367162758333999e-06,0.12835730419614516,0.10299000465173212,0.09652454484568171,0.10982556809165867,0.14470554794849286
2024-04-10,0.010063545928770254,0.00010127495666046835,0.14652787182880014,0.114534542522029,0.09680369344548496,0.11234298402835614,0.1399457878289806
2024-04-11,0.00751841043328175,5.652649544327988e-05,0.1252906118921822,0.11267049997572405,0.1002899890920194,0.11256197837482938,0.13886986197162896
2024-04-12,0.013899193288535314,0.00019318757407206513,0.1395803730988517,0.12967023802506533,0.11218433893135292,0.11603563140366796,0.1284810906258148
2024-04-15,0.012607239535032184,0.00015894248869367854,0.14968354537493153,0.13932273472959855,0.11834250131445148,0.1184265080098046,0.11817190997292652
2024-04-16,0.0018254139462742867,3.3321360752526644e-06,0.14255848197658066,0.1385159998943687,0.11590747598158573,0.1161497611878245,0.11789176007689221
2024-04-17,0.005935822329561808,3.523398672812457e-05,0.13841763301697663,0.13719030665838544,0.11457611403249653,0.11691962441759188,0.11953026922276823
2024-04-18,0.0020599092446938207,4.243226096375067e-06,0.09084630859731387,0.12861336311372898,0.10737625769316413,0.11694930359519813,0.11953020039993201
2024-04-19,0.008766625379368889,7.685372054219471e-05,0.07273739646492873,0.1084875844175068,0.107936435957409,0.11848858749204752,0.11161734784645504
2024-04-22,0.009167061334332522,8.403501350741436e-05,0.1082346161814796,0.12696487032670492,0.115828216269367,0.11941329447786424,0.10968451467677015
2024-04-23,0.011796690282838983,0.0001391619016292277,0.14549172766865864,0.1479382251401728,0.1258292975067594,0.12159378810373322,0.10458168902816944
2024-04-24,0.00047484369744782255,2.2547653700591924e-07,0.13419524561842475,0.14223671789109701,0.125855511424315,0.12067601635652439,0.10582627183120087
2024-04-25,0.003806019421510205,1.4485783836912877e-05,0.13798692857318423,0.13270820880484405,0.12075595253348921,0.12097499168481429,0.10923492821297341
2024-04-26,0.009429289692970494,8.891150411395959e-05,0.10953712661811608,0.12992139216908366,0.1272345731503928,0.11707337043502423,0.10718509574314292
2024-04-29,0.0035352349373046796,1.249788606193962e-05,0.10391244480889998,0.11184352400638319,0.1284395909857558,0.1144736582917274,0.10713364288216715
2024-04-30,0.01596802854839947,0.0002549779357225005,0.15070046348868696,0.140964275479573,0.13776698951726699,0.11766037458786023,0.09081420093669369
2024-05-01,0.003252371909219045,1.0577923035877136e-05,0.1508501547596074,0.1385883236803149,0.13748053192761317,0.11760639218391267,0.0943330660987389
2024-05-02,0.009309809443821739,8.667255188027242e-05,0.16870586065276105,0.14552740259597557,0.13715493936780287,0.1189346973146866,0.09409325628074605
2024-05-03,0.012319104696047115,0.00015176034051217008,0.17914665356623802,0.14399772924979035,0.13939027338555138,0.12034718746846491,0.08615220165700054
2024-05-06,0.010273959236030143,0.00010555423838360908,0.19072115728780378,0.14538139814926399,0.1447120916809136,0.12200673241084507,0.07980687282326467
2024-05-07,0.0011028238825425238,1.2162205159061663e-06,0.10611286269350395,0.13761920160875846,0.14470554794849286,0.12154572738741874,0.08835682812660986
2024-05-08,9.659186667725527e-05,9.329988708196656e-09,0.08911679667499152,0.1373323585085674,0.1399457878289806,0.12153162672960642,0.08838494833047161
2024-05-09,0.005745451940871974,3.3010218004869525e-05,0.08587377591342935,0.13375733642271165,0.13886986197162896,0.11817113118569544,0.0875688812242794
2024-05-10,0.0012872147581107771,1.6569218334981865e-06,0.06779372697130888,0.12941530650500133,0.1284810906258148,0.116952666623906,0.0877941174156513
2024-05-13,0.00013431344156257895,1.8040100584384313e-08,0.037153991812746624,0.1297387779374692,0.11817190997292652,0.1162658498505503,0.08772899585791169
2024-05-14,0.004577700639487182,2.0955343144761353e-05,0.04170398597377264,0.08170533603361252,0.11789176007689221,0.11592972076291062,0.09029024078605438
2024-05-15,0.012306924767577302,0.00015146039723480765,0.07588486930476561,0.0794883095256453,0.11953026922276823,0.11750680448698418,0.08117980057885009
2024-05-16,0.0020597826011809406,4.242704364127722e-06,0.08893426239637067,0.08536614367783285,0.11953020039993201,0.11768738662423864,0.08031461903627246
2024-05-17,0.0014367195450594149,2.064163051155732e-06,0.0887325704325659,0.07452817845263365,0.11161734784645504,0.11052604646757767,0.0836790125279378
2024-05-20,0.0011512646623154273,1.3254103226962547e-06,0.08673305413465149,0.06469971890167696,0.10968451467677015,0.11052888599071073,0.08371638878356613
2024-05-21,0.002449649375212975,6.00078206148132e-06,0.08635520097237337,0.06419119627023002,0.10458168902816944,0.1101912077054309,0.0851096336868765
2024-05-22,0.0028834455866350367,8.314258451085071e-06,0.037182909431798354,0.06914381473082253,0.10582627183120087,0.11043734224252448,0.08423978443822742
2024-05-23,0.007331079448999309,5.374472588754001e-05,0.06452616385070974,0.08155258085107031,0.10923492821297341,0.11160811110632571,0.07967431018208378
2024-05-24,0.006594598992968755,4.348873587806452e-05,0.08432705342595312,0.0861059987739984,0.10718509574314292,0.11211068114532058,0.07802860694289801
2024-05-28,0.0006987193676004976,4.882087546600392e-07,0.08399708911534014,0.08587638721792694,0.10713364288216715,0.11066675220002727,0.07796941877305133
2024-05-29,0.007027086284497309,4.937994164977019e-05,0.09243482209498945,0.09431077689414503,0.09081420093669369,0.11171754573380742,0.07098027499450435
2024-05-30,0.006656163140974828,4.4304507759271886e-05,0.098419674473959,0.07385106662216627,0.0943330660987389,0.11056215111808558,0.06711386176929791
2024-05-31,0.009067087624038893,8.221207798199927e-05,0.11731036795716437,0.0902194127758771,0.09409325628074605,0.11156154448078386,0.0620005860738329
2024-06-03,0.0008150657972758407,6.643322538889019e-07,0.10503722947200805,0.08994755627733957,0.08615220165700054,0.10988221499085477,0.06420185355007992
2024-06-04,0.0011172358120410402,1.2482158597070023e-06,0.10540973687047368,0.08993221545315296,0.07980687282326467,0.10905287709025244,0.06459386589525543
2024-06-05,0.01181497596193171,0.00013959365698102414,0.11660074357802079,0.10838960375466591,0.08835682812660986,0.11140338602303455,0.055719704762380154
2024-06-06,1.870945675388144e-05,3.500437720253599e-10,0.08687223772677274,0.106737600519792,0.08838494833047161,0.10948303087628428,0.055311901541842075
2024-06-07,0.0012163978366757158,1.4796236970693615e-06,0.08387814830373073,0.09754007589052902,0.0875688812242794,0.10945534248877174,0.05412903649763155
2024-06-10,0.0030850293585066657,9.517406142848049e-06,0.08253864708794958,0.09395161601700067,0.0877941174156513,0.10943291420225455,0.06059273894682817
2024-06-11,0.0024054409931384382,5.786146371470836e-06,0.0812264705097758,0.09410346094371379,0.08772899585791169,0.1083284498687837,0.0724031354972797
2024-06-12,0.008179535883078883,6.690480726257503e-05,0.05765473479642112,0.08694094716055797,0.09029024078605438,0.10887539441979957,0.07053057333831543
2024-06-13,0.0020112776970075924,4.045237974480165e-06,0.053766700070673926,0.06952177781296479,0.08117980057885009,0.10847236344218487,0.07060071317973497
2024-06-14,0.0006084813451321087,3.7024954737378036e-07,0.04597620117899146,0.06408070345281913,0.08031461903627246,0.10706262533911336,0.07182402689823503
2024-06-17,0.007927259566675724,6.28414442374518e-05,0.05648048549471868,0.06751689232331101,0.0836790125279378,0.10795903585495457,0.08892392632864556
2024-06-18,0.002537597073665159,6.439398908273978e-06,0.056219244951171775,0.06642720277290792,0.08371638878356613,0.10787242838501242,0.09395664468462192
2024-06-20,0.002720455888883919,7.400880243363193e-06,0.06128364466744367,0.05620109805200167,0.0851096336868765,0.10786584773072459,0.09677091403711867
2024-06-21,0.0013414913654254286,1.799599083510981e-06,0.06594117133813747,0.058076922365334356,0.08423978443822742,0.1078166443087171,0.10267188375802423
2024-06-24,0.0032560366931743906,1.060177494729802e-05,0.07407739034189019,0.06214501061659456,0.07967431018208378,0.10698741152084977,0.1019335454809734
2024-06-25,0.0038436824873709146,1.477389506372186e-05,0.050723999341058854,0.06264979449884452,0.07802860694289801,0.10716876922014915,0.13192287002064199
2024-06-26,0.001247373413376304,1.555940432398052e-06,0.047051414730142564,0.0627197410195236,0.07796941877305133,0.10704903023675427,0.13289201509552898
2024-06-27,0.0015751677692727774,2.4811535013557774e-06,0.04373164931109524,0.05207547953150279,0.07098027499450435,0.10601239778618952,0.13920524200619702
2024-06-28,0.003942982169885508,1.5547108392035028e-05,0.053187359270548414,0.05787225830723033,0.06711386176929791,0.10647766156095718,0.13850677672876807
2024-07-01,0.002056002609921091,4.227146732002338e-06,0.0462933211590403,0.05829929884615507,0.0620005860738329,0.10293151734678595,0.13944845220271776
2024-07-02,0.006707196031388748,4.498647860347697e-05,0.05998562462137611,0.054303363654644,0.06420185355007992,0.1017764459279278,0.1493828621458579
2024-07-03,0.004452816667774792,1.9827576276813004e-05,0.06326582464237493,0.056934433549553055,0.06459386589525543,0.10201549296222774,0.15684079993685077
2024-07-05,0.005749794868711777,3.306014103226428e-05,0.06758858529535713,0.05788062103028493,0.055719704762380154,0.10246472564459286,0.16716201734535185
2024-07-08,0.0011531627259042687,1.3297842724149634e-06,0.037630045242467686,0.055505104077257256,0.055311901541842075,0.09976451045247857,0.19302240468993798
2024-07-09,0.0009720073332111152,9.447982558161839e-07,0.04176134981884538,0.047923111254470165,0.05412903649763155,0.09893073329118443,0.19770387928976857
2024-07-10,0.009846668354302415,9.695687767962063e-05,0.05820661198048947,0.06079713571339099,0.06059273894682817,0.09532576620413838,0.19194722536810954
2024-07-11,0.008660003236682213,7.499565605934641e-05,0.10965615193617742,0.08445155031392396,0.0724031354972797,0.0931267036211828,0.2131237211280175
2024-07-12,0.0062877354356749805,3.953561690904284e-05,0.11093214171386304,0.08707455494728779,0.07053057333831543,0.09330285056692549,0.21220927650756552
2024-07-15,0.0027463458611404206,7.5424155890031185e-06,0.1108149289748829,0.07943672908035307,0.07060071317973497,0.0919044659671576,0.2116306943607617
2024-07-16,0.00591245751484347,3.4957153864829024e-05,0.1127904915173096,0.08032919255204553,0.07182402689823503,0.09186377276483698,0.22021215898185387
2024-07-17,0.014120290973489042,0.0001993826171759961,0.14724406486094962,0.1168891713659471,0.08892392632864556,0.09516517530809528,0.2161650973471967
2024-07-18,0.007714381660446922,5.951168440303981e-05,0.14450167216044177,0.12384200186700725,0.09395664468462192,0.09602974261008405,0.2239406702937199
2024-07-19,0.006662751077510184,4.4392251920863115e-05,0.12971327206658356,0.12399121413145137,0.09677091403711867,0.09521438758241695,0.22263387534660675
2024-07-22,0.010257139566992516,0.0001052089120967634,0.16131530035154792,0.1362805050528787,0.10267188375802423,0.0968267105869919,0.22221735337231413
2024-07-23,0.0015699778365581333,2.4648304072837564e-06,0.14472620012740475,0.13631099124574345,0.1019335454809734,0.09640067674482321,0.222224330160577
2024-07-24,0.02292310919447822,0.0005254689351419719,0.19004791859202855,0.16400439307863948,0.13192287002064199,0.10740834595317929,0.20445202474466212
2024-07-25,0.005224013565418577,2.7290317731677314e-05,0.1892242053047873,0.1619565618603688,0.13289201509552898,0.10805863871358232,0.20586760672119442
2024-07-26,0.011137459437553917,0.0001240430027231588,0.22033896856374816,0.17154242269055398,0.13920524200619702,0.10413426684545037,0.20552906747259952
2024-07-29,0.0005876069125860719,3.452818837189355e-07,0.19681664473131222,0.16991702842234657,0.13850677672876807,0.1036968567453423,0.20599377120236403
2024-07-30,0.005079341629614852,2.5799711390338457e-05,0.19611366397195457,0.162513944467245,0.13944845220271776,0.10324295616318055,0.2045494142767984
2024-07-31,0.016123780976416084,0.0002599763129754372,0.15388568281760825,0.18039694709979046,0.1493828621458579,0.10526288277427202,0.19888313680832742
2024-08-01,0.014262023608544021,0.000203405317410667,0.19427540527160062,0.18985843869312602,0.15684079993685077,0.1082898617419347,0.19095322066750003
2024-08-02,0.018794007802899755,0.0003532147292954569,0.2175073959082285,0.2075680517408104,0.16716201734535185,0.11555297950687682,0.17719825194624922
2024-08-05,0.029556036517058074,0.0008735592945976704,0.27312819707268315,0.23136111557457925,0.19302240468993798,0.1310012507017187,0.15762060450651344
2024-08-06,0.009177105145005585,8.421925884248799e-05,0.30699324666818056,0.24429499749451472,0.19770387928976857,0.1318235925371839,0.15705379379114923
2024-08-07,0.006706254654646626,4.4973851492969536e-05,0.22949224913491567,0.2254569801831558,0.19194722536810954,0.13253646630672716,0.154375484044703
2024-08-08,0.02285409726696231,0.0005223097618877741,0.3341429193498991,0.26302389903947315,0.2131237211280175,0.14058137631143075,0.15078160880278246
2024-08-09,0.0044000587291470284,1.9360516819942962e-05,0.31192670505850406,0.25607737336113806,0.21220927650756552,0.14055909545057002,0.1546946492279488
2024-08-12,0.0005252031893121629,2.758383900636676e-07,0.17536197989271143,0.2560590518419699,0.2116306943607617,0.13833806362640927,0.1550535909372544
2024-08-13,0.016311777161781584,0.00026607407417561925,0.19007497077938293,0.2712311109666093,0.22021215898185387,0.14214825032405845,0.14866695637875865
2024-08-14,0.0031499852740303072,9.922407226607789e-06,0.1530054466281984,0.2570969981972939,0.2161650973471967,0.14224138511929696,0.15075919971330262
2024-08-15,0.01699500664124893,0.0002888302507360952,0.12346668027279775,0.2607933738039479,0.2239406702937199,0.14620310016232607,0.1400008126445251
2024-08-16,0.0022393569881340933,5.014719720304998e-06,0.12858712868202246,0.2342277767145628,0.22263387534660675,0.14619336651609524,0.13992302830817965
2024-08-19,0.0095158389381467,9.055119069674891e-05,0.1109836812576365,0.14158112997368247,0.22221735337231413,0.14707982152219426,0.13604827252000715
2024-08-20,0.0016272146940490048,2.647827660528996e-06,0.1160240335893563,0.14893506432744,0.222224330160577,0.14616733789994457,0.1363847518253669
2024-08-21,0.0034307723183132836,1.1770198700104702e-05,0.11559752295772155,0.1308566690189589,0.20445202474466212,0.14579902019072494,0.14844209786946866
2024-08-22,0.007879650563458135,6.20888930022061e-05,0.10214798295039486,0.12239977430840591,0.20586760672119442,0.14693211495739117,0.14517867252203243
2024-08-23,0.010569257539537724,0.00011170920493707502,0.12283958390928644,0.12583742537480685,0.20552906747259952,0.14732035619696743,0.1410550974189101
2024-08-26,0.0023866259113007634,5.695983240492199e-06,0.11027488476037607,0.12973460573003556,0.20599377120236403,0.1466112599521228,0.14070204877202283
2024-08-27,0.0013722678056375614,1.883118930389328e-06,0.10881077991201427,0.11409864671911026,0.2045494142767984,0.1456994255368946,0.14117707079688496
2024-08-28,0.005822277223462519,3.389891206685042e-05,0.11552360031925266,0.12345867741642023,0.19888313680832742,0.14638832385301948,0.1392532832455073
2024-08-29,8.940659642471961e-05,7.993539484252686e-09,0.09729973693734005,0.09409965448827694,0.19095322066750003,0.14639966265157134,0.13955145782504166
2024-08-30,0.009500823223605135,9.026564192619466e-05,0.09058044584951822,0.10347837393414742,0.17719825194624922,0.14574300276959107,0.13660633330500455
2024-09-03,0.02079369435930284,0.0004323777251081027,0.17914773221481542,0.1433590579652367,0.15762060450651344,0.15239052150312413,0.11654703013857631
2024-09-04,0.0020489746168683718,4.198296980570891e-06,0.17533600697976764,0.14339713619574473,0.15705379379114923,0.1524421725521488,0.11584066807853587
2024-09-05,0.0024350014695619267,5.929232156768743e-06,0.17454014740210572,0.1408687431824178,0.154375484044703,0.15247359035713642,0.1155700749166026
2024-09-06,0.01697327910456821,0.0002880922035615718,0.19544816071165078,0.1578939366644506,0.15078160880278246,0.15654732043106037,0.09455842536056096
2024-09-09,0.011133871189323036,0.00012396308766043758,0.20405166021460083,0.15926134890954932,0.1546946492279488,0.15730903084427647,0.09886233748092879
2024-09-10,0.004346326499609654,1.889055404120911e-05,0.1653405118560123,0.16332827603274064,0.1550535909372544,0.1574960081350833,0.10199401216827592
2024-09-11,0.010206455743235976,0.00010417173883863464,0.18327379260524593,0.17433238615808908,0.14866695637875865,0.1588128149772793,0.09924572901208994
2024-09-12,0.008387896918027857,7.035681470746123e-05,0.18563397668384207,0.17850908971509094,0.15075919971330262,0.15890875331564075,0.09731589800078162
2024-09-13,0.005209370304350313,2.7137538967846872e-05,0.04754040742855382,0.18030858559501114,0.1400008126445251,0.15915532608048155,0.09772128906696202
2024-09-16,0.0014757016664165748,2.1776954082646556e-06,0.054529174798994634,0.1736606734086038,0.13992302830817965,0.1590295051623591,0.10035726952386072
2024-09-17,0.0004084856585899843,1.668605332736932e-07,0.0673670898172636,0.1302862350002586,0.13604827252000715,0.158982001858572,0.10617300747634763
2024-09-18,0.002970137229515202,8.821715162152238e-06,0.06980904520273681,0.13116120413336482,0.1363847518253669,0.15895377888015447,0.10515060576022062
2024-09-19,0.016920528075937056,0.0002863042703685742,0.12194436107438737,0.14821655647638995,0.14844209786946866,0.16232976524895426,0.08919652021809442
2024-09-20,0.0017302409759477465,2.9937338348486105e-06,0.12815109057291313,0.10039270517873378,0.14517867252203243,0.16240793283003738,0.0890109479935183
2024-09-23,0.002495817124092393,6.229103116912824e-06,0.12768026383300804,0.095685812066523,0.1410550974189101,0.16243931154929278,0.0895568896483956
2024-09-24,0.002857246549837139,8.163857846556234e-06,0.12568688932755043,0.09603324250826886,0.14070204877202283,0.1621983548283826,0.08953820727043797
2024-09-25,0.0022079972930059673,4.8752520459216796e-06,0.12330344003637511,0.09496369673479658,0.14117707079688496,0.1622994753911244,0.09607415395543178
2024-09-26,0.003956800645357593,1.5656271347102262e-05,0.045003141324836356,0.09053698219266644,0.1392532832455073,0.1619686746181358,0.0954743394417848
2024-09-27,0.0014514159608966847,2.1066082915456463e-06,0.043939402722070434,0.09141753473428978,0.13955145782504166,0.16184306907838195,0.09523915446536287
2024-09-30,0.003999330024164235,1.5994640642181495e-05,0.047993017988424834,0.09190770804237434,0.13660633330500455,0.1616468896702092,0.0948688494662746
2024-10-01,0.008998909929383531,8.098037991715751e-05,0.08518823187192658,0.10786874617516778,0.11654703013857631,0.16283732956767444,0.08782679590147077
2024-10-02,0.000421992765749162,1.780778943446271e-07,0.08476792984279156,0.10543684954003332,0.11584066807853587,0.16283365247427276,0.08904890031618448
2024-10-03,0.0018297404639734162,3.3479501655016522e-06,0.0754062880017846,0.06258917153132505,0.1155700749166026,0.16170625768454544,0.11546582655150064
2024-10-04,0.009046337139021374,8.183621563283741e-05,0.10676842496324712,0.07713566978672917,0.09455842536056096,0.16161394907906868,0.11169587294368725
2024-10-07,0.009081679333255575,8.247689951208143e-05,0.1195900682212369,0.09081288999280732,0.09886233748092879,0.16234624388201332,0.10697234346545402
2024-10-08,0.00941320719075716,8.86084696161223e-05,0.12391857289721327,0.10246852829576984,0.10199401216827592,0.16335034048094751,0.11030508315365412
2024-10-09,0.006902583620627523,4.764566063975536e-05,0.1285125983997647,0.10629316127176841,0.09924572901208994,0.16350576429548905,0.1385131221616688
2024-10-10,0.0017517020755317186,3.068460161422131e-06,0.12833310193371467,0.1060671726691845,0.09731589800078162,0.16075286622936338,0.1399082980688702
2024-10-11,0.005970409622942928,3.564579106572951e-05,0.12069112519539502,0.1084337968383033,0.09772128906696202,0.1601694359036873,0.1393565294452626
2024-10-14,0.008145081837390078,6.634235813778173e-05,0.06956181252108776,0.11310323253844715,0.10035726952386072,0.16008018729196016,0.13718439440969182
2024-10-15,0.0077999686368360405,6.083951073562588e-05,0.10861171198090615,0.11000874315749583,0.10617300747634763,0.15994110913299386,0.13406946031949193
2024-10-16,0.004336865180397527,1.8808399592944478e-05,0.10314157694522699,0.11024766089006129,0.10515060576022062,0.16002700015690036,0.13366786788519555
2024-10-17,8.599310950827673e-05,7.394814882902474e-09,0.09995296883662567,0.10862881204191657,0.08919652021809442,0.15215803624303878,0.13641667402140764
2024-10-18,0.0038389941767439863,1.4737876289074236e-05,0.09587978296895253,0.1028705841456011,0.0890109479935183,0.1516382806283701,0.14438795922508715
2024-10-21,0.0016435549492392861,2.7012728711689524e-06,0.07809837804677638,0.08577976113176672,0.0895568896483956,0.15039807356312698,0.1449032837288381
2024-10-22,0.000531233343237344,2.8220886496712575e-07,0.042836678092470465,0.0783547203861003,0.08953820727043797,0.15043530897143467,0.14531156848763777
2024-10-23,0.009179212885906682,8.425794920479528e-05,0.07569521194545499,0.08956165427594606,0.09607415395543178,0.15139676203759264,0.14067412613960473
2024-10-24,0.0021602841090140345,4.6668274316585605e-06,0.07973346826927755,0.08939213567140086,0.0954743394417848,0.1481570956533756,0.14145675570430025
2024-10-25,0.00034532770832045045,1.1925122613385411e-07,0.06819982827182675,0.08411261984162242,0.09523915446536287,0.14478494771320047,0.1414756102267822
2024-10-28,0.003086657296508533,9.527453266089366e-06,0.07704809604112921,0.07338982807673791,0.0948688494662746,0.13874787707115888,0.14152689579141436
2024-10-29,0.001616977490027728,2.614616203256371e-06,0.07928133382666377,0.061833466431314155,0.08782679590147077,0.1227436397022421,0.1421666419467771
2024-10-30,0.0030298165972406864,9.179788612915131e-06,0.03861914691006686,0.05952460437377898,0.08904890031618448,0.12224591628795595,0.14216877826932195
2024-10-31,0.019797856315194446,0.0003919551146770846,0.14746484982759184,0.11389443301522062,0.11546582655150064,0.12890101066932044,0.11820883613846807
2024-11-01,0.004211678376356711,1.7738234745870703e-05,0.15721062551538548,0.11447831511194605,0.11169587294368725,0.12119373480604198,0.11816384912293948
2024-11-04,0.0021563387077012815,4.649796622330833e-06,0.14907507257487837,0.11441924771385305,0.10697234346545402,0.12121618195721191,0.11707454375876752
2024-11-05,0.012019404124795185,0.00014446607551514353,0.18659575065386325,0.1355439021564548,0.11030508315365412,0.12322943434428932,0.11280708288429382
2024-11-06,0.02456146545379164,0.0006032655852378002,0.2621815786993116,0.17853099191342783,0.1385131221616688,0.12855076903209775,0.078246075595009
2024-11-07,0.0077022165982762085,5.932414052676153e-05,0.15874386637859633,0.1806233788001339,0.1399082980688702,0.129138505929489,0.07457728610998433
2024-11-08,0.004322491488504489,1.868393266819375e-05,0.15852330979739018,0.17987528135355474,0.1393565294452626,0.12522523681227413,0.07656976096602221
2024-11-11,0.0009523723239223555,9.07013043373268e-07,0.1453728514216921,0.1802494679003898,0.13718439440969182,0.12521432876393418,0.07763214783189619
2024-11-12,0.0031111784923821034,9.679431611460978e-06,0.16927231560393988,0.18283894603827489,0.13406946031949193,0.12436252519555477,0.08069075046462545
2024-11-13,0.00048565151541094567,2.35857394420948e-07,0.06516260387210183,0.180664338824759,0.13366786788519555,0.12423804225733805,0.08349903060228321
2024-11-14,0.006450883465471252,4.161389748509039e-05,0.06556276529653457,0.1419489695429588,0.13641667402140764,0.12511453434872286,0.07934859482882252
2024-11-15,0.012891555136488885,0.00016619219383713296,0.09060206271474225,0.16601585748333786,0.14438795922508715,0.1270400588266189,0.06103309161451734
2024-11-18,0.00408911679748285,1.6720876183456398e-05,0.10364473655221629,0.1640137458530109,0.1449032837288381,0.12562254964381794,0.0637902966485693
2024-11-19,0.0036489233122981206,1.3314641339032688e-05,0.11593612914214188,0.15657916510152828,0.14531156848763777,0.12557650461998907,0.12841152318184745
2024-11-20,0.00033874168050923445,1.1474592611422027e-07,0.11572433216805324,0.09564355076250994,0.14067412613960473,0.12557796932156692,0.12838659715286127
2024-11-21,0.005353773539560315,2.866289111289618e-05,0.1190448502955348,0.09089394738335685,0.14145675570430025,0.12511490788049467,0.1342765393587277
2024-11-22,0.003094903845257959,9.578429811392502e-06,0.029457184582782937,0.08933144869241938,0.1414756102267822,0.12516540691498684,0.13555014269553264
2024-11-25,0.0033862035942784905,1.1466374781904568e-05,0.028691269023474034,0.09121612816841042,0.14152689579141436,0.12403995087388536,0.14065259223284957
2024-11-26,0.005207896253582305,2.712218338807661e-05,0.03226196924695079,0.09333164565541807,0.1421666419467771,0.11567036737279514,0.13954123014303477
2024-11-27,0.003034763474673077,9.209789347209809e-06,0.05429614211720446,0.09513585648642044,0.14216877826932195,0.11581551607785022,0.14436829226175832
2024-11-29,0.00619295331613714,3.8352670775854e-05,0.057038775116811706,0.09120151545490104,0.11820883613846807,0.11593227790368071,0.14765626404358514
2024-12-02,0.0017907573893533068,3.2068120275234707e-06,0.057606643241783086,0.04342190023572225,0.11816384912293948,0.10929123587451665,0.14753686503732338
2024-12-03,0.00046377791930255873,2.1508995843261068e-07,0.05915625595747422,0.04468720750643788,0.11707454375876752,0.10761402414837792,0.1474363799142594
2024-12-04,0.006190300704418938,3.8319822811129605e-05,0.06268830047789242,0.04798620571826466,0.11280708288429382,0.10787237998575444,0.15327021860431655
2024-12-05,0.0016470582568723243,2.712800901531299e-06,0.055592164880386784,0.05183340616712778,0.078246075595009,0.10663130074126514,0.15518056401590663
2024-12-06,0.0018939445138458088,3.5870258215266373e-06,0.045549288599497646,0.04974095323942413,0.07457728610998433,0.10567937738231063,0.15924602478460556
2024-12-09,0.0051629313144236,2.6655859757455802e-05,0.06682698682581245,0.062047756092227194,0.07656976096602221,0.1062371015978739,0.15892474117858316
2024-12-10,0.0031140652920432004,9.697402643108103e-06,0.0711241430022801,0.06510251434236469,0.07763214783189619,0.10661501500969735,0.16675930760135857
2024-12-11,0.00770103838263702,5.93059921708486e-05,0.08013774197107378,0.07070704174603996,0.08069075046462545,0.10742986430045216,0.1635497964695855
2024-12-12,0.005165913499901922,2.6686662288468928e-05,0.08801825343012094,0.0749044022835475,0.08349903060228321,0.10789725110507534,0.1635318609605014
2024-12-13,0.0001986415474580235,3.94584643765182e-08,0.08523865585266903,0.06892575954581466,0.07934859482882252,0.10288501231529451,0.1779123170946088
2024-12-16,0.004260893044531318,1.8155209536935364e-05,0.08379651624169149,0.07151345502712517,0.06103309161451734,0.10294010409582706,0.17693682905317626
2024-12-17,0.004128666588333671,1.7045887797622798e-05,0.08695344267499565,0.07523738418033844,0.0637902966485693,0.10344869337728074,0.18078324492717365
2024-12-18,0.030256520766793266,0.0009154570489113921,0.2137896924986135,0.16318525664325695,0.12841152318184745,0.12156041247087314,0.14498841221700057
2024-12-19,0.00030704645349531975,9.427752460405355e-08,0.21926837732351218,0.16376770625415052,0.12838659715286127,0.12144649483669234,0.14548707747256537
2024-12-20,0.011939436007075267,0.0001425501321670454,0.25410526204829265,0.17991059316604294,0.1342765393587277,0.12351164079536614,0.14129289834119074
2024-12-23,0.0059703602676112535,3.564520172507112e-05,0.2577423866794251,0.18383616812416737,0.13555014269553264,0.12392199421972734,0.1411284987283524
2024-12-24,0.011053644083991754,0.00012218304753556592,0.27671521548362255,0.19349017878372138,0.14065259223284957,0.1255519519661793,0.1459628799136632
2024-12-26,6.652144536470361e-05,4.425102693409247e-09,0.09238496837097068,0.1888172127035186,0.13954123014303477,0.1238819280144444,0.14921246158261586
2024-12-27,0.010582205728876493,0.00011198307808826647,0.14727872371100328,0.19430100074598447,0.14436829226175832,0.1261291800838111,0.14484359713135853
2024-12-30,0.011477325916348764,0.000131729010190091,0.15807027932382764,0.2007848719555815,0.14765626404358514,0.1285170492254084,0.1384594863017808
2024-12-31,0.003644579131282699,1.3282957044181352e-05,0.14563168009908722,0.19739433106821272,0.14753686503732338,0.12760175934778983,0.13940537039708856
2025-01-02,0.0024601731291784743,6.052451825531806e-06,0.08139268692770085,0.1973372359153389,0.1474363799142594,0.126206919520637,0.14176370128763163
2025-01-03,0.012425951027439135,0.00015440425893631572,0.15224487544349355,0.14010684941985416,0.15327021860431655,0.12725796181376858,0.13707362869355236
2025-01-06,0.005744137498316307,3.299511559956352e-05,0.1460098026461888,0.14145183583330084,0.15518056401590663,0.1270346000747558,0.13639610506338778
2025-01-07,0.011368391350712789,0.00012924032190296135,0.14546584275541047,0.14352510194968404,0.15924602478460556,0.12929526398873992,0.12889026939062634
2025-01-08,0.001459872842085627,2.131228715059166e-06,0.14156201664279155,0.13962876574122174,0.15892474117858316,0.1287967852164185,0.13434706315264427
2025-01-10,0.015385229890816907,0.00023670529879328602,0.18535262563751786,0.1394462335027229,0.16675930760135857,0.13170005050109895,0.12097459575995514
2025-01-13,0.001549346330506105,2.4004740518527328e-06,0.14606931111918833,0.1407077012186301,0.1635497964695855,0.1307415695079059,0.12105078002540623
2025-01-14,0.0013748771556175742,1.8902871930390715e-06,0.13097394529546166,0.13628962933488897,0.1635318609605014,0.13047244689662357,0.12246765334362722
2025-01-15,0.01802652220363357,0.00032495550275809414,0.18752954217186368,0.15857693619008018,0.1779123170946088,0.1355727161610371,0.11166971189135647
2025-01-16,0.0019249213652175218,3.705322262270888e-06,0.18900101657932505,0.1574668980348909,0.17693682905317626,0.13545404752291976,0.11112398010902654
2025-01-17,0.009989991745035336,9.979993506587415e-05,0.12905496622892648,0.1622603792047152,0.18078324492717365,0.13684834938132012,0.10671136750462673
2025-01-21,0.009111635238296771,8.302189671577145e-05,0.12443563657017194,0.15717916367609708,0.14498841221700057,0.13797538186504207,0.10264287689236018
2025-01-22,0.005605931334552939,3.1426466127722494e-05,0.11497561745611119,0.1570849840995749,0.14548707747256537,0.1368170223350551,0.10245289167055785
2025-01-23,0.005443078906516337,2.9627107982563086e-05,0.07456057150461744,0.13913729018087528,0.14129289834119074,0.1371156910989487,0.11791759741461871
2025-01-24,0.002923547955896641,8.547132650427426e-06,0.08100653438905449,0.1426546352167726,0.1411284987283524,0.13731828845791874,0.11844873104356679
2025-01-27,0.014246265141828212,0.0002029560704912696,0.14929416757846042,0.13858157865367554,0.1459628799136632,0.14067586421053782,0.10876756734274756
2025-01-28,0.008555640495708075,7.319898429179992e-05,0.1473360604357177,0.14069106801296669,0.14921246158261586,0.1416099968725334,0.10357674016597802
2025-01-29,0.0044929980271374926,2.01870312718614e-05,0.14259882880648744,0.14660097272113806,0.14484359713135853,0.14180600730717122,0.11640061293499633
2025-01-30,0.005352624627830857,2.865059040646142e-05,0.14232122954637416,0.12287384756924362,0.1384594863017808,0.13552868945050173,0.1290772737956246
2025-01-31,0.005336059390659845,2.847352982064912e-05,0.14479613557936527,0.12708249184658688,0.13940537039708856,0.13600109895376503,0.14152568126125445
2025-02-03,0.006752291637566292,4.559344235874768e-05,0.11074517445160141,0.12428523790002736,0.14176370128763163,0.13677069869172873,0.14518794255466783
2025-02-04,0.006685926146732894,4.470160843956656e-05,0.10148479856784133,0.11984028201302446,0.13707362869355236,0.13534035885080956,0.1489326297122595
2025-02-05,0.004046405265045614,1.6373395568988868e-05,0.10058664804571503,0.11796180622272827,0.13639610506338778,0.12615259665566286,0.15804556567934572
2025-02-06,0.003469485562323637,1.2037330067172164e-05,0.09600008016369842,0.11563318829184069,0.12889026939062634,0.12540553022678277,0.15931314170907812
2025-02-07,0.009195631719871061,8.455964272749881e-05,0.1129925016303247,0.1232521796574175,0.13434706315264427,0.12663203733061518,0.18028040246658983
2025-02-10,0.0067682358555795335,4.580901659675242e-05,0.10522583560638069,0.10467297576637734,0.12097459575995514,0.1273526760442145,0.17685585531921516
2025-02-11,0.0007602428865703221,5.779692465807756e-07,0.09802293538336945,0.0956566999393049,0.12105078002540623,0.1271665574281338,0.17926321994976085
2025-02-12,0.0032265904305730647,1.0410885806665676e-05,0.09817492535685585,0.09414202033769699,0.12246765334362722,0.12736947124583697,0.18231239830884008
2025-02-13,0.010502022043183255,0.000110292466995507,0.12432877254276906,0.10488216770905033,0.11166971189135647,0.12830800041581422,0.19606333243836274
2025-02-14,4.915336877765427e-05,2.4160536621920778e-09,0.08822577621779559,0.09947964060402723,0.11112398010902654,0.1252415291479163,0.20001206715980882
2025-02-18,0.0029315675694663403,8.594088414346786e-06,0.08173325115117766,0.08883798148074586,0.10671136750462673,0.12513110051940785,0.20001730555723135
2025-02-19,0.0023522757905099687,5.533201394619298e-06,0.08076226284503871,0.08540256403177007,0.10264287689236018,0.12502896154382884,0.20593890299024806
2025-02-20,0.004169042012424195,1.738091130135798e-05,0.08513269543108609,0.08931659045952448,0.10245289167055785,0.12542265377880255,0.20596505063696469
2025-02-21,0.017252045464502593,0.0002976330727092645,0.13204112700625537,0.12628900316065356,0.11791759741461871,0.13023313707740317,0.20012952028012876
2025-02-24,0.0045609681557841385,2.0802430518076967e-05,0.12902872503071972,0.1199087644959406,0.11844873104356679,0.13045900329523802,0.21298993598792665
2025-02-25,0.004985564277434553,2.485585116443152e-05,0.11293177872527219,0.1140762562614449,0.10876756734274756,0.1306872358769184,0.2131498593475887
2025-02-26,0.0005047276523352883,2.547500030318916e-07,0.1050987899525909,0.11392469685924932,0.10357674016597802,0.13023584745310138,0.21623022425304067
2025-02-27,0.016090692718088075,0.0002589103921479326,0.1237719508054487,0.13483384299781648,0.11640061293499633,0.13417525779052758,0.209850449159654
2025-02-28,0.015485093169848824,0.0002397881104788987,0.1820379473956722,0.15032121404449744,0.1290772737956246,0.1374175217035199,0.21013114523281323
2025-03-03,0.017675268140930192,0.0003124151038537818,0.21483511298754437,0.16710524036158209,0.14152568126125445,0.1419430576698357,0.20562209774101017
2025-03-04,0.011907507261230079,0.00014178872917624706,0.22123923260450834,0.16560672919913144,0.14518794255466783,0.14383538476654548,0.20282058813955553
2025-03-05,0.010690461058066167,0.00011428595763402918,0.24988544882765548,0.1816540630659127,0.1489326297122595,0.14504774913737112,0.19997648896200754
2025-03-06,0.0179105433535515,0.00032078756321944786,0.2557441905314791,0.1926661873867559,0.15804556567934572,0.14930059997212505,0.2600676343727704
2025-03-07,0.005589214198181434,3.123931535315293e-05,0.2138141172875668,0.19065319052235144,0.15931314170907812,0.14978763413347088,0.3274033497369531
2025-03-10,0.026996709750957863,0.0007288223373774634,0.25203815683541786,0.2227779009409114,0.18028040246658983,0.15888485778742767,0.31846916948235793
2025-03-11,0.008347703765828366,6.968415816202508e-05,0.24991450062860285,0.22284924015343605,0.17685585531921516,0.15951407397366862,0.3205533866534213
2025-03-12,0.0052925229326929195,2.801079899308046e-05,0.22721160190867154,0.22839002816194662,0.17926321994976085,0.1590095886446091,0.4924700075030354
2025-03-13,0.013420178568946133,0.0001801011928224011,0.21749171652392194,0.22552306779132344,0.18231239830884008,0.1607496043484837,0.5152360757001754
2025-03-14,0.02044550226756086,0.00041801856297283624,0.2882209692419247,0.2396386925446648,0.19606333243836274,0.1668975306358608,0.5137077017612734
2025-03-17,0.00768163565547106,5.9007526343404306e-05,0.2141101945201789,0.23713499290266774,0.20001206715980882,0.1675152912652199,0.5142729169699066
2025-03-18,0.01086728224627105,0.00011809782342011794,0.22260516348292264,0.2360823637633809,0.20001730555723135,0.16860652347129418,0.5133043898879583
2025-03-19,0.010831907807836575,0.00011733022675747097,0.2313412368046673,0.23630937465628696,0.20593890299024806,0.15910375906328045,0.5158883056944402
2025-03-20,0.0028957726501652294,8.385499241444956e-06,0.19342683117473267,0.22089103671499677,0.20596505063696469,0.1591789594221031,0.5161996760391623
2025-03-21,0.0003298658402161609,1.088114725415138e-07,0.13696487463741294,0.2178763133827598,0.20012952028012876,0.15705520335760492,0.5210953356308864
2025-03-24,0.017749976730995206,0.00031506167395087124,0.17979017968810018,0.1864817217228784,0.21298993598792665,0.16100860471991632,0.5263544003158166
2025-03-25,0.002400889846210259,5.76427205363552e-06,0.1340307766445906,0.17620728680771175,0.2131498593475887,0.15931554692015962,0.5305291767658613
2025-03-26,0.012009958687077243,0.00014423910766530216,0.17158853087961204,0.19262248992014844,0.21623022425304067,0.1609868239516376,0.5364039671247863
2025-03-27,0.0026592845740137966,7.07179444558774e-06,0.17124815805065086,0.17525492766251147,0.209850449159654,0.15976224337143372,0.5373750780604845
2025-03-28,0.0203439344322466,0.0004138756681835488,0.23029458537111147,0.181720842511771,0.21013114523281323,0.16329904769055026,0.532736743298921
2025-03-31,0.0066904524718166955,4.476215427763813e-05,0.17413631231649282,0.18046203855740497,0.20562209774101017,0.1639292492748398,0.5326658508370087
2025-04-01,0.0028204874356634155,7.955149374735189e-06,0.1753093151956246,0.17257965065665715,0.20282058813955553,0.1640479327427653,0.5325376268237639
2025-04-02,0.006308384306950964,3.9795712564185196e-05,0.1780386054430011,0.16622065967049335,0.19997648896200754,0.16243818971321908,0.5326735358357714
2025-04-03,0.0505366499872194,0.0025539529919307224,0.39319406363680254,0.303514305347121,0.2600676343727704,0.1912382006797285,0.50085407986332
2025-04-04,0.060326384028059545,0.003639272609900918,0.5312079325470549,0.4086403041148403,0.3274033497369531,0.22514740673889802,0.4439653896478119
2025-04-07,0.0017827813112997293,3.1783092039195823e-06,0.5082944076265478,0.38100391671621203,0.31846916948235793,0.22500216825935462,0.44600996458216424
2025-04-08,0.015786794395784697,0.0002492228772947791,0.46974578709828846,0.37131002559999937,0.3205533866534213,0.22510150198789367,0.4391725050320372
2025-04-09,0.09986273356161954,0.009972565554399014,1.011959248691152,0.6859350909667614,0.4924700075030354,0.30775507939259583,0.2657229935306376
2025-04-10,0.0448079346342398,0.0020077510061863066,0.9966753422199569,0.7163188485400936,0.5152360757001754,0.3205730005541051,0.20258232327234602
2025-04-11,0.01768539294340638,0.00031277312356268815,0.8671874561266569,0.7230648709584129,0.5137077017612734,0.3204841531071493,0.22210143895893522
2025-04-14,0.009654680107025373,9.321284796899148e-05,0.8603118546221237,0.7244423405738221,0.5142729169699066,0.321325761780137,0.2214029726380631
2025-04-15,0.0028047392406681144,7.86656220814355e-06,0.837267477366475,0.7235764972373356,0.5133043898879583,0.32044041588542355,0.22015074976596
2025-04-16,0.022478680983856872,0.0005052910987740086,0.40170348993416505,0.7262366379305613,0.5158883056944402,0.3224166181491222,0.19585341013433552
2025-04-17,0.0014256749196053591,2.032548976391747e-06,0.24058533660977918,0.6849520586933174,0.5161996760391623,0.32209584088630794,0.19516870992828064
2025-04-21,0.024090563717786426,0.0005803552602407278,0.23751864905496947,0.6194848228413856,0.5210953356308864,0.32473596457801535,0.16106710759195492
2025-04-22,0.02568505548438023,0.0006597220752356909,0.3230118177252853,0.6304253367062598,0.5263544003158166,0.32994087138121403,0.14973805364591294
2025-04-23,0.015376528663946976,0.00023643763375318298,0.3532306385708137,0.6217878023372292,0.5305291767658613,0.33095261385350006,0.16569808216931825
2025-04-24,0.020830549392469144,0.00043391178799209664,0.31795652138500985,0.36805860635621085,0.5364039671247863,0.33354386292316535,0.15403566026914028
2025-04-25,0.007199287618880849,5.182974221937108e-05,0.31321907208281385,0.27231302058019685,0.5373750780604845,0.33397502182642685,0.15726396688523894
2025-04-28,0.00038134148818529286,1.4542133061137384e-07,0.16203543984073043,0.2631739955595298,0.532736743298921,0.3336990224577617,0.16948542073710948
2025-04-29,0.006279582464638656,3.94331559301973e-05,0.12808550157728965,0.2613658884445707,0.5326658508370087,0.33397971618878675,0.17228883950403312
2025-04-30,0.000396845329843556,1.5748621581864077e-07,0.13263756235605015,0.25994052793594863,0.5325376268237639,0.3338043932984533,0.17205777970770508
2025-05-01,0.0070619207658889575,4.987072490369368e-05,0.05642531734153194,0.2173584994785805,0.5326735358357714,0.3338432249415926,0.17201203201872106
2025-05-02,0.014735033338764254,0.00021712120749449405,0.09398492412058282,0.21967829836810818,0.50085407986332,0.3352755421404377,0.1665036078619685
2025-05-05,0.0057507986563376245,3.307168518573463e-05,0.12203540231727507,0.15622956415604733,0.4439653896478119,0.3352810832198387,0.16415786487776154
2025-05-06,0.008393557909377652,7.045181437807614e-05,0.1501199365871484,0.14916737442941347,0.44600996458216424,0.33520310316176766,0.15926350126894884
2025-05-07,0.004196729249441555,1.7612536393118277e-05,0.15060856395011202,0.13932818743205305,0.4391725050320372,0.3349847798998426,0.16173979659007393
2025-05-08,0.006943627636358309,4.821396475239887e-05,0.1503785557117644,0.10827265393546204,0.2657229935306376,0.33537876801060096,0.16327146000570344
2025-05-09,0.0012749277843107142,1.625440855207427e-06,0.10266818710529964,0.10809524023559537,0.20258232327234602,0.33534967939792976,0.1627102747062252
2025-05-12,0.03251296734847013,0.0010570930458026848,0.2464390106689733,0.18429916173067237,0.22210143895893522,0.3415684151695112,0.12067945981833927
2025-05-13,0.006582335727527302,4.332714362988238e-05,0.20825900402819697,0.18433342948161419,0.2214029726380631,0.34189238811374734,0.12025846942745115
2025-05-14,0.001277138441893241,1.6310825997614951e-06,0.214149014212925,0.183675976757471,0.22015074976596,0.34183647566970615,0.12065301000812781
2025-05-15,0.004872557252141818,2.3741814175399827e-05,0.21602532538940356,0.18357994450189108,0.19585341013433552,0.34196889385560786,0.12777494182464139
2025-05-16,0.006313997725412103,3.986656727650921e-05,0.19985394332444076,0.17654078527097916,0.19516870992828064,0.3421727663062395,0.1301315209944941
2025-05-19,0.0010932163119030398,1.1951219046108844e-06,0.042480171227299024,0.1683177732056484,0.16106710759195492,0.3403739520942927,0.13421970816496745
2025-05-20,0.0033678968350383067,1.1342729091461044e-05,0.059932373990286184,0.15837249111837987,0.14973805364591294,0.34031582227063173,0.13356176389547914
2025-05-21,0.01699427924742923,0.00028880552713960383,0.148892116939806,0.1960539832069816,0.16569808216931825,0.34194236205499,0.11742916939373813
2025-05-22,0.0003945692246958432,1.556848730770788e-07,0.13970760542517963,0.19586619497733998,0.15403566026914028,0.3419413675269402,0.12136755772995336
2025-05-23,0.006849289817504448,4.691277100417012e-05,0.11667231088268884,0.20130847891461606,0.15726396688523894,0.3406375961600635,0.12143250579728097
2025-05-27,0.020577598047172695,0.0004234375413910055,0.21922754045417203,0.155276088516801,0.16948542073710948,0.3417919658516463,0.10092428359651819
2025-05-28,0.0058022148167059025,3.366569677920151e-05,0.22138122426847304,0.15612397965091396,0.17228883950403312,0.34003630213593933,0.099439951326859
2025-05-29,0.003939507281933468,1.551971762440682e-05,0.1756320889756903,0.1572295722031824,0.17205777970770508,0.33918352159868714,0.09974618715887476
2025-05-30,0.0011190827579547142,1.2523462191515294e-06,0.17707203121396556,0.15534185300371664,0.17201203201872106,0.33852002519150465,0.09932800542259458
2025-06-02,0.005617200418764615,3.155294054456937e-05,0.1582799673070166,0.1545634899140947,0.1665036078619685,0.33656321087875624,0.09909782258157936
2025-06-03,0.005686288008741855,3.2333871318361405e-05,0.07956060427455909,0.15737619020043792,0.16415786487776154,0.3365693886551008,0.09864133236409704
2025-06-04,0.00026847990197680674,7.208145776547576e-08,0.05164484665947331,0.1561686446547888,0.15926350126894884,0.3316218441386904,0.10019866258281031
2025-06-05,0.004844484645630591,2.3469031481750554e-05,0.07254509759237675,0.12725301505186398,0.16173979659007393,0.3312744819270827,0.10317307496971642
2025-06-06,0.010216612089215106,0.00010437916258149625,0.09323089997556644,0.13374664823460958,0.16327146000570344,0.331692338984749,0.09939670553068447
2025-06-09,0.0009008769765978307,8.115793269640484e-07,0.09178798679277915,0.12349354787104326,0.1627102747062252,0.3302899312725855,0.10035869244736476
2025-06-10,0.0056536526136423855,3.196378787574538e-05,0.09171325153280992,0.08113457254455038,0.12067945981833927,0.3280395795224096,0.09954324804943979
2025-06-11,0.0028559890477173793,8.156673440681622e-06,0.09796154532937071,0.07426046234731891,0.12025846942745115,0.3278613338178235,0.10000068027077028
2025-06-12,0.003966349722052468,1.5731930117625693e-05,0.07821055560202142,0.0742772509078901,0.12065301000812781,0.3269711437474392,0.09972081745949318
2025-06-13,0.011242927662179924,0.00012640342241701053,0.10663928047309545,0.10017806795548345,0.12777494182464139,0.32734436075066015,0.09019451845595801
2025-06-16,0.00946911814478643,8.966419843992359e-05,0.12968112387724187,0.10651048316289145,0.1301315209944941,0.3277116948847206,0.0861863295286693
2025-06-17,0.008581853965084374,7.364821747803438e-05,0.13667511469428378,0.11516987832879592,0.13421970816496745,0.3283108690496968,0.0778501647988436
2025-06-18,0.0001506471164413424,2.2694553692091373e-08,0.13676886874278427,0.11515679309635825,0.13356176389547914,0.3264458554265903,0.07815346683487605
2025-06-20,0.0023511946213761307,5.5281161475880466e-06,0.12852557854026353,0.11272089590866466,0.11742916939373813,0.3264831775903943,0.07600345000303838
2025-06-23,0.00982881092575261,9.660552421419389e-05,0.125993506050107,0.1117981572107387,0.12136755772995336,0.3259518754997715,0.07181928967470529
2025-06-24,0.010986736854918454,0.00012070838671922344,0.1322383547191207,0.12373056873617672,0.12143250579728097,0.32650581357285124,0.06826836664541683
2025-06-25,0.0005601062999573756,3.1371906725194157e-07,0.09783588186647672,0.12153327842307173,0.10092428359651819,0.32341671076398526,0.06834660001475854
2025-06-26,0.007793534795984752,6.073918461622508e-05,0.09393295459076147,0.12389864745039307,0.099439951326859,0.3234998449007148,0.06558652779355828
2025-06-27,0.004956029834652175,2.456223172196247e-05,0.06641870943485606,0.12443068627363224,0.09974618715887476,0.3235654415598679,0.0650978644638442
2025-06-30,0.0047697123045244375,2.275015546793182e-05,0.061535892298868994,0.09977814733160004,0.09932800542259458,0.3234847452223408,0.06586403536000168
2025-07-01,0.000323632079386807,1.0473772280822855e-07,0.05349066640867835,0.09604130240467462,0.09909782258157936,0.3047761358253765,0.06626972996689003
2025-07-02,0.004523032166475909,2.0457819978975755e-05,0.04646782134850912,0.0723636056722427,0.09864133236409704,0.2753328626975599,0.0675065566945164
2025-07-03,0.007850588492425306,6.163173967740064e-05,0.04673566388590186,0.07045186250328728,0.10019866258281031,0.2752554748227362,0.08699667084369318
2025-07-07,0.007480020512419195,5.595070686621192e-05,0.09506472390400167,0.08773439977033773,0.10317307496971642,0.2732717341401616,0.09839050711565067
2025-07-08,0.000547866269065751,3.0015744878002583e-07,0.09229415566829412,0.08500001354370418,0.09939670553068447,0.18601171808995678,0.10053120638113888
2025-07-09,0.005978718557821743,3.57450755936421e-05,0.09810350689293561,0.07552324711056678,0.10035869244736476,0.15838001831164517,0.10186304466133192
2025-07-10,0.002816242249871216,7.93122040995969e-06,0.09613783307291106,0.07448505242823582,0.09954324804943979,0.15537152725280312,0.10167890115265756
2025-07-11,0.003521519137273235,1.240109703418163e-05,0.08355288396018033,0.07588354443846168,0.10000068027077028,0.15519725386712946,0.1036182511226629
2025-07-14,0.0019063975979420422,3.6343518014391885e-06,0.05680284512473304,0.07396712340029638,0.09972081745949318,0.15481243347323745,0.10412186097213229
2025-07-15,0.004282421636416066,1.833913507204446e-05,0.06936445826099633,0.07699237538454494,0.09019451845595801,0.1465141537404258,0.10766223416210885
2025-07-16,0.003337615079474222,1.1139674418733716e-05,0.058019284542971526,0.0778293007288183,0.0861863295286693,0.14648672887603245,0.10767941807555405
2025-07-17,0.006101040721242929,3.7222697882264446e-05,0.07109452025647585,0.0801644790250031,0.0778501647988436,0.13538245364057605,0.10647503672684061
2025-07-18,0.0007326812474744512,5.36821810400718e-07,0.06292947366458641,0.07137107540563177,0.07815346683487605,0.12739258580062118,0.10704087250857706
2025-07-21,0.0018943796948635745,3.5886744283114096e-06,0.06292182605596965,0.056514858314065074,0.07600345000303838,0.12474544016201874,0.1071341681693535
2025-07-22,0.00014311092236799798,2.0480736101019146e-08,0.0430547123045002,0.05598796391257058,0.07181928967470529,0.1189948703238251,0.109628748965462
2025-07-23,0.008471458892609137,7.176561576916643e-05,0.06285809143128566,0.06273285355105868,0.06826836664541683,0.11924310089071372,0.10645754236850787
2025-07-24,0.0003310947914258314,1.0962376090931478e-07,0.059178846831045726,0.06263898425571933,0.06834660001475854,0.11924678598995418,0.10755884157233075
2025-07-25,0.004215355509912938,1.7769222074953366e-05,0.05494540978731191,0.05757606580118598,0.06558652779355828,0.11903504121475353,0.11961229410696778
2025-07-28,0.00025103506196874024,6.301860233764925e-08,0.05960577439924603,0.05882468119577179,0.0650978644638442,0.11908827989750796,0.12092752728777835
2025-07-29,0.002641133326156579,6.975585246534915e-06,0.06927587765647132,0.05438651569832527,0.06586403536000168,0.11911155529417661,0.12105152466927524
2025-07-30,0.0012601246347007209,1.5879140949796251e-06,0.04083969126502274,0.05629014659131665,0.06626972996689003,0.11639965148040389,0.12091441248381676
2025-07-31,0.0037582800219577626,1.412466872344684e-05,0.04879280048964768,0.05610741304393711,0.0675065566945164,0.11590868196949483,0.11991515102104128
2025-08-01,0.01652617763451541,0.0002731145472075573,0.10542955448407497,0.10319357797135192,0.08699667084369318,0.1201336802172644,0.10387673888924341
2025-08-04,0.015085355384855111,0.0002275679470873771,0.1786864939454741,0.13086681923581664,0.09839050711565067,0.12308710413359213,0.09628030075603763
2025-08-05,0.005082764440420212,2.5834494356800186e-05,0.18022741659662012,0.13373084046026204,0.10053120638113888,0.12349470710893844,0.09509284268630744
2025-08-06,0.007630493093452442,5.8224424849225424e-05,0.1940102778878308,0.1322729542136949,0.10186304466133192,0.12389293820488054,0.09573947270614704
2025-08-07,0.0008379749990245634,7.02202098990217e-07,0.1920469643059549,0.1322653479145841,0.10167890115265756,0.10637560649527086,0.09661910219998546
2025-08-08,0.007767328747427917,6.0331395870620134e-05,0.12599944856427314,0.13681626115181936,0.1036182511226629,0.1066494961777869,0.09360202280074408
2025-08-11,0.001979497560583303,3.918410592355247e-06,0.09316326980610774,0.13718415227169414,0.10412186097213229,0.10687683213786692,0.09308506416686003
2025-08-12,0.010589747830358579,0.00011214275911058423,0.08978171465740974,0.1462626727140964,0.10766223416210885,0.10831050485183456,0.08647288978704812
2025-08-13,0.00341730182405768,1.1677951756707946e-05,0.08581778025117244,0.14597756464344688,0.10767941807555405,0.10791822307310424,0.09011466587907312
2025-08-14,9.305657202052432e-05,8.659525596211029e-09,0.08285716296452937,0.14325152697013402,0.10647503672684061,0.10795036566097647,0.09018314821508082
2025-08-15,0.002344034961438168,5.494499900444433e-06,0.0847935029290821,0.10422862982750083,0.10704087250857706,0.10777759571409559,0.09055929021447444
2025-08-18,0.00021755943935958995,4.7332109654459095e-08,0.08045406351758767,0.0823410912677134,0.1071341681693535,0.1007967799867733,0.09091682371167088
2025-08-19,0.005439995209500652,2.959354787939004e-05,0.05191944583000725,0.08320476582517099,0.109628748965462,0.10182196712708398,0.08797458810996403
2025-08-20,0.002660619942930772,7.078898480720944e-06,0.035391198817053174,0.07918892656514294,0.10645754236850787,0.10069362692854408,0.08722754927592333
2025-08-21,0.004019891234610142,1.6159525538095456e-05,0.031007131334004272,0.08261235623971648,0.10755884157233075,0.09330955520920076,0.084990272802905
2025-08-22,0.01524006767331853,0.0002322596626873285,0.13363249064628716,0.10613475092463116,0.11961229410696778,0.09642395811587626,0.0707691377550888
2025-08-25,0.004410775275590772,1.9454938531762852e-05,0.13843925369437152,0.10888378115365711,0.12092752728777835,0.09707753347496824,0.07207018469472849
2025-08-26,0.004178295104639576,1.7458149981455045e-05,0.13246968527672037,0.09724880604591761,0.12105152466927524,0.09708166238427886,0.07347570369581298
2025-08-27,0.002275921406955702,5.179818250639222e-06,0.1268291181321533,0.0964170759192843,0.12091441248381676,0.09672550325394703,0.076359091266224
2025-08-28,0.003535201726632855,1.249765124798792e-05,0.1122964297117094,0.09777949858641286,0.11991515102104128,0.09642789456648175,0.07769238181025073
2025-08-29,0.005981630225622505,3.577990015608074e-05,0.07544065641633975,0.1024537831867255,0.10387673888924341,0.0975705033848214,0.07316483224099822
2025-09-02,0.007437888193564877,5.5322180779971786e-05,0.08834437575107724,0.10954243651640691,0.09628030075603763,0.09841701988066567,0.0652664009571362
2025-09-03,0.005404926745351524,2.9213233122616222e-05,0.09291054254846169,0.10929919873131527,0.09509284268630744,0.0970449330359246,0.06431030990214053
2025-09-04,0.00832282071833723,6.926934470958345e-05,0.11200472683711417,0.11390004495992938,0.09573947270614704,0.09811832082452766,0.05987630794262238
2025-09-05,0.002900635192256315,8.413684518555828e-06,0.11130685715474964,0.11245267849533987,0.09661910219998546,0.09808918300719895,0.057799145209557944
2025-09-08,0.0024538143774652382,6.021204999055115e-06,0.10084106302719638,0.08460626062416492,0.09360202280074408,0.09774817526822706,0.058103542461229916
2025-09-09,0.002309062585920231,5.331770025696624e-06,0.06623669771320212,0.08019736986410002,0.09308506416686003,0.0976151255441495,0.06133535315977687
2025-09-10,0.0028866837953472123,8.332943334320186e-06,0.06309734349573018,0.0791163319477907,0.08647288978704812,0.09409970350857132,0.06314533104272056
2025-09-11,0.008275831003020973,6.848937879056313e-05,0.06282983264773427,0.08698330922377681,0.09011466587907312,0.09370026445615456,0.06013626343052632
2025-09-12,0.0003346689385492503,1.1200329842968188e-07,0.04999409852709923,0.0868499888466832,0.09018314821508082,0.09140509181661162,0.11796964144366721
2025-09-15,0.005309923421289671,2.8195286739960603e-05,0.051686250039839274,0.07843235944524671,0.09055929021447444,0.09163272255663613,0.12885961369752028
2025-09-16,0.001377834568811041,1.898428099010707e-06,0.06322804014328415,0.06106253925107875,0.09091682371167088,0.09146903666575834,0.12883396090400215
2025-09-17,0.0012432077551662243,1.5455655225054427e-06,0.0699384674721218,0.06292932207433978,0.08797458810996403,0.09009540321198199,0.12950058256315436
2025-09-18,0.004661563154355169,2.1730171042041713e-05,0.05243229677732316,0.05547457117974346,0.08722754927592333,0.08818199749396101,0.13112606745484923
2025-09-19,0.004940649640818598,2.441001887332094e-05,0.054741320454558234,0.04973089191707717,0.084990272802905,0.08844802039653575,0.13150883693636117
2025-09-22,0.0047198519222895665,2.2277002168340516e-05,0.05293523631534835,0.05059773883089566,0.0707691377550888,0.08773998438151064,0.13561066681136416
2025-09-23,0.005458344535398913,2.9793525067119176e-05,0.07451802444273073,0.06623809087357144,0.07207018469472849,0.0885697015105155,0.1338929589485053
2025-09-24,0.003186705609680798,1.0155092642771067e-05,0.08013093651556588,0.07138910878688517,0.07347570369581298,0.088741658225937,0.13484358968715454
2025-09-25,0.004624172513464782,2.13829714342832e-05,0.08149284818684355,0.06700372650247896,0.076359091266224,0.08948614600219915,0.13471554264404273
2025-09-26,0.005712795234045289,3.263602938613057e-05,0.08498252456069322,0.07198880730318458,0.07769238181025073,0.08971334142774041,0.1361022576494634
2025-09-29,0.0028064247447203627,7.876019847778754e-06,0.07830620280059856,0.06876371415334395,0.07316483224099822,0.08868717892160798,0.1411323603072379
2025-09-30,0.0037597898827210047,1.4136019962211227e-05,0.07195955433919958,0.0692618853106874,0.0652664009571362,0.08705269692023425,0.14096207892845403
2025-10-01,0.0034017768166523053,1.1572085510313091e-05,0.06307664476931703,0.06857907902686411,0.06431030990214053,0.08708540719589465,0.14083256279192655
2025-10-02,0.001151048892017506,1.3249135518147283e-06,0.026184434749347407,0.06652969922133492,0.05987630794262238,0.08653575200859508,0.14762103658088524
2025-10-03,1.4767471260179647e-05,2.1807820742023186e-10,0.02540948153879713,0.06356819235329744,0.057799145209557944,0.08650587949207336,0.14784588757904427
2025-10-06,0.003579813724412676,1.2815066301493353e-05,0.02707119489785593,0.06184759089427329,0.058103542461229916,0.08608641696282497,0.14756741851433777
2025-10-07,0.0037143820348426687,1.3796633900761964e-05,0.04737867321924309,0.057437666548332995,0.06133535315977687,0.08668085306687293,0.15369739416719716
2025-10-08,0.005945343779221919,3.534711265313277e-05,0.05812738037968201,0.05759572811876376,0.06314533104272056,0.08645788965631016,0.15277016185644907
2025-10-09,0.002901212830195306,8.417035886089857e-06,0.06578834423720215,0.052651684621405355,0.06013626343052632,0.08679268031007538,0.15747524979278527
2025-10-10,0.027399797306962,0.0007507488924626022,0.2101754900316626,0.15319019819423252,0.11796964144366721,0.10420990499652928,0.11986423182810246
2025-10-13,0.01522754489520044,0.000231878123535345,0.2519002076436496,0.17389193275483283,0.12885961369752028,0.10832706543282324,0.1202605753886768
2025-10-14,0.0012224016319925188,1.4942657498979733e-06,0.25180727187885094,0.17259204374430046,0.12883396090400215,0.10840080526665136,0.11990234477889095
2025-10-15,0.004429789843934252,1.9623038061423047e-05,0.2489820028222321,0.17333412093255715,0.12950058256315436,0.10862697723049745,0.11945342026134652
2025-10-16,0.006833556176281727,4.669749001439814e-05,0.25106373479756394,0.17583142672495713,0.13112606745484923,0.10864816850577394,0.13286496280232168
2025-10-17,0.005660250871856184,3.203843993234869e-05,0.13093789252943597,0.17925864843214237,0.13150883693636117,0.10911323505416932,0.13167453082806416
2025-10-20,0.010346762560389149,0.00010705549548107061,0.10537482966706437,0.1868638702804142,0.13561066681136416,0.11064207953899105,0.13083473898491152
2025-10-21,1.4996032452460858e-05,2.248809893152592e-10,0.10302744402447912,0.18574996972170077,0.1338929589485053,0.11063248769904287,0.13386523025946107
2025-10-22,0.00521237682733995,2.7168872190190488e-05,0.11497961116414632,0.18473705366315893,0.13484358968715454,0.11111061083380291,0.13380860491413035
2025-10-23,0.00591237858353294,3.4956220515018974e-05,0.09574004801976617,0.18720115893463088,0.13471554264404273,0.11149255050507823,0.1416008763861525
2025-10-24,0.008139356488562998,6.624912404791258e-05,0.10100090357330298,0.11029029401910759,0.1361022576494634,0.11198967986540939,0.14332268883678043
2025-10-27,0.011728661579555206,0.0001375615024477344,0.10691766440162082,0.10100821535208425,0.1411323603072379,0.1077825663646283,0.14712979655594824
2025-10-28,0.0026524780243792965,7.035639669815096e-06,0.10199697276171643,0.09798537713243434,0.14096207892845403,0.10412126865901798,0.15133903416305353
2025-10-29,0.0004801823927854593,2.305751303411691e-07,0.07047641835299906,0.09913927305961737,0.14083256279192655,0.10324865258548543,0.15378921962906342
2025-10-30,0.011059071647525216,0.0001223030657050961,0.13858625209711148,0.11257486297959665,0.14762103658088524,0.10562692295108839,0.14996100158746942
2025-10-31,0.0032749122269395553,1.0725050094158197e-05,0.12989931093867763,0.1115476504282095,0.14784588757904427,0.10561739630205252,0.15045689307929092
2025-11-03,0.001874928310857186,3.5153561708537807e-06,0.09467244858938322,0.10289835405118192,0.14756741851433777,0.10476560008090055,0.1504525968704255
2025-11-04,0.011924353295924664,0.0001421902015260294,0.11738984875010439,0.12392664415689097,0.15369739416719716,0.10799223200577279,0.14424214486119813
2025-11-05,0.003459398571762206,1.196743847831039e-05,0.12534270263046782,0.12015280392478088,0.15277016185644907,0.1062758277225927,0.14385854836956757
2025-11-06,0.010787307565268271,0.00011636600450769407,0.1242347319724423,0.13151029343258305,0.15747524979278527,0.10881103498563294,0.13756711049055584
2025-11-07,0.0009840232716329205,9.683017991151564e-07,0.1180649314724437,0.12343886774443896,0.11986423182810246,0.10880546113713009,0.1383528098241678
2025-11-10,0.015483937510288556,0.00023975232082252095,0.17919461322783292,0.13511078961488585,0.1202605753886768,0.11273483871718515,0.12727758504361444
2025-11-11,0.0022865335909522055,5.228235862552787e-06,0.14810348624991332,0.13487975151061835,0.11990234477889095,0.11273589672839539,0.12916638369311684
2025-11-12,0.0005562438741300194,3.094072475071729e-07,0.14808765396106643,0.13489723111170757,0.11945342026134652,0.11192970395982503,0.12935914775862536
2025-11-13,0.016733244574677203,0.00028000147399596405,0.18185339104644815,0.14945487287431644,0.13286496280232168,0.1175474599397867,0.1203349655070969
2025-11-14,0.00016359948124937914,2.6764790265065955e-08,0.18184962381765027,0.14758787707957174,0.13167453082806416,0.11712163287992516,0.12056094919980646
2025-11-17,0.009360194188340132,8.761323524343639e-05,0.1288511409381854,0.15113581208688767,0.13083473898491152,0.11515744858024646,0.11545036373369313
2025-11-18,0.008432917870575445,7.111410381187069e-05,0.11393289313375826,0.1460479575852596,0.13386523025946107,0.11618995584232512,0.11863086719658367
2025-11-19,0.0038557567903246847,1.4866860426134916e-05,0.12883629428954627,0.14649624816147386,0.13380860491413035,0.11614817877488753,0.12056162652041336
2025-11-20,0.015359695168779277,0.00023592023567782145,0.12192284009615656,0.15549551395337838,0.1416008763861525,0.12053145633971257,0.1068787048986676
2025-11-21,0.009911937023691694,9.824649556163015e-05,0.16508809041673536,0.16740227502586724,0.14332268883678043,0.12198535551904599,0.10413291740357365
2025-11-24,0.014611241086193577,0.00021348836607887125,0.1991332194551791,0.16491891767936834,0.14712979655594824,0.12472298275127404,0.09366002154389035
2025-11-25,0.009361939618760542,8.764591342531828e-05,0.18614247043855045,0.17352745688531968,0.15133903416305353,0.12482362754926776,0.08940615301850874
2025-11-26,0.00687985444759878,4.733239722014471e-05,0.1867445063285918,0.17813657328412733,0.15378921962906342,0.12508594501005754,0.0870008822478123
2025-11-28,0.0054435632273936016,2.9632380610631845e-05,0.05573049126110315,0.15498210351094338,0.14996100158746942,0.12449904350699414,0.08667230966534367
2025-12-01,0.00457586894038492,2.0938576559579415e-05,0.11162970937664583,0.15800092096429416,0.15045689307929092,0.12476473576736626,0.08488023906871717
2025-12-02,0.001850496049688355,3.424335629912207e-06,0.08588292210423941,0.14656285583928128,0.1504525968704255,0.12473826505506067,0.08940529448298061
2025-12-03,0.003456786217426821,1.1949370952992028e-05,0.07063323809667678,0.13364306108793556,0.14424214486119813,0.1248171425791515,0.08879834119237408
2025-12-04,0.0007307890626128348,5.340526540345457e-07,0.05989382430065563,0.13435747002340107,0.14385854836956757,0.1247476328336464,0.09178495498321056
2025-12-05,0.0018977350040129193,3.601398145455915e-06,0.049050622619123595,0.08712358029997098,0.13756711049055584,0.12380700768956383,0.09375781493972742
2025-12-08,0.003008799415334641,9.052873921718079e-06,0.038646318941981526,0.09062136724363083,0.1383528098241678,0.12402748140988942,0.09387292590772495
2025-12-09,0.0008635176910706599,7.456628027920035e-07,0.03960991182917617,0.06899832600041235,0.12727758504361444,0.12369182763010035,0.0937563234079754
2025-12-10,0.006610371282859594,4.369700849725479e-05,0.05716529285891379,0.06192939773536585,0.12916638369311684,0.12422982211422275,0.09374041046463805
2025-12-11,0.002324244979309141,5.40211472384375e-06,0.05768076376375263,0.055435084164369555,0.12935914775862536,0.12420315221826608,0.09359633705714344
2025-12-12,0.010810279077722362,0.00011686213373824184,0.10323067451088642,0.07770355900208707,0.1203349655070969,0.12617373567496384,0.08412138210083098
2025-12-15,0.0015119402890506838,2.2859634376546655e-06,0.1020727392036716,0.07436570785224851,0.12056094919980646,0.12590295678401342,0.08632981756280597
2025-12-16,0.002736037133594218,7.485899196406464e-06,0.10294998550422631,0.07484945248136542,0.11545036373369313,0.12574305420061518,0.0854921651400716
2025-12-17,0.01106460773219221,0.00012242554426728766,0.09431207971699186,0.08824580363127152,0.11863086719658367,0.12735382993181021,0.07294231135011395
2025-12-18,0.007522963990016468,5.6594987195084495e-05,0.12205402906816772,0.09964405780140999,0.12056162652041336,0.12802528138944116,0.10428071327424004
2025-12-19,0.009022618958016409,8.140765286155711e-05,0.13039726755389158,0.11148900107107565,0.1068787048986676,0.12879804941131784,0.10734177935098001
2025-12-22,0.006210566721978087,3.857113900814165e-05,0.1352702316991144,0.11511481016563854,0.10413291740357365,0.12888628295515797,0.10667395927678734
2025-12-23,0.004560042005282501,2.0793983089940857e-05,0.12968863538596584,0.11656555771796305,0.09366002154389035,0.12906339727431856,0.10548570869564632
2025-12-24,0.0035114479496600164,1.2330266703171533e-05,0.03516602651689517,0.11339370000805273,0.08940615301850874,0.12903882417046816,0.10629482780822531
2025-12-26,0.0001014201750952399,1.0286051916349121e-08,0.05350151624440198,0.1130759280017812,0.0870008822478123,0.12891869692723582,0.10713896111673461
2025-12-29,0.0035699930558561223,1.2744850418860934e-05,0.062464410567014836,0.09765989390017876,0.08667230966534367,0.12919300591897903,0.10614835396757091
2025-12-30,0.0012218468855631148,1.4929098117602833e-06,0.05345259794388727,0.09744625942054222,0.08488023906871717,0.12923749647628557,0.1063518409254218
2025-12-31,0.0074365500962735335,5.53022773343859e-05,0.06464253186809313,0.10531933019183205,0.08940529448298061,0.13008060041865852,0.10306483470041244
2026-01-02,0.0018313617663269853,3.3538859191642952e-06,0.05660588053821388,0.08219300357031671,0.08879834119237408,0.1298453388487676,0.10410028220917836
2026-01-05,0.006638033243240065,4.4063485338360214e-05,0.0847955081722363,0.08064340447042552,0.09178495498321056,0.12997948597837777,0.10683304973708586
2026-01-06,0.005929568682081867,3.515978475552609e-05,0.091461663452732,0.0742861124982981,0.09375781493972742,0.13027905391477906,0.10592519045793822
2026-01-07,0.0032285629973805552,1.0423619028054915e-05,0.09574668470513353,0.07311042716291868,0.09387292590772495,0.1168526207775793,0.11409621546818231
2026-01-08,0.00010153783677743937,1.030993229744192e-08,0.06569588890374584,0.06987693181606221,0.0937563234079754,0.11301674675512641,0.13419616068721443
2026-01-09,0.006591570183952557,4.344879748997234e-05,0.0723092533126438,0.07542361870774829,0.09374041046463805,0.11358169713903216,0.1331950679273536
2026-01-12,0.0015692219387488094,2.462457493050572e-06,0.06561969807628837,0.07549633752953333,0.09359633705714344,0.11334571131180653,0.1333717808813209
2026-01-13,0.002001476724789629,4.00590907987462e-06,0.060838003968423746,0.07339360319600663,0.08412138210083098,0.11238717070482798,0.13320593716585216
2026-01-14,0.004927356850498766,2.4278845532157118e-05,0.06825611480179539,0.07851121725116623,0.08632981756280597,0.11255203200038565,0.14326521924106847
2026-01-15,0.0027195131661778946,7.395751861014917e-06,0.07031033316710733,0.0652469956263756,0.0854921651400716,0.11082867585836716,0.14281207569791254
2026-01-16,0.0008382252035026964,7.026214917871368e-07,0.047904361132735135,0.06623842986054575,0.07294231135011395,0.11085979066474864,0.14305973052094115
2026-01-20,0.020566840670864645,0.00042299493518073206,0.14378455581602353,0.12168368296445288,0.10428071327424004,0.1184717513884514,0.12325399538916156
2026-01-21,0.0114749889632404,0.000131675371706489,0.18742371049907364,0.13373307632711795,0.10734177935098001,0.1201357886198872,0.11681014867225825
2026-01-22,0.005209636268787033,2.7140310053061277e-05,0.1926494734818291,0.13635654324340585,0.10667395927678734,0.11947623592806372,0.11821267436850384
2026-01-23,0.00036271445090017455,1.3156177289181515e-07,0.1909642668555062,0.13637507692736972,0.10548570869564632,0.1170937565120116,0.12370944103758873
2026-01-26,0.005065296757285074,2.5657231239362682e-05,0.19557263438821396,0.134499081082386,0.10629482780822531,0.11741831924661589,0.12523985769082208
2026-01-27,0.003976348566725876,1.5811347924102924e-05,0.06364113514322935,0.1359176151957696,0.10713896111673461,0.1176740429978599,0.12823649577490676
2026-01-28,0.00010067497120472829,1.013544982707287e-08,0.040954452626059644,0.13544942991805264,0.10614835396757091,0.11529707460426555,0.129659796373371
2026-01-29,0.0019863539443873905,3.945601992383345e-06,0.046854822253947236,0.13309348863484918,0.1063518409254218,0.11524618161965818,0.13049211390949117
2026-01-30,0.0029870370168700792,8.922390140152101e-06,0.05679346158238866,0.13354900221997207,0.10306483470041244,0.11540012660391506,0.1302335221364591
2026-02-02,0.004959045712933714,2.459213438296625e-05,0.05629278132950769,0.13573063390473641,0.10410028220917836,0.112948462390523,0.1319056243970224
2026-02-03,0.008491346084250548,7.210295832251711e-05,0.0772647180937221,0.08845278811167137,0.10683304973708586,0.1142765867862259,0.13187085548682323
2026-02-04,0.004855691490926631,2.3577739855057286e-05,0.07834818066563602,0.07516145301191123,0.10592519045793822,0.11244137072626463,0.1322317012189916
2026-02-05,0.012567856956365418,0.00015795102847566262,0.10424545730755497,0.09242139475464685,0.11409621546818231,0.1155480828153022,0.13301468977810119
2026-02-06,0.019003005567205973,0.0003611142205872612,0.2005747935884363,0.13932626608625936,0.13419616068721443,0.11773876874615469,0.11720231461933715
2026-02-09,0.004810244305276485,2.313845027644485e-05,0.20032739197156005,0.1390826302766358,0.1331950679273536,0.11803640934534258,0.11525133688319335
2026-02-10,0.00264064386524897,6.9730000230770205e-06,0.18948992379568874,0.13798229165765,0.1333717808813209,0.11819014345199873,0.11513020288841205
2026-02-11,0.000231085512616827,5.340051414138172e-08,0.1836246346625931,0.1379736544622857,0.13320593716585216,0.11276978460030576,0.12548985902812484
2026-02-12,0.015569451553392327,0.00024240782167343072,0.19889356272224232,0.1575362731775872,0.14326521924106847,0.1174986154252793,0.11573936246877108
2026-02-13,0.0007042374603937072,4.959504006217784e-07,0.12287338562651785,0.15788434227371334,0.14281207569791254,0.11576964791137674,0.12264999047423508
2026-02-17,0.0016121662321053362,2.5990799599407166e-06,0.11239767148562325,0.15492390173215748,0.14305973052094115,0.11429974663212657,0.12298274593658959
2026-02-18,0.005025111493454597,2.5251745521649493e-05,0.12711927561816802,0.1534849624723297,0.12325399538916156,0.11446638431628726,0.12929239950890045
2026-02-19,0.0026409180968155325,6.974448394087774e-06,0.12652456966151304,0.1521099054809253,0.11681014867225825,0.10974650388350005,0.1292796940630727
2026-02-20,0.0072058400517004155,5.192413085068985e-05,0.060911743375979835,0.13910489562498832,0.11821267436850384,0.10892876625034977,0.13200367673612445
2026-02-23,0.010263807839928392,0.00010534575137497553,0.10995862647323104,0.11234843646725104,0.12370944103758873,0.1073763926638006,0.13708971018660523
2026-02-24,0.007242165031108853,5.24489543378159e-05,0.12123912569675566,0.11657431645039065,0.12523985769082208,0.10670534291125389,0.13282941421888703
2026-02-25,0.008402945104341215,7.060948642657198e-05,0.12982137593256254,0.12498363327338566,0.12823649577490676,0.10714812567033598,0.13011238391702235
2026-02-26,0.005569959857260949,3.1024452811498414e-05,0.1378215881648055,0.12826828116663158,0.129659796373371,0.10730065216970988,0.14098893537866639
2026-02-27,0.004813509630285336,2.316987496084967e-05,0.13224384155439103,0.1011046757534481,0.13049211390949117,0.10734685552312208,0.14949263078711653
2026-03-02,0.0005684172026597193,3.230981162795004e-07,0.10372565237164506,0.10110645521282731,0.1302335221364591,0.10729422806840767,0.14861948534820263
2026-03-03,0.008853414553509194,7.83829492562884e-05,0.10720690966281503,0.11150992959416037,0.1319056243970224,0.10863983306130612,0.1870224509135946
2026-03-04,0.007030536114047319,4.942843805092357e-05,0.09889465705422633,0.1146371280607449,0.13187085548682323,0.10959315615459059,0.1873384189294459
2026-03-05,0.005591148225550186,3.1260938480072994e-05,0.0989385268611343,0.11734297115490641,0.1322317012189916,0.11013221459831639,0.18714813890829698
2026-03-06,0.013193791611277716,0.00017407613708182222,0.1262886797783813,0.12447545087184222,0.13301468977810119,0.11323229004687209,0.18340791290951328
2026-03-09,0.008721878607696682,7.607116644739701e-05,0.1549218014618668,0.12777944871646152,0.11720231461933715,0.11469681044226025,0.17998500790081387
2026-03-10,0.001608419719141641,2.5870139929236754e-06,0.1439941293126985,0.1200498724278596,0.11525133688319335,0.11388684646638488,0.20295164976682387
2026-03-11,0.0012559513052689201,1.577413681206704e-06,0.1260372366850904,0.10682491168992016,0.11513020288841205,0.11378360139941177,0.20387617886708442
2026-03-12,0.015301420789775961,0.000234133478185788,0.15593261567378394,0.12447783845385081,0.12548985902812484,0.11591385212859849,0.19536728815928395
2026-03-13,0.005676188622551868,3.221911727878727e-05,0.1376752545103287,0.12482122901087235,0.11573936246877108,0.11640692966232301,0.19589672821857426
2026-03-16,0.010125430484197413,0.00010252434249031425,0.14536504008137607,0.1416613671013844,0.12264999047423508,0.11827767570269637,0.1971252814714935
2026-03-17,0.002627101016221855,6.901659749433904e-06,0.15046865383884225,0.13908065044850146,0.12298274593658959,0.11621338009558703,0.19821762766850046
2026-03-18,0.014051912692600945,0.00019745625032047956,0.17280296616263385,0.14344485563197398,0.12929239950890045,0.11866056564700642,0.18862546289335586
2026-03-19,0.0024673819700690397,6.087973786221776e-06,0.14360847810774047,0.14303879056345556,0.1292796940630727,0.11712076462164643,0.18996706854775722
2026-03-20,0.01443952585884218,0.00020849990702817198,0.16934021822240966,0.1455878350928777,0.13200367673612445,0.11967249537605339,0.17892670639451877
2026-03-23,0.010445276906504148,0.00010910380965354885,0.17098559000835067,0.14978000355759763,0.13708971018660523,0.1214064468224191,0.181519517341689
2026-03-24,0.0033624966130463346,1.130638347274807e-05,0.16236317219926863,0.14952974944331196,0.13282941421888703,0.12118983977705385,0.18096570512171378
2026-03-25,0.005557288574735996,3.088345630289124e-05,0.15106668024390463,0.15595656095576163,0.13011238391702235,0.12189745670987887,0.18315740127419916
2026-03-26,0.018020135919566853,0.00032472529855966353,0.19538475618807974,0.16258597510334163,0.14098893537866639,0.12680675000085836,0.16433950562711827
2026-03-27,0.01719894102480063,0.00029580357237457013,0.20542928844501437,0.17763603524789123,0.14949263078711653,0.131068864390739,0.14262294107351695
2026-03-30,0.003349064243429706,1.121623130661939e-05,0.1605859353106318,0.15941147125177288,0.14861948534820263,0.13051673723493684,0.14405049742279047
2026-03-31,0.028653466042465783,0.0008210211162467398,0.3053370197150301,0.23284964695017346,0.1870224509135946,0.14406905684490592,0.11768758757446353
2026-04-01,0.00750622148232205,5.634336094167303e-05,0.3082220227791196,0.22885581570570668,0.1873384189294459,0.1442707157667263,0.11880044391095865
2026-04-02,0.0009000692442135715,8.101246443791899e-07,0.26689325494161015,0.22873857176579412,0.18714813890829698,0.14364133978088015,0.11820897494719716
2026-04-06,0.004715661120724013,2.223745980550805e-05,0.1970472425795317,0.21548418819045642,0.18340791290951328,0.14400043369436283,0.12189637574310422
2026-04-07,0.0004399773016391101,1.9358002595763248e-07,0.1851572212369602,0.2097416833633501,0.17998500790081387,0.14401451939972848,0.1216768442297353
2026-04-08,0.025150609779818547,0.0006325531722967044,0.1611879353739644,0.24119965225553655,0.20295164976682387,0.15278525285316885,0.10130792002301972
2026-04-09,0.005752513692051993,3.309141377724565e-05,0.16182943729655933,0.24124972374091194,0.20387617886708442,0.15325465075308822,0.1042029806097717
2026-04-10,0.0006619995879319516,4.382434544220738e-07,0.16610071017121453,0.21194161705672834,0.19536728815928395,0.15321661832402467,0.10408494300110925
2026-04-13,0.009724956729963633,9.457478339966496e-05,0.16541535977969965,0.1715479177656649,0.19589672821857426,0.154266280780318,0.10209154615350384
2026-04-14,0.012111242670247968,0.0001466821990176351,0.15162654248847346,0.1603974618878674,0.1971252814714935,0.15617731796585282,0.09866272803538244
2026-04-15,0.0078600237887659,6.177997395996587e-05,0.07717655929409396,0.11932191174583953,0.19821762766850046,0.15696973844175963,0.09751425635670613
2026-04-16,0.002454297369362188,6.023575577258155e-06,0.08369697273005022,0.12180580731987317,0.18862546289335586,0.15090681489538083,0.09903623992630359
2026-04-17,0.012013236382059651,0.00014431784837124167,0.06314527994379346,0.11937055569671737,0.18996706854775722,0.15107600555078174,0.10725586715172696
2026-04-20,0.0020016695574076216,4.006681017052424e-06,0.09797825117543925,0.12886177418760855,0.17892670639451877,0.15086635049936903,0.1067106144963636
2026-04-21,0.006568474427903533,4.314485631002265e-05,0.11810773865656427,0.14328070949019742,0.181519517341689,0.1515635862624827,0.10683440973162092
2026-04-22,0.01007576539985774,0.0001015210483929704,0.12499238923258667,0.10286822026696142,0.18096570512171378,0.15256673923913552,0.10695567731183263
2026-04-23,0.0038882734971482065,1.5118670788625144e-05,0.13506386218258543,0.11206620524111319,0.18315740127419916,0.1526492097917966,0.10462386158073185
2026-04-24,0.007719426373887486,5.95895435418697e-05,0.11710733448101239,0.10994730461599579,0.16433950562711827,0.15338940691227196,0.10289932378128622
2026-04-27,0.0017213241598695744,2.962956863350696e-06,0.11389923347964459,0.10752928267050825,0.14262294107351695,0.15332260355281804,0.10407532709523663
2026-04-28,0.004877826001792575,2.3793186503763738e-05,0.10645130468607333,0.10612002219609586,0.14405049742279047,0.15355744783830352,0.10099600667373916
2026-04-29,0.0001545530367001282,2.388664115323117e-08,0.07993967143447978,0.10223691306170725,0.11768758757446353,0.15328253690884383,0.10090670543802306
2026-04-30,0.009900455774975739,9.801902455225046e-05,0.09506169419668933,0.1103869036156654,0.11880044391095865,0.15334542126631112,0.0974929669795689
2026-05-01,0.002765286895853703,7.646811616380209e-06,0.08509677581820534,0.09674087704556777,0.11820897494719716,0.15295353723880398,0.09749184964907219
2026-05-04,0.003670106278149628,1.3469680092913315e-05,0.09385147724477438,0.09875845734728221,0.12189637574310422,0.15068681125006664,0.0948262519623328
2026-05-05,0.007990179213504577,6.384296386392062e-05,0.08921702455412371,0.0931534239482009,0.1216768442297353,0.14670799122225697,0.09886837194515781
2026-05-06,0.013803728106156042,0.00019054290962868225,0.10764338311820398,0.10273970749080767,0.10130792002301972,0.14889247431624533,0.08898520418676154
2026-05-07,0.0030708152880456166,9.429906533294684e-06,0.11811159355764829,0.10124703856200327,0.1042029806097717,0.1489397155722239,0.13215031272413752
2026-05-08,0.008222178062143842,6.760421208559947e-05,0.12207460993494723,0.10190296791566666,0.10408494300110925,0.1496544691782897,0.1291340105306916
2026-05-11,0.0022749958288905154,5.175606021469243e-06,0.10221223523109974,0.10170614457014436,0.10209154615350384,0.14557217180630574,0.12930014492272218
2026-05-12,0.0015160886733100647,2.298524865339072e-06,0.1114959074210726,0.095320206260989,0.09866272803538244,0.14568908090439878,0.14086240126269595
2026-05-13,0.005579255007885031,3.11280864430102e-05,0.07497848661651248,0.09322747079670309,0.09751425635670613,0.14594377096738398,0.15288264493220458
